<?xml version="1.0" encoding="utf-8"?>
<COLLADA xmlns="http://www.collada.org/2005/11/COLLADASchema" version="1.4.1" xmlns:xsi="http://www.w3.org/2001/XMLSchema-instance">
  <asset>
    <contributor>
      <author>Blender User</author>
      <authoring_tool>Blender 4.5.4 LTS commit date:2025-10-27, commit time:12:46, hash:b3efe983cc58</authoring_tool>
    </contributor>
    <created>2025-11-28T16:30:34</created>
    <modified>2025-11-28T16:30:34</modified>
    <unit name="meter" meter="1"/>
    <up_axis>Z_UP</up_axis>
  </asset>
  <library_effects>
    <effect id="Part__Feature469_001-effect">
      <profile_COMMON>
        <technique sid="common">
          <lambert>
            <emission>
              <color sid="emission">0 0 0 1</color>
            </emission>
            <diffuse>
              <color sid="diffuse">0.4980392 0.4980392 0.4980392 1</color>
            </diffuse>
            <index_of_refraction>
              <float sid="ior">1.5</float>
            </index_of_refraction>
          </lambert>
        </technique>
      </profile_COMMON>
    </effect>
  </library_effects>
  <library_images/>
  <library_materials>
    <material id="Part__Feature469_001-material" name="Part__Feature469.001">
      <instance_effect url="#Part__Feature469_001-effect"/>
    </material>
  </library_materials>
  <library_geometries>
    <geometry id="Part__Feature469_001-mesh" name="Part__Feature469.001">
      <mesh>
        <source id="Part__Feature469_001-mesh-positions">
          <float_array id="Part__Feature469_001-mesh-positions-array" count="14046">0.01099967 0 0.01900017 0.01199966 0 0.01800018 0.01199966 8.97288e-4 0.01797777 0.01099967 9.47088e-4 0.01897644 0.01199966 0.001792252 0.01791065 0.01099967 0.001891791 0.01890569 0.01199966 0.002682745 0.01779907 0.01099967 0.002831757 0.01878786 0.01199966 0.003566682 0.01764327 0.01099967 0.003764748 0.01862335 0.01199966 0.004441678 0.01744359 0.01099967 0.004688382 0.01841259 0.01199966 0.005305588 0.01720046 0.01099967 0.005600392 0.01815605 0.01199966 0.006156384 0.01691466 0.01099967 0.006498396 0.01785427 0.01199966 0.006991863 0.01658678 0.01099967 0.007380247 0.01750814 0.01199966 0.007809877 0.01621758 0.01099967 0.008243799 0.01711857 0.01199966 0.008608579 0.01580816 0.01099967 0.009086787 0.01668637 0.01199966 0.009385883 0.0153594 0.01099967 0.009907245 0.0162127 0.01199966 0.01013976 0.01487249 0.01099967 0.01070308 0.01569867 0.01199966 0.01086848 0.01434856 0.01099967 0.01147228 0.01514565 0.01199978 0.01157015 0.01378899 0.01099967 0.01221299 0.01455497 0.01199978 0.01224315 0.01319509 0.01099979 0.0129233 0.01392817 0.01199978 0.01288557 0.01256847 0.01099979 0.01360148 0.01326668 0.01199978 0.0134961 0.01191049 0.01099979 0.01424586 0.01257216 0.01199978 0.01407295 0.01122295 0.01099979 0.01485478 0.01184648 0.01199978 0.01461488 0.01050758 0.01099979 0.01542675 0.01109129 0.01199978 0.01512044 0.009765982 0.01099979 0.01596045 0.0103085 0.01199978 0.01558846 0.009000182 0.01099979 0.01645445 0.009500145 0.0119999 0.01601767 0.00821197 0.01099979 0.01690757 0.008668184 0.0119999 0.01640707 0.007403373 0.01099991 0.01731866 0.007814586 0.0119999 0.01675575 0.006576299 0.01099991 0.01768654 0.006941556 0.0119999 0.01706266 0.005732953 0.01099991 0.01801055 0.006051361 0.0119999 0.01732724 0.004875302 0.01099991 0.01828986 0.005146086 0.0119999 0.01754868 0.004005551 0.01099991 0.01852369 0.004228055 0.0119999 0.01772654 0.003125846 0.01099991 0.01871138 0.003299474 0.01099991 0.01885259 0.002362668 0.0119999 0.01786029 0.002238392 0.0119999 0.0179497 0.001345276 0.01099991 0.01894688 0.001419961 0.01099997 0.01899409 4.73902e-4 0.01200002 0.0179944 4.48897e-4 0.01200002 0.0179944 -4.48599e-4 0.01099997 0.01899409 -4.73499e-4 0.01200002 0.0179497 -0.001344978 0.01099997 0.01894688 -0.001419663 0.01200002 0.01786029 -0.002237975 0.01099997 0.01885259 -0.00236237 0.01200002 0.01772654 -0.003125488 0.01099997 0.01871138 -0.003299057 0.01099997 0.01852369 -0.004227697 0.01200002 0.01754868 -0.004005193 0.01100009 0.01828986 -0.005145788 0.01200008 0.01732724 -0.004874885 0.01100009 0.01801055 -0.006051063 0.01200008 0.01706266 -0.005732595 0.01200008 0.01675575 -0.006575882 0.01100009 0.01768654 -0.006941258 0.01200008 0.01640707 -0.007402956 0.01100009 0.01731866 -0.007814288 0.01200008 0.01601767 -0.008211553 0.01100009 0.01690757 -0.008667767 0.01100009 0.01645445 -0.009499788 0.01200008 0.01558846 -0.008999764 0.01200008 0.01512044 -0.009765565 0.01100021 0.01596045 -0.0103082 0.0120002 0.01461488 -0.01050716 0.01100021 0.01542675 -0.01109099 0.0120002 0.01407295 -0.0112226 0.01100021 0.01485478 -0.01184606 0.01100021 0.01424586 -0.01257187 0.0120002 0.0134961 -0.0119102 0.0120002 0.01288557 -0.01256805 0.01100021 0.01360148 -0.01326626 0.01100021 0.0129233 -0.01392775 0.0120002 0.01224315 -0.01319468 0.0120002 0.01157015 -0.01378858 0.01100021 0.01221299 -0.01455467 0.0120002 0.01086848 -0.0143482 0.01100021 0.01147228 -0.0151453 0.01100027 0.01070308 -0.01569837 0.0120002 0.01013976 -0.01487207 0.0120002 0.009385883 -0.01535898 0.01100027 0.009907245 -0.01621228 0.01100027 0.009086787 -0.01668596 0.01200032 0.008608579 -0.0158078 0.01100027 0.008243799 -0.01711815 0.01200032 0.007809877 -0.01621717 0.01200032 0.006991863 -0.01658636 0.01100027 0.007380247 -0.01750791 0.01100027 0.006498396 -0.01785397 0.01200032 0.006156384 -0.0169143 0.01200032 0.005305588 -0.01720011 0.01100027 0.005600392 -0.01815569 0.01100027 0.004688382 -0.01841229 0.01200032 0.004441678 -0.01744318 0.01200032 0.003566682 -0.01764285 0.01100027 0.003764748 -0.01862311 0.01200032 0.002682745 -0.01779878 0.01100027 0.002831757 -0.01878756 0.01100027 0.001891791 -0.0189054 0.01200032 0.001792252 -0.01791036 0.01200032 8.97288e-4 -0.01797735 0.01100027 9.47088e-4 -0.01897615 0.01100027 0 -0.01899975 0.01200032 0 -0.01799976 0.01199978 0 0.01100015 0.01199978 -5.48303e-4 0.01098644 0.009799778 0 0.01100015 0.009799778 -5.48303e-4 0.01098644 0.01199978 -0.001095175 0.01094549 0.009799778 -0.001095175 0.01094549 0.01199978 -0.001639425 0.01087725 0.009799778 -0.001639425 0.01087725 0.01199978 -0.002179622 0.01078206 0.009799778 -0.002179622 0.010782 0.01199978 -0.002714276 0.01065999 0.009799778 -0.002714276 0.01065999 0.01199978 -0.003242313 0.01051145 0.009799778 -0.003242313 0.01051145 0.01199978 -0.003762185 0.01033675 0.009799778 -0.003762185 0.01033675 0.01199978 -0.004272699 0.01013636 0.009799778 -0.004272699 0.01013636 0.01199978 -0.004772722 0.009910762 0.009799778 -0.004772722 0.009910762 0.009799778 -0.005260825 0.009660601 0.01199978 -0.005260825 0.009660601 0.009799778 -0.005735814 0.00938636 0.01199978 -0.005735814 0.00938636 0.01199978 -0.006196498 0.009088754 0.009799778 -0.006196498 0.009088754 0.01199978 -0.006641805 0.008768558 0.009799778 -0.006641805 0.008768558 0.01199978 -0.0070706 0.008426666 0.009799778 -0.0070706 0.008426547 0.0119999 -0.007481873 0.008063793 0.009799778 -0.007481873 0.008063673 0.0119999 -0.007874488 0.007680773 0.009799778 -0.007874488 0.007680773 0.0119999 -0.008247613 0.00727868 0.009799778 -0.008247613 0.00727868 0.0119999 -0.008600115 0.006858587 0.009799897 -0.008600115 0.006858468 0.0119999 -0.008931279 0.006421387 0.009799897 -0.008931279 0.006421267 0.0119999 -0.00924021 0.005968153 0.009799897 -0.00924021 0.005968153 0.009799897 -0.009526312 0.005500197 0.0119999 -0.009526312 0.005500197 0.0119999 -0.009788572 0.005018472 0.009799897 -0.009788572 0.005018472 0.009799897 -0.01002651 0.00452429 0.0119999 -0.01002651 0.00452435 0.0119999 -0.0102396 0.004018843 0.009799897 -0.0102396 0.004018843 0.0119999 -0.01042717 0.003503501 0.009799897 -0.01042717 0.003503501 0.0119999 -0.01058882 0.002979397 0.009799897 -0.01058882 0.002979397 0.0119999 -0.01072418 0.002447843 0.009799897 -0.01072418 0.002447843 0.0119999 -0.0108329 0.001910269 0.009799897 -0.0108329 0.001910269 0.0119999 -0.01091462 0.001367986 0.009800016 -0.01091462 0.001367866 0.01200002 -0.01096922 8.22201e-4 0.009800016 -0.01096922 8.22201e-4 0.009800016 -0.01099658 2.7439e-4 0.01200002 -0.01099658 2.7439e-4 0.01200002 -0.01099658 -2.74003e-4 0.009800016 -0.01099658 -2.74107e-4 0.009800016 -0.01096922 -8.21903e-4 0.01200002 -0.01096922 -8.21799e-4 0.01200002 -0.01091462 -0.001367568 0.009800016 -0.01091462 -0.001367568 0.009800016 -0.0108329 -0.001909971 0.01200002 -0.0108329 -0.001909852 0.01200002 -0.01072418 -0.002447485 0.009800016 -0.01072418 -0.002447605 0.01200002 -0.01058882 -0.002979099 0.009800016 -0.01058882 -0.002979099 0.009800016 -0.01042717 -0.003503203 0.01200002 -0.01042717 -0.003503203 0.01200002 -0.0102396 -0.004018604 0.009800076 -0.0102396 -0.004018604 0.009800076 -0.01002651 -0.004523992 0.01200002 -0.01002651 -0.004523992 0.01200008 -0.009788572 -0.005018055 0.009800076 -0.009788572 -0.005018174 0.009800076 -0.009526312 -0.00549978 0.01200008 -0.009526312 -0.00549978 0.01200008 -0.00924021 -0.005967795 0.009800076 -0.00924021 -0.005967855 0.01200008 -0.008931279 -0.006420969 0.009800076 -0.008931279 -0.006420969 0.01200008 -0.008600115 -0.00685817 0.009800076 -0.008600115 -0.00685817 0.01200008 -0.008247613 -0.007278382 0.009800076 -0.008247613 -0.007278382 0.01200008 -0.007874488 -0.007680356 0.009800076 -0.007874488 -0.007680475 0.01200008 -0.007481873 -0.008063375 0.009800076 -0.007481873 -0.008063375 0.01200008 -0.0070706 -0.008426308 0.009800076 -0.0070706 -0.008426308 0.009800076 -0.006641805 -0.00876826 0.01200008 -0.006641805 -0.00876826 0.01200008 -0.006196498 -0.009088397 0.009800076 -0.006196498 -0.009088456 0.009800076 -0.005735814 -0.009386003 0.01200008 -0.005735814 -0.009386003 0.01200008 -0.005260825 -0.009660184 0.009800076 -0.005260825 -0.009660303 0.01200008 -0.004772722 -0.009910464 0.009800076 -0.004772722 -0.009910464 0.0120002 -0.004272699 -0.010136 0.009800076 -0.004272699 -0.01013606 0.0120002 -0.003762185 -0.01033639 0.009800076 -0.003762185 -0.01033645 0.0120002 -0.003242313 -0.0105111 0.009800076 -0.003242313 -0.01051115 0.0120002 -0.002714276 -0.01065969 0.009800076 -0.002714276 -0.01065969 0.0120002 -0.002179622 -0.0107817 0.009800076 -0.002179622 -0.0107817 0.0120002 -0.001639425 -0.01087695 0.009800076 -0.001639425 -0.01087695 0.0120002 -0.001095175 -0.01094508 0.009800076 -0.001095175 -0.0109452 0.009800076 -5.48303e-4 -0.0109862 0.0120002 -5.48303e-4 -0.01098608 0.0120002 0 -0.01099979 0.009800076 0 -0.01099979 -2.98023e-7 8.865e-4 0.01897925 -2.98023e-7 0 0.01899999 -2.98023e-7 0.001771092 0.01891726 -2.98023e-7 0.002651751 0.01881396 -2.98023e-7 0.003526687 0.01866978 -2.98023e-7 0.004393875 0.01848489 -2.98023e-7 0.005251586 0.01825976 -2.98023e-7 0.006097793 0.01799488 -2.98023e-7 0.006930768 0.01769077 -2.98023e-7 0.007748544 0.01734817 -2.98023e-7 0.008549571 0.01696765 -2.98023e-7 0.009332001 0.01655036 -2.98023e-7 0.01009398 0.01609688 -2.98023e-7 0.01083397 0.01560848 0.0048756 0.01157337 0.01506847 0.005060076 0.01160156 0.01504689 0.004688382 0.01155626 0.01508158 0.005169093 0.01162356 0.01502984 0.005297899 0.01165497 0.01500546 0.004499673 0.01155048 0.01508599 0.005448818 0.01169967 0.0149706 0.005624771 0.01176339 0.01492065 0.00571829 0.01180249 0.01488965 0.005818009 0.01184874 0.01485288 0.005923688 0.01190328 0.01480925 0.006034314 0.01196676 0.01475799 0.006149172 0.01204085 0.01469767 0.006267786 0.01212698 0.01462656 0.006389319 0.01222765 0.01454257 0.00651127 0.0123443 0.01444369 0.006569981 0.01240748 0.01438945 -2.98023e-7 0.01155048 0.01508599 0.006627321 0.01247465 0.01433128 0.006682991 0.01254618 0.01426869 0.006736576 0.01262235 0.0142014 0.006787598 0.01270347 0.01412886 0.006835401 0.01278984 0.01405066 0.006878972 0.01288145 0.01396679 0.006916224 0.01297426 0.01388055 0.006946384 0.01306694 0.01379334 0.006969988 0.01316046 0.01370418 0.006986796 0.01325368 0.01361405 0.006996512 0.01334434 0.01352518 0.00699979 0.01343506 0.01343506 0.006993174 0.01356267 0.01330626 0.006973505 0.01368808 0.01317727 0.006940901 0.01381099 0.01304835 0.006915092 0.01388335 0.01297128 0.006878495 0.01396805 0.01287996 0.006826221 0.01406675 0.0127722 0.006751775 0.01418066 0.01264548 0.00670582 0.01424098 0.01257765 0.006651282 0.01430505 0.01250469 0.00658679 0.01437276 0.01242679 0.006510972 0.01444387 0.01234406 0.006422221 0.01451754 0.01225739 0.006318271 0.0145933 0.01216715 0.006196379 0.01467049 0.01207387 0.006080508 0.01473456 0.01199555 0.005958616 0.01479369 0.01192259 0.006488621 0.01527047 0.01130557 0.00700891 0.01572436 0.01066517 0.007376372 0.01603716 0.01018875 0.007737398 0.01633805 0.009698867 0.008090078 0.01662647 0.009195744 0.008432209 0.01690095 0.008681058 0.008762478 0.01716125 0.008154153 0.009079813 0.01740747 0.007614672 0.009382784 0.01763916 0.0070616 0.009638607 0.01783269 0.006557583 0.009821295 0.01796984 0.006171464 0.00999552 0.0181002 0.005777955 0.0101605 0.01822346 0.005376398 0.01031529 0.01833945 0.004966497 0.01045846 0.01844757 0.004548549 0.01058828 0.01854705 0.004124045 0.01070332 0.01863759 0.00369358 0.01080209 0.01871889 0.003256559 0.01085811 0.01876956 0.002950251 0.01090216 0.01881545 0.002641677 0.01094651 0.01887118 0.002208054 0.01097869 0.01892638 0.001670777 0.01099377 0.01896619 0.00113368 0.01099902 0.01899069 5.97402e-4 0.0109995 0.01899987 6.16908e-5 0.01099932 0.01899409 -4.73604e-4 0.01099568 0.01897329 -0.001008391 0.01098549 0.01894199 -0.001483082 0.010971 0.01891076 -0.001838684 0.01094788 0.01887285 -0.002193868 0.01091361 0.01882827 -0.002548575 0.0108022 0.01871889 -0.003256201 0.01086586 0.01877695 -0.002902805 0.0107451 0.01867127 -0.0035187 0.01068186 0.01862037 -0.003778874 0.0105493 0.01851677 -0.004257559 0.0103811 0.01838886 -0.004779875 0.01018172 0.0182392 -0.005322694 0.009923219 0.01804596 -0.005944967 0.009610474 0.01781135 -0.006614685 0.00927478 0.01755666 -0.007263958 0.008877873 0.01725089 -0.007963299 0.008410692 0.01688349 -0.008714973 0.007919669 0.01648759 -0.009442269 0.007352888 0.01601707 -0.01022017 0.006705224 0.01546078 -0.0110436 0.006043195 0.01487034 -0.01182657 0.005369901 0.01424568 -0.0125721 0.004688024 0.01358604 -0.01328217 0.004000186 0.01289057 -0.01395815 2.08616e-7 0.0121811 -0.0145815 2.08616e-7 0.01289057 -0.01395815 2.08616e-7 0.01144146 -0.01516878 2.98023e-7 0.0106737 -0.01571857 2.98023e-7 0.00987935 -0.01622951 2.98023e-7 0.0090608 -0.01670038 2.98023e-7 0.008219659 -0.01712995 2.98023e-7 0.007358372 -0.01751726 2.98023e-7 0.006478846 -0.0178613 2.98023e-7 0.005583345 -0.01816105 2.98023e-7 0.004673957 -0.0184161 2.98023e-7 0.003753185 -0.01862555 2.98023e-7 0.002822995 -0.01878911 2.98023e-7 0.00188589 -0.01890617 2.98023e-7 9.44078e-4 -0.0189765 2.98023e-7 0 -0.01899999 0.00561732 0.02149999 9.50098e-4 0 0.02140069 9.44793e-4 0 0.02149999 9.49994e-4 0.005739688 0.02135747 9.39503e-4 0 0.02130246 9.29192e-4 0.0058645 0.02122068 9.08092e-4 0 0.02120649 9.03502e-4 0 0.02111357 8.67888e-4 0.00599122 0.02108997 8.571e-4 0 0.021025 8.22693e-4 0.00606662 0.0210157 8.17493e-4 0 0.02094155 7.68602e-4 0.006155788 0.02093106 7.61002e-4 0 0.02086436 7.06002e-4 0.006260275 0.02083617 6.79702e-4 0 0.02079409 6.35698e-4 0.006378471 0.02073377 5.61997e-4 0 0.02073144 5.58391e-4 0.00643748 0.02068448 4.87491e-4 0 0.02067726 4.74989e-4 0.006495714 0.02063709 3.97399e-4 0 0.02063214 3.86402e-4 0.006548464 0.02059507 2.88501e-4 0 0.02059644 2.93598e-4 0 0.02057075 1.975e-4 0.006587684 0.02056449 1.643e-4 0 0.02055519 9.93013e-5 0.006605267 0.02055096 4.13954e-5 0 0.02054995 0 0.006601274 0.02055406 -8.74996e-5 0 0.02055519 -9.93013e-5 0 0.02057075 -1.975e-4 0.006573677 0.02057534 -2.18004e-4 0 0.02059644 -2.93598e-4 0.006519973 0.02061778 -3.52204e-4 0 0.02063214 -3.86402e-4 0.006438076 0.02068406 -4.86597e-4 0 0.02067726 -4.75004e-4 0 0.02073144 -5.58406e-4 0.006330609 0.02077466 -6.136e-4 0 0.02079409 -6.35698e-4 0.006268978 0.02082848 -6.71908e-4 0 0.02086436 -7.06002e-4 0.00620228 0.02088826 -7.267e-4 0 0.02094155 -7.68602e-4 0.006133496 0.02095198 -7.76008e-4 0 0.021025 -8.22708e-4 0.006062567 0.02101957 -8.19609e-4 0.005989909 0.02109116 -8.57502e-4 0 0.02111357 -8.67903e-4 0.005915701 0.02116698 -8.89599e-4 0 0.02120649 -9.03502e-4 0.005842804 0.02124387 -9.14797e-4 0 0.02130246 -9.29207e-4 0.005771577 0.02132165 -9.332e-4 0 0.02140069 -9.44808e-4 0.005693972 0.02140969 -9.45702e-4 0 0.02149999 -9.50009e-4 0.00561738 0.02149999 -9.49904e-4 0.009800016 0.007999956 0.001500189 0.009800016 0.007901847 0.001496851 0.004499912 0.007999956 0.00150007 0.004499912 0.007901847 0.001496851 0.009800016 0.007804274 0.001487255 0.004499912 0.007804274 0.001487195 0.009800016 0.007707357 0.001471281 0.004499912 0.007707357 0.001471161 0.009800016 0.007611751 0.001448988 0.004499912 0.007611751 0.001448988 0.009800016 0.007517874 0.001420497 0.004499912 0.007517874 0.001420497 0.009800016 0.007425963 0.001385986 0.004499912 0.007425963 0.001385867 0.009800016 0.007336556 0.001345455 0.004499912 0.007336556 0.001345396 0.009800016 0.007249951 0.001299202 0.004499912 0.007249951 0.001299083 0.009800016 0.007166683 0.001247346 0.004499912 0.007166683 0.001247286 0.009800016 0.007086873 0.001190185 0.004499912 0.007086873 0.001190066 0.009800016 0.007010996 0.001127898 0.004499912 0.007010996 0.001127779 0.009800016 0.006939351 0.001060783 0.004499912 0.006939351 0.001060664 0.009800016 0.006872296 9.89199e-4 0.004499971 0.006872296 9.89094e-4 0.009800016 0.006809949 9.13292e-4 0.004499971 0.006809949 9.13203e-4 0.009800016 0.006752789 8.33496e-4 0.004499971 0.006752789 8.33392e-4 0.009800016 0.006700992 7.50199e-4 0.004499971 0.006700992 7.50095e-4 0.009800016 0.006654679 6.63593e-4 0.004499971 0.006654679 6.63504e-4 0.009800016 0.006614148 5.74201e-4 0.004499971 0.006614148 5.74097e-4 0.009800016 0.006579577 4.82291e-4 0.004499971 0.006579577 4.82202e-4 0.009800016 0.006551086 3.88399e-4 0.004499971 0.006551086 3.88294e-4 0.004499971 0.006528854 2.92704e-4 0.009800016 0.006528854 2.92793e-4 0.004499971 0.00651288 1.95891e-4 0.009800016 0.00651288 1.95891e-4 0.004499971 0.006503283 9.81986e-5 0.009800016 0.006503283 9.8303e-5 0.004499971 0.006499946 0 0.009800016 0.006499946 1.93715e-7 0.009800016 0.006503283 -9.79006e-5 0.004499971 0.006503283 -9.80049e-5 0.004499971 0.00651288 -1.95697e-4 0.009800016 0.00651288 -1.95608e-4 0.004499971 0.006528854 -2.92599e-4 0.009800016 0.006528854 -2.9251e-4 0.004499971 0.006551086 -3.88205e-4 0.009800016 0.006551086 -3.88101e-4 0.004499971 0.006579577 -4.82112e-4 0.009800016 0.006579577 -4.82008e-4 0.004499971 0.006614148 -5.74008e-4 0.009800016 0.006614148 -5.73903e-4 0.009800016 0.006654679 -6.6331e-4 0.004499971 0.006654679 -6.634e-4 0.004499971 0.006700992 -7.49901e-4 0.009800016 0.006700992 -7.49797e-4 0.004499971 0.006752789 -8.33303e-4 0.009800016 0.006752789 -8.33198e-4 0.004499971 0.006809949 -9.13113e-4 0.009800016 0.006809949 -9.13009e-4 0.004499971 0.006872296 -9.89005e-4 0.009800016 0.006872296 -9.88901e-4 0.004499971 0.006939351 -0.001060605 0.009800016 0.006939351 -0.001060485 0.009800016 0.007010996 -0.0011276 0.004499971 0.007010996 -0.00112766 0.004499971 0.007086873 -0.001190006 0.009800016 0.007086873 -0.001189887 0.004499971 0.007166683 -0.001247107 0.009800016 0.007166683 -0.001247107 0.004499971 0.007249951 -0.001298964 0.009800016 0.007249951 -0.001298904 0.004499971 0.007336556 -0.001345157 0.009800016 0.007336556 -0.001345157 0.004499971 0.007425963 -0.001385807 0.009800016 0.007425963 -0.001385688 0.004499971 0.007517874 -0.001420259 0.009800016 0.007517874 -0.001420199 0.004499971 0.007611751 -0.00144881 0.009800016 0.007611751 -0.00144869 0.004499971 0.007707357 -0.001471102 0.009800016 0.007707357 -0.001470983 0.004499971 0.007804274 -0.001487076 0.009800016 0.007804274 -0.001486957 0.004499971 0.007901847 -0.001496672 0.009800016 0.007901847 -0.001496553 0.004499971 0.007999956 -0.001499891 0.009800016 0.007999956 -0.001499772 0.009800076 0 -0.006499767 0.009800076 -9.81092e-5 -0.006503105 0.004500091 0 -0.006499886 0.004500091 -9.81092e-5 -0.006503105 0.009800076 -1.95712e-4 -0.006512701 0.004500091 -1.95712e-4 -0.006512761 0.009800076 -2.92599e-4 -0.006528675 0.004500091 -2.92599e-4 -0.006528794 0.009800076 -3.88205e-4 -0.006550967 0.004500091 -3.88205e-4 -0.006550967 0.009800076 -4.82112e-4 -0.006579458 0.004500091 -4.82112e-4 -0.006579458 0.009800076 -5.74023e-4 -0.006613969 0.004500091 -5.74023e-4 -0.006614089 0.009800076 -6.63429e-4 -0.0066545 0.004500091 -6.63429e-4 -0.00665456 0.009800076 -7.50005e-4 -0.006700754 0.004500091 -7.50005e-4 -0.006700873 0.009800076 -8.33303e-4 -0.00675261 0.004500091 -8.33303e-4 -0.006752669 0.009800076 -9.13113e-4 -0.006809771 0.004500091 -9.13113e-4 -0.00680989 0.009800076 -9.8902e-4 -0.006872057 0.004500091 -9.8902e-4 -0.006872177 0.009800076 -0.001060605 -0.006939172 0.004500091 -0.001060605 -0.006939291 0.009800076 -0.001127719 -0.007010757 0.004500091 -0.001127719 -0.007010877 0.009800076 -0.001190006 -0.007086694 0.004500091 -0.001190006 -0.007086753 0.009800076 -0.001247167 -0.007166504 0.004500091 -0.001247167 -0.007166564 0.009800076 -0.001299023 -0.007249772 0.004500091 -0.001299023 -0.007249891 0.009800076 -0.001345276 -0.007336378 0.004500091 -0.001345276 -0.007336497 0.009800076 -0.001385807 -0.007425785 0.004500091 -0.001385807 -0.007425904 0.009800076 -0.001420378 -0.007517695 0.004500091 -0.001420378 -0.007517755 0.009800076 -0.001448869 -0.007611572 0.004500091 -0.001448869 -0.007611691 0.004500091 -0.001471102 -0.007707297 0.009800076 -0.001471102 -0.007707178 0.004500091 -0.001487076 -0.007804095 0.009800076 -0.001487076 -0.007804095 0.004500091 -0.001496672 -0.007901787 0.009800076 -0.001496672 -0.007901668 0.004500091 -0.00150001 -0.007999897 0.009800076 -0.00150001 -0.007999777 0.009800076 -0.001496672 -0.008097887 0.004500091 -0.001496672 -0.008098006 0.004500091 -0.001487076 -0.008195698 0.009800076 -0.001487076 -0.008195579 0.004500091 -0.001471102 -0.008292555 0.009800076 -0.001471102 -0.008292496 0.004500091 -0.001448869 -0.008388161 0.009800076 -0.001448869 -0.008388102 0.004500091 -0.001420378 -0.008482098 0.009800076 -0.001420378 -0.008481979 0.004500091 -0.001385807 -0.008574008 0.009800076 -0.001385807 -0.008573889 0.009800076 -0.001345276 -0.008663296 0.004500091 -0.001345276 -0.008663356 0.004500091 -0.001299023 -0.008749902 0.009800076 -0.001299023 -0.008749783 0.004500091 -0.001247167 -0.008833289 0.009800076 -0.001247167 -0.008833169 0.004500091 -0.001190006 -0.008913099 0.009800076 -0.001190006 -0.00891298 0.004500091 -0.001127719 -0.008988976 0.009800076 -0.001127719 -0.008988857 0.004500091 -0.001060605 -0.009060561 0.009800076 -0.001060605 -0.009060502 0.009800076 -9.8902e-4 -0.009127557 0.004500091 -9.8902e-4 -0.009127676 0.004500091 -9.13113e-4 -0.009189963 0.009800076 -9.13113e-4 -0.009189903 0.004500091 -8.33303e-4 -0.009247064 0.009800076 -8.33303e-4 -0.009247064 0.004500091 -7.50005e-4 -0.00929898 0.009800076 -7.50005e-4 -0.009298861 0.004500091 -6.63429e-4 -0.009345173 0.009800076 -6.63429e-4 -0.009345173 0.004500091 -5.74023e-4 -0.009385764 0.009800076 -5.74023e-4 -0.009385704 0.004500091 -4.82112e-4 -0.009420275 0.009800076 -4.82112e-4 -0.009420156 0.004500091 -3.88205e-4 -0.009448766 0.009800076 -3.88205e-4 -0.009448707 0.004500091 -2.92599e-4 -0.009471058 0.009800076 -2.92599e-4 -0.009470999 0.004500091 -1.95712e-4 -0.009487092 0.009800076 -1.95712e-4 -0.009486973 0.004500091 -9.81092e-5 -0.009496688 0.009800076 -9.81092e-5 -0.009496569 0.004500091 0 -0.009499907 0.009800076 0 -0.009499788 0.009800016 -0.008000016 0.001500189 0.009800016 -0.008098125 0.001496851 0.004499912 -0.008000016 0.00150007 0.004499912 -0.008098125 0.001496851 0.009800016 -0.008195698 0.001487255 0.004499912 -0.008195698 0.001487195 0.009800016 -0.008292615 0.001471281 0.004499912 -0.008292615 0.001471161 0.009800016 -0.008388221 0.001448988 0.004499912 -0.008388221 0.001448988 0.009800016 -0.008482098 0.001420497 0.004499912 -0.008482098 0.001420497 0.009800016 -0.008574008 0.001385986 0.004499912 -0.008574008 0.001385867 0.009800016 -0.008663415 0.001345455 0.004499912 -0.008663415 0.001345396 0.009800016 -0.008750021 0.001299202 0.004499912 -0.008750021 0.001299083 0.009800016 -0.008833289 0.001247346 0.004499912 -0.008833289 0.001247286 0.009800016 -0.008913099 0.001190185 0.004499912 -0.008913099 0.001190066 0.009800016 -0.008988976 0.001127898 0.004499912 -0.008988976 0.001127779 0.009800016 -0.009060621 0.001060783 0.004499912 -0.009060621 0.001060664 0.009800016 -0.009127676 9.89199e-4 0.004499912 -0.009127676 9.89094e-4 0.009800016 -0.009190022 9.13292e-4 0.004499912 -0.009190022 9.13203e-4 0.009800016 -0.009247183 8.33496e-4 0.004499971 -0.009247183 8.33392e-4 0.009800016 -0.00929898 7.50199e-4 0.004499971 -0.00929898 7.50095e-4 0.009800016 -0.009345293 6.63593e-4 0.004499971 -0.009345293 6.63504e-4 0.009800016 -0.009385824 5.74201e-4 0.004499971 -0.009385824 5.74097e-4 0.004499971 -0.009420394 4.82202e-4 0.009800016 -0.009420394 4.82291e-4 0.009800016 -0.009448885 3.88399e-4 0.004499971 -0.009448885 3.88294e-4 0.009800016 -0.009471118 2.92793e-4 0.004499971 -0.009471118 2.92704e-4 0.004499971 -0.009487092 1.95891e-4 0.009800016 -0.009487092 1.95891e-4 0.004499971 -0.009496688 9.81986e-5 0.009800016 -0.009496688 9.8303e-5 0.004499971 -0.009499967 0 0.009800016 -0.009499967 1.93715e-7 0.004499971 -0.009496688 -9.80049e-5 0.009800016 -0.009496688 -9.79006e-5 0.004499971 -0.009487092 -1.95697e-4 0.009800016 -0.009487092 -1.95608e-4 0.009800016 -0.009471118 -2.9251e-4 0.004499971 -0.009471118 -2.92599e-4 0.004499971 -0.009448885 -3.88205e-4 0.009800016 -0.009448885 -3.88101e-4 0.004499971 -0.009420394 -4.82112e-4 0.009800016 -0.009420394 -4.82008e-4 0.004499971 -0.009385824 -5.74008e-4 0.009800016 -0.009385824 -5.73903e-4 0.004499971 -0.009345293 -6.634e-4 0.009800016 -0.009345293 -6.6331e-4 0.009800016 -0.00929898 -7.49797e-4 0.004499971 -0.00929898 -7.49901e-4 0.004499971 -0.009247183 -8.33303e-4 0.009800016 -0.009247183 -8.33198e-4 0.004499971 -0.009190022 -9.13113e-4 0.009800016 -0.009190022 -9.13009e-4 0.004499971 -0.009127676 -9.89005e-4 0.009800016 -0.009127676 -9.88901e-4 0.004499971 -0.009060621 -0.001060605 0.009800016 -0.009060621 -0.001060485 0.009800016 -0.008988976 -0.0011276 0.004499971 -0.008988976 -0.00112766 0.004499971 -0.008913099 -0.001190006 0.009800016 -0.008913099 -0.001189887 0.004499971 -0.008833289 -0.001247107 0.009800016 -0.008833289 -0.001247107 0.009800016 -0.008750021 -0.001298904 0.004499971 -0.008750021 -0.001298964 0.004499971 -0.008663415 -0.001345157 0.009800016 -0.008663415 -0.001345157 0.009800016 -0.008574008 -0.001385688 0.004499971 -0.008574008 -0.001385807 0.004499971 -0.008482098 -0.001420259 0.009800016 -0.008482098 -0.001420199 0.004499971 -0.008388221 -0.00144881 0.009800016 -0.008388221 -0.00144869 0.004499971 -0.008292615 -0.001471102 0.009800016 -0.008292615 -0.001470983 0.004499971 -0.008195698 -0.001487076 0.009800016 -0.008195698 -0.001486957 0.004499971 -0.008098125 -0.001496672 0.009800016 -0.008098125 -0.001496553 0.004499971 -0.008000016 -0.001499891 0.009800016 -0.008000016 -0.001499772 0.009799778 0 0.009500145 0.009799778 -9.81092e-5 0.009496867 0.004499793 0 0.009500086 0.004499793 -9.81092e-5 0.009496867 0.009799778 -1.95712e-4 0.009487271 0.004499793 -1.95712e-4 0.009487152 0.009799778 -2.92599e-4 0.009471297 0.004499793 -2.92599e-4 0.009471178 0.009799778 -3.88205e-4 0.009448945 0.004499793 -3.88205e-4 0.009448945 0.009799778 -4.82112e-4 0.009420454 0.004499793 -4.82112e-4 0.009420454 0.009799778 -5.74023e-4 0.009386003 0.004499793 -5.74023e-4 0.009385883 0.009799778 -6.63429e-4 0.009345471 0.004499793 -6.63429e-4 0.009345352 0.009799778 -7.50005e-4 0.009299159 0.004499793 -7.50005e-4 0.009299099 0.009799778 -8.33303e-4 0.009247362 0.004499793 -8.33303e-4 0.009247303 0.009799778 -9.13113e-4 0.009190201 0.004499793 -9.13113e-4 0.009190082 0.009799778 -9.8902e-4 0.009127855 0.004499793 -9.8902e-4 0.009127795 0.009799778 -0.001060605 0.0090608 0.004499793 -0.001060605 0.00906068 0.009799778 -0.001127719 0.008989155 0.004499793 -0.001127719 0.008989095 0.009799778 -0.001190006 0.008913278 0.004499793 -0.001190006 0.008913159 0.009799778 -0.001247167 0.008833467 0.004499793 -0.001247167 0.008833348 0.009799778 -0.001299023 0.0087502 0.004499793 -0.001299023 0.008750081 0.009799778 -0.001345276 0.008663594 0.004499793 -0.001345276 0.008663475 0.009799778 -0.001385807 0.008574187 0.004499793 -0.001385807 0.008574068 0.009799778 -0.001420378 0.008482277 0.004499793 -0.001420378 0.008482158 0.009799778 -0.001448869 0.0083884 0.004499793 -0.001448869 0.00838828 0.004499793 -0.001471102 0.008292675 0.009799778 -0.001471102 0.008292794 0.004499912 -0.001487076 0.008195877 0.009799778 -0.001487076 0.008195877 0.004499912 -0.001496672 0.008098185 0.009799778 -0.001496672 0.008098304 0.004499912 -0.00150001 0.008000075 0.009799778 -0.00150001 0.008000195 0.009799778 -0.001496672 0.007902085 0.004499912 -0.001496672 0.007901966 0.004499912 -0.001487076 0.007804274 0.009799778 -0.001487076 0.007804393 0.004499912 -0.001471102 0.007707357 0.009799778 -0.001471102 0.007707476 0.004499912 -0.001448869 0.007611751 0.009799778 -0.001448869 0.00761187 0.004499912 -0.001420378 0.007517874 0.009799778 -0.001420378 0.007517993 0.004499912 -0.001385807 0.007425963 0.009799778 -0.001385807 0.007426083 0.009799778 -0.001345276 0.007336676 0.004499912 -0.001345276 0.007336556 0.004499912 -0.001299023 0.00725007 0.009799778 -0.001299023 0.007250189 0.004499912 -0.001247167 0.007166683 0.009799897 -0.001247167 0.007166802 0.004499912 -0.001190006 0.007086873 0.009799897 -0.001190006 0.007086992 0.004499912 -0.001127719 0.007010996 0.009799897 -0.001127719 0.007011055 0.004499912 -0.001060605 0.006939351 0.009799897 -0.001060605 0.00693947 0.009799897 -9.8902e-4 0.006872355 0.004499912 -9.8902e-4 0.006872296 0.004499912 -9.13113e-4 0.006809949 0.009799897 -9.13113e-4 0.006810069 0.004499912 -8.33303e-4 0.006752848 0.009799897 -8.33303e-4 0.006752848 0.004499912 -7.50005e-4 0.006700992 0.009799897 -7.50005e-4 0.006701052 0.004499912 -6.63429e-4 0.006654798 0.009799897 -6.63429e-4 0.006654798 0.004499912 -5.74023e-4 0.006614148 0.009799897 -5.74023e-4 0.006614267 0.004499912 -4.82112e-4 0.006579697 0.009799897 -4.82112e-4 0.006579756 0.004499912 -3.88205e-4 0.006551146 0.009799897 -3.88205e-4 0.006551265 0.004499912 -2.92599e-4 0.006528854 0.009799897 -2.92599e-4 0.006528973 0.004499912 -1.95712e-4 0.00651288 0.009799897 -1.95712e-4 0.006512999 0.004499912 -9.81092e-5 0.006503283 0.009799897 -9.81092e-5 0.006503403 0.004499912 0 0.006500065 0.009799897 0 0.006500184 0.0120002 0 -0.01349979 0.0120002 -9.81092e-5 -0.01350295 0.005000174 0 -0.01349985 0.005000174 -9.81092e-5 -0.01350307 0.0120002 -1.95712e-4 -0.01351255 0.005000174 -1.95712e-4 -0.01351279 0.0120002 -2.92599e-4 -0.01352858 0.005000174 -2.92599e-4 -0.0135287 0.0120002 -3.88205e-4 -0.01355087 0.005000174 -3.88205e-4 -0.01355099 0.0120002 -4.82112e-4 -0.01357936 0.005000174 -4.82112e-4 -0.01357948 0.0120002 -5.74023e-4 -0.01361399 0.005000174 -5.74023e-4 -0.01361405 0.0120002 -6.63429e-4 -0.01365447 0.005000174 -6.63429e-4 -0.01365458 0.005000174 -7.50005e-4 -0.0137009 0.0120002 -7.50005e-4 -0.01370078 0.0120002 -8.33303e-4 -0.01375257 0.005000174 -8.33303e-4 -0.01375269 0.0120002 -9.13113e-4 -0.0138098 0.005000174 -9.13113e-4 -0.01380985 0.0120002 -9.8902e-4 -0.01387208 0.005000174 -9.8902e-4 -0.0138722 0.0120002 -0.001060605 -0.01393908 0.005000174 -0.001060605 -0.01393926 0.0120002 -0.001127719 -0.01401078 0.005000174 -0.001127719 -0.0140109 0.0120002 -0.001190006 -0.01408666 0.005000174 -0.001190006 -0.01408678 0.0120002 -0.001247167 -0.01416647 0.005000174 -0.001247167 -0.01416659 0.0120002 -0.001299023 -0.0142498 0.005000174 -0.001299023 -0.01424986 0.0120002 -0.001345276 -0.0143364 0.005000174 -0.001345276 -0.01433646 0.005000174 -0.001385807 -0.01442587 0.0120002 -0.001385807 -0.01442575 0.005000174 -0.001420378 -0.01451778 0.0120002 -0.001420378 -0.01451766 0.0120002 -0.001448869 -0.0146116 0.005000174 -0.001448869 -0.01461166 0.005000174 -0.001471102 -0.01470726 0.0120002 -0.001471102 -0.0147072 0.005000174 -0.001487076 -0.01480406 0.0120002 -0.001487076 -0.014804 0.005000174 -0.001496672 -0.01490175 0.0120002 -0.001496672 -0.01490169 0.005000174 -0.00150001 -0.01499986 0.0120002 -0.00150001 -0.0149998 0.005000174 -0.001496672 -0.01509797 0.0120002 -0.001496672 -0.01509785 0.0120002 -0.001487076 -0.0151956 0.005000174 -0.001487076 -0.01519566 0.005000174 -0.001471102 -0.01529258 0.0120002 -0.001471102 -0.01529246 0.0120002 -0.001448869 -0.01538795 0.005000174 -0.001448869 -0.01538819 0.005000174 -0.001420378 -0.01548206 0.0120002 -0.001420378 -0.015482 0.005000293 -0.001385807 -0.01557385 0.01200032 -0.001385807 -0.01557379 0.005000293 -0.001345276 -0.01566338 0.01200032 -0.001345276 -0.0156632 0.005000293 -0.001299023 -0.01574987 0.01200032 -0.001299023 -0.01574975 0.01200032 -0.001247167 -0.01583319 0.005000293 -0.001247167 -0.01583325 0.01200032 -0.001190006 -0.01591289 0.005000293 -0.001190006 -0.01591306 0.005000293 -0.001127719 -0.01598888 0.01200032 -0.001127719 -0.01598876 0.005000293 -0.001060605 -0.01606059 0.01200032 -0.001060605 -0.01606047 0.005000293 -9.8902e-4 -0.0161277 0.01200032 -9.8902e-4 -0.01612758 0.005000293 -9.13113e-4 -0.01618999 0.01200032 -9.13113e-4 -0.01618975 0.01200032 -8.33303e-4 -0.01624697 0.005000293 -8.33303e-4 -0.01624709 0.005000293 -7.50005e-4 -0.016299 0.01200032 -7.50005e-4 -0.01629877 0.005000293 -6.63429e-4 -0.0163452 0.01200032 -6.63429e-4 -0.01634508 0.005000293 -5.74023e-4 -0.01638567 0.01200032 -5.74023e-4 -0.01638555 0.01200032 -4.82112e-4 -0.01642018 0.005000293 -4.82112e-4 -0.0164203 0.005000293 -3.88205e-4 -0.01644879 0.01200032 -3.88205e-4 -0.01644867 0.005000293 -2.92599e-4 -0.01647108 0.01200032 -2.92599e-4 -0.01647096 0.005000293 -1.95712e-4 -0.01648706 0.01200032 -1.95712e-4 -0.016487 0.005000293 -9.81092e-5 -0.01649665 0.01200032 -9.81092e-5 -0.01649659 0.005000293 0 -0.01649987 0.01200032 0 -0.01649975 0.004999876 -0.01499992 0.00150007 0.0119999 -0.01499992 0.001500189 0.004999876 -0.01509809 0.001496851 0.0119999 -0.01509809 0.00149697 0.004999876 -0.01519566 0.001487195 0.0119999 -0.01519566 0.001487255 0.0119999 -0.01529258 0.0014714 0.004999876 -0.01529258 0.001471281 0.0119999 -0.01538819 0.001449048 0.004999876 -0.01538819 0.001448988 0.0119999 -0.01548206 0.001420557 0.004999876 -0.01548206 0.001420497 0.0119999 -0.01557397 0.001385986 0.004999876 -0.01557397 0.001385867 0.0119999 -0.01566338 0.001345455 0.004999876 -0.01566338 0.001345396 0.0119999 -0.01574987 0.001299202 0.004999876 -0.01574987 0.001299083 0.0119999 -0.01583331 0.001247346 0.004999876 -0.01583331 0.001247286 0.0119999 -0.01591306 0.001190185 0.004999876 -0.01591306 0.001190066 0.0119999 -0.015989 0.001127898 0.004999876 -0.015989 0.001127779 0.0119999 -0.01606059 0.001060843 0.004999876 -0.01606059 0.001060664 0.0119999 -0.0161277 9.89199e-4 0.004999876 -0.0161277 9.89094e-4 0.0119999 -0.01618999 9.13292e-4 0.004999876 -0.01618999 9.13203e-4 0.0119999 -0.01624721 8.33496e-4 0.004999876 -0.01624721 8.33392e-4 0.01200002 -0.016299 7.50199e-4 0.004999995 -0.016299 7.50095e-4 0.01200002 -0.01634532 6.63593e-4 0.004999995 -0.01634532 6.63504e-4 0.004999995 -0.01638579 5.74097e-4 0.01200002 -0.01638579 5.74201e-4 0.01200002 -0.01642042 4.82291e-4 0.004999995 -0.01642042 4.82202e-4 0.01200002 -0.01644891 3.88399e-4 0.004999995 -0.01644891 3.88294e-4 0.004999995 -0.01647108 2.92704e-4 0.01200002 -0.01647108 2.92793e-4 0.004999995 -0.01648712 1.95891e-4 0.01200002 -0.01648712 1.95995e-4 0.01200002 -0.01649671 9.8303e-5 0.004999995 -0.01649671 9.81986e-5 0.004999995 -0.01649987 0 0.01200002 -0.01649987 1.93715e-7 0.004999995 -0.01649671 -9.80049e-5 0.01200002 -0.01649671 -9.79006e-5 0.004999995 -0.01648712 -1.95697e-4 0.01200002 -0.01648712 -1.95608e-4 0.004999995 -0.01647108 -2.92599e-4 0.01200002 -0.01647108 -2.9251e-4 0.004999995 -0.01644891 -3.88205e-4 0.01200002 -0.01644891 -3.87996e-4 0.01200002 -0.01642042 -4.82008e-4 0.004999995 -0.01642042 -4.82112e-4 0.004999995 -0.01638579 -5.73903e-4 0.01200002 -0.01638579 -5.73799e-4 0.004999995 -0.01634532 -6.634e-4 0.01200002 -0.01634532 -6.63206e-4 0.01200002 -0.016299 -7.49797e-4 0.004999995 -0.016299 -7.49901e-4 0.004999995 -0.01624721 -8.33303e-4 0.01200002 -0.01624721 -8.33198e-4 0.004999995 -0.01618999 -9.13113e-4 0.01200002 -0.01618999 -9.12905e-4 0.004999995 -0.0161277 -9.89005e-4 0.01200002 -0.0161277 -9.88796e-4 0.004999995 -0.01606059 -0.001060605 0.01200002 -0.01606059 -0.001060485 0.004999995 -0.015989 -0.00112766 0.01200002 -0.015989 -0.0011276 0.01200002 -0.01591306 -0.001189768 0.004999995 -0.01591306 -0.001190006 0.004999995 -0.01583331 -0.001247107 0.01200002 -0.01583331 -0.001246988 0.004999995 -0.01574987 -0.001298964 0.01200002 -0.01574987 -0.001298785 0.004999995 -0.01566338 -0.001345157 0.01200002 -0.01566338 -0.001345098 0.004999995 -0.01557397 -0.001385688 0.01200002 -0.01557397 -0.001385569 0.004999995 -0.01548206 -0.001420259 0.01200002 -0.01548206 -0.001420199 0.004999995 -0.01538819 -0.00144881 0.01200002 -0.01538819 -0.00144869 0.004999995 -0.01529258 -0.001471102 0.01200002 -0.01529258 -0.001470983 0.004999995 -0.01519566 -0.001487076 0.01200002 -0.01519566 -0.001486957 0.004999995 -0.01509809 -0.001496672 0.01200002 -0.01509809 -0.001496553 0.01200002 -0.01499992 -0.001499772 0.004999995 -0.01499992 -0.001499891 0.01199966 0 0.01650017 0.01199966 -9.81092e-5 0.01649695 0.004999697 0 0.01650005 0.004999697 -9.81092e-5 0.01649689 0.01199966 -1.95712e-4 0.0164873 0.004999697 -1.95712e-4 0.01648718 0.01199966 -2.92599e-4 0.01647138 0.004999697 -2.92599e-4 0.01647126 0.01199966 -3.88205e-4 0.01644909 0.004999697 -3.88205e-4 0.01644897 0.01199966 -4.82112e-4 0.0164206 0.004999697 -4.82112e-4 0.01642048 0.01199966 -5.74023e-4 0.01638597 0.004999697 -5.74023e-4 0.01638585 0.01199966 -6.63429e-4 0.0163455 0.004999697 -6.63429e-4 0.01634538 0.004999697 -7.50005e-4 0.01629906 0.01199966 -7.50005e-4 0.01629918 0.01199966 -8.33303e-4 0.01624739 0.004999697 -8.33303e-4 0.01624727 0.01199966 -9.13113e-4 0.01619017 0.004999697 -9.13113e-4 0.01619005 0.01199966 -9.8902e-4 0.01612788 0.004999697 -9.8902e-4 0.01612776 0.01199966 -0.001060605 0.01606088 0.004999697 -0.001060605 0.01606065 0.01199966 -0.001127719 0.01598918 0.004999697 -0.001127719 0.01598906 0.01199966 -0.001190006 0.01591324 0.004999697 -0.001190006 0.01591318 0.01199966 -0.001247167 0.01583349 0.004999697 -0.001247167 0.01583337 0.01199966 -0.001299023 0.01575016 0.004999697 -0.001299023 0.01575005 0.01199966 -0.001345276 0.01566356 0.004999697 -0.001345276 0.01566344 0.004999697 -0.001385807 0.01557409 0.01199966 -0.001385807 0.01557415 0.004999697 -0.001420378 0.01548218 0.01199966 -0.001420378 0.01548224 0.01199966 -0.001448869 0.01538836 0.004999697 -0.001448869 0.01538825 0.004999697 -0.001471102 0.0152927 0.01199966 -0.001471102 0.01529276 0.004999697 -0.001487076 0.01519584 0.01199966 -0.001487076 0.01519596 0.004999697 -0.001496672 0.01509815 0.01199966 -0.001496672 0.01509827 0.004999697 -0.00150001 0.01500004 0.01199966 -0.00150001 0.01500016 0.004999697 -0.001496672 0.01490199 0.01199966 -0.001496672 0.01490205 0.01199966 -0.001487076 0.01480436 0.004999697 -0.001487076 0.0148043 0.004999697 -0.001471102 0.01470738 0.01199966 -0.001471102 0.01470744 0.01199966 -0.001448869 0.01461195 0.004999697 -0.001448869 0.01461178 0.004999697 -0.001420378 0.01451784 0.01199966 -0.001420378 0.01451796 0.004999697 -0.001385807 0.01442599 0.01199966 -0.001385807 0.01442617 0.004999697 -0.001345276 0.01433658 0.01199966 -0.001345276 0.01433676 0.004999697 -0.001299023 0.01425009 0.01199966 -0.001299023 0.01425015 0.01199966 -0.001247167 0.01416677 0.004999697 -0.001247167 0.01416665 0.01199966 -0.001190006 0.01408708 0.004999697 -0.001190006 0.01408684 0.004999697 -0.001127719 0.01401096 0.01199966 -0.001127719 0.0140112 0.004999697 -0.001060605 0.01393938 0.01199966 -0.001060605 0.01393949 0.004999697 -9.8902e-4 0.01387226 0.01199966 -9.8902e-4 0.01387238 0.004999697 -9.13113e-4 0.01380997 0.01199966 -9.13113e-4 0.01381009 0.01199978 -8.33303e-4 0.01375299 0.004999816 -8.33303e-4 0.01375287 0.004999816 -7.50005e-4 0.01370096 0.01199978 -7.50005e-4 0.0137012 0.004999816 -6.63429e-4 0.01365476 0.01199978 -6.63429e-4 0.01365488 0.004999816 -5.74023e-4 0.01361429 0.01199978 -5.74023e-4 0.01361435 0.01199978 -4.82112e-4 0.01357978 0.004999816 -4.82112e-4 0.01357966 0.004999816 -3.88205e-4 0.01355117 0.01199978 -3.88205e-4 0.01355129 0.004999816 -2.92599e-4 0.01352888 0.01199978 -2.92599e-4 0.013529 0.004999816 -1.95712e-4 0.01351284 0.01199978 -1.95712e-4 0.01351296 0.004999816 -9.81092e-5 0.01350325 0.01199978 -9.81092e-5 0.01350337 0.004999816 0 0.01350009 0.01199978 0 0.01350015 0.004999876 0.01499998 0.00150007 0.0119999 0.01499998 0.001500189 0.004999876 0.01490187 0.001496851 0.0119999 0.01490187 0.00149697 0.004999876 0.0148043 0.001487195 0.0119999 0.0148043 0.001487255 0.0119999 0.01470738 0.0014714 0.004999876 0.01470738 0.001471281 0.0119999 0.01461178 0.001449048 0.004999876 0.01461178 0.001448988 0.0119999 0.0145179 0.001420557 0.004999876 0.0145179 0.001420497 0.0119999 0.01442599 0.001385986 0.004999876 0.01442599 0.001385867 0.0119999 0.01433658 0.001345455 0.004999876 0.01433658 0.001345396 0.0119999 0.01424998 0.001299202 0.004999876 0.01424998 0.001299083 0.0119999 0.01416665 0.001247346 0.004999876 0.01416665 0.001247286 0.0119999 0.0140869 0.001190185 0.004999876 0.0140869 0.001190066 0.01200002 0.01401096 0.001127898 0.004999995 0.01401096 0.001127779 0.01200002 0.01393938 0.001060843 0.004999995 0.01393938 0.001060664 0.01200002 0.01387226 9.89199e-4 0.004999995 0.01387226 9.89094e-4 0.01200002 0.01380997 9.13292e-4 0.004999995 0.01380997 9.13203e-4 0.01200002 0.01375275 8.33496e-4 0.004999995 0.01375275 8.33392e-4 0.01200002 0.01370096 7.50199e-4 0.004999995 0.01370096 7.50095e-4 0.01200002 0.01365464 6.63593e-4 0.004999995 0.01365464 6.63504e-4 0.004999995 0.01361417 5.74097e-4 0.01200002 0.01361417 5.74201e-4 0.01200002 0.01357954 4.82291e-4 0.004999995 0.01357954 4.82202e-4 0.01200002 0.01355105 3.88399e-4 0.004999995 0.01355105 3.88294e-4 0.004999995 0.01352888 2.92704e-4 0.01200002 0.01352888 2.92793e-4 0.004999995 0.01351284 1.95891e-4 0.01200002 0.01351284 1.95995e-4 0.01200002 0.01350325 9.8303e-5 0.004999995 0.01350325 9.81986e-5 0.004999995 0.01349997 0 0.01200002 0.01349997 1.93715e-7 0.004999995 0.01350325 -9.80049e-5 0.01200002 0.01350325 -9.79006e-5 0.004999995 0.01351284 -1.95697e-4 0.01200002 0.01351284 -1.95608e-4 0.004999995 0.01352888 -2.92599e-4 0.01200002 0.01352888 -2.9251e-4 0.004999995 0.01355105 -3.88205e-4 0.01200002 0.01355105 -3.87996e-4 0.01200002 0.01357954 -4.82008e-4 0.004999995 0.01357954 -4.82112e-4 0.004999995 0.01361417 -5.73903e-4 0.01200002 0.01361417 -5.73799e-4 0.004999995 0.01365464 -6.634e-4 0.01200002 0.01365464 -6.63206e-4 0.01200002 0.01370096 -7.49797e-4 0.004999995 0.01370096 -7.49901e-4 0.004999995 0.01375275 -8.33303e-4 0.01200002 0.01375275 -8.33198e-4 0.004999995 0.01380997 -9.13113e-4 0.01200002 0.01380997 -9.12905e-4 0.004999995 0.01387226 -9.89005e-4 0.01200002 0.01387226 -9.88796e-4 0.004999995 0.01393938 -0.001060605 0.01200002 0.01393938 -0.001060485 0.004999995 0.01401096 -0.00112766 0.01200002 0.01401096 -0.0011276 0.01200002 0.0140869 -0.001189768 0.004999995 0.0140869 -0.001190006 0.004999995 0.01416665 -0.001247107 0.01200002 0.01416665 -0.001246988 0.004999995 0.01424998 -0.001298964 0.01200002 0.01424998 -0.001298785 0.004999995 0.01433658 -0.001345157 0.01200002 0.01433658 -0.001345098 0.004999995 0.01442599 -0.001385688 0.01200002 0.01442599 -0.001385569 0.004999995 0.0145179 -0.001420259 0.01200002 0.0145179 -0.001420199 0.004999995 0.01461178 -0.00144881 0.01200002 0.01461178 -0.00144869 0.004999995 0.01470738 -0.001471102 0.01200002 0.01470738 -0.001470983 0.004999995 0.0148043 -0.001487076 0.01200002 0.0148043 -0.001486957 0.004999995 0.01490187 -0.001496672 0.01200002 0.01490187 -0.001496553 0.01200002 0.01499998 -0.001499772 0.004999995 0.01499998 -0.001499891 0.004499912 0 0.005000054 0.009799897 0 0.005000174 0.004499912 -2.35111e-4 0.004994451 0.009799897 -2.49207e-4 0.004993855 0.004499912 -4.69625e-4 0.004978001 0.009799897 -4.97818e-4 0.004975259 0.004499912 -7.03096e-4 0.004950404 0.009799897 -7.45207e-4 0.004944264 0.004499912 -9.35107e-4 0.00491178 0.009799897 -9.90719e-4 0.004900991 0.004499912 -0.001164972 0.004862368 0.009799897 -0.001233696 0.004845499 0.004499912 -0.001392304 0.004802286 0.004499912 -0.001616597 0.004731476 0.001999914 -0.001841783 0.004648387 0.001999914 -0.001616597 0.004731476 0.009799897 -0.001473724 0.004777967 0.009799897 -0.001710116 0.004698574 0.009799897 -0.001942098 0.004607498 0.001999914 -0.002062797 0.004554688 0.009799897 -0.00216943 0.004504978 0.001999914 -0.002278983 0.00445038 0.009799897 -0.002391219 0.004391252 0.001999914 -0.002489984 0.00433588 0.009799897 -0.002607166 0.00426656 0.001999914 -0.002695322 0.004211366 0.009799897 -0.002816617 0.004131257 0.001999914 -0.002894282 0.004077076 0.009799897 -0.003018975 0.003985762 0.001999914 -0.003086566 0.003933489 0.009799897 -0.003213882 0.003830373 0.001999914 -0.003271877 0.003780782 0.009799897 -0.003400802 0.003665387 0.001999914 -0.003449618 0.003619372 0.009799897 -0.003579318 0.003491282 0.001999914 -0.003619372 0.003449678 0.009799897 -0.003748893 0.003308594 0.001999914 -0.003780782 0.003271996 0.009799897 -0.003909111 0.003117561 0.001999914 -0.003933429 0.003086686 0.009799897 -0.004059612 0.002918899 0.001999914 -0.004077076 0.002894282 0.009799897 -0.0042001 0.002712845 0.001999914 -0.004211306 0.002695262 0.009799897 -0.004330098 0.002500176 0.001999914 -0.00433582 0.002490103 0.009799897 -0.004449307 0.002281188 0.001999914 -0.00445038 0.002279102 0.001999914 -0.004554569 0.002062797 0.009799897 -0.00455749 0.002056598 0.001999914 -0.004648387 0.001841783 0.004499912 -0.004731416 0.001616656 0.001999914 -0.004731416 0.001616597 0.009799897 -0.004654288 0.001826882 0.009800016 -0.004739582 0.001592576 0.004499912 -0.004805266 0.001381695 0.009800016 -0.004813075 0.001354396 0.004499912 -0.004867494 0.001143455 0.009800016 -0.004874587 0.001112759 0.004499971 -0.004917919 9.02504e-4 0.009800016 -0.004923999 8.68395e-4 0.004499971 -0.004956305 6.59198e-4 0.009800016 -0.004961192 6.219e-4 0.004499971 -0.004982769 4.14401e-4 0.009800016 -0.004985988 3.73796e-4 0.004499971 -0.004997074 1.68592e-4 0.009800016 -0.004998385 1.24797e-4 0.004499971 -0.004999399 -7.76052e-5 0.009800016 -0.004998385 -1.24499e-4 0.004499971 -0.004989504 -3.23698e-4 0.009800016 -0.004985988 -3.73498e-4 0.004499971 -0.00496751 -5.68897e-4 0.009800016 -0.004961192 -6.21602e-4 0.004499971 -0.004933416 -8.12799e-4 0.009800016 -0.004923999 -8.68112e-4 0.004499971 -0.004887521 -0.001054704 0.00468558 -0.004827618 -0.001301705 0.004499971 -0.004829585 -0.001293957 0.009800016 -0.004874587 -0.001112461 0.004868566 -0.004821419 -0.001324355 0.009800016 -0.004813075 -0.001354098 0.005282819 -0.004790306 -0.001432597 0.005430519 -0.004772484 -0.00149089 0.005156397 -0.004802525 -0.001391112 0.005049288 -0.004810869 -0.001361787 0.009800016 -0.004739582 -0.001592278 0.005786716 -0.00470978 -0.001678407 0.005888581 -0.004685401 -0.001745283 0.005690813 -0.004729866 -0.001621007 0.00560081 -0.004746437 -0.001571953 0.009800016 -0.004654288 -0.001826584 0.005996167 -0.004655718 -0.001823186 0.006108582 -0.004619479 -0.001912951 0.00622487 -0.004575371 -0.002016067 0.009800016 -0.00455749 -0.0020563 0.006343603 -0.004521667 -0.002133786 0.006522595 -0.004418194 -0.002340376 0.009800016 -0.004449307 -0.00228089 0.00658071 -0.004376709 -0.002416968 0.006463885 -0.004455685 -0.002268195 0.006637692 -0.004330873 -0.002498209 0.009800016 -0.004330098 -0.002499759 0.006693303 -0.004280388 -0.002583861 0.006797611 -0.004162967 -0.002769172 0.009800016 -0.0042001 -0.002712607 0.00684452 -0.004095613 -0.002867996 0.006746768 -0.004224598 -0.002674162 0.006885468 -0.004024505 -0.00296688 0.009800016 -0.004059612 -0.002918601 0.006920218 -0.003950595 -0.003064572 0.006948411 -0.003874719 -0.003160059 0.009800016 -0.003909111 -0.003117263 0.006970584 -0.003795385 -0.003254771 0.009800016 -0.003748893 -0.003308296 0.006986618 -0.003713905 -0.003347575 0.006996691 -0.003625988 -0.003442466 0.009800016 -0.003579318 -0.003490984 0.006999969 -0.003535509 -0.003535389 0.009800016 -0.003400802 -0.003665089 0.006993114 -0.003401577 -0.003664374 0.00697261 -0.003264605 -0.003786981 0.009800016 -0.003213882 -0.003830075 0.006938576 -0.003124594 -0.003903269 0.009800076 -0.003018975 -0.003985464 0.006911814 -0.003039419 -0.003969967 0.006873488 -0.002936482 -0.004046559 0.009800076 -0.002816617 -0.004130959 0.006819307 -0.002813398 -0.004133284 0.006742894 -0.002667188 -0.004229009 0.009800076 -0.002607166 -0.004266262 0.006696105 -0.002588272 -0.004277765 0.006640911 -0.002502679 -0.00432837 0.009800076 -0.002391219 -0.004390954 0.006575822 -0.002410292 -0.004380583 0.006499171 -0.002310872 -0.004433751 0.009800076 -0.00216943 -0.00450468 0.006409406 -0.002205073 -0.004487276 0.006304681 -0.002093791 -0.004540383 0.009800076 -0.001942098 -0.0046072 0.006182968 -0.001977801 -0.004592061 0.00604099 -0.001857995 -0.004641771 0.009800076 -0.001710116 -0.004698276 0.005789816 -0.001680493 -0.004709005 0.005693376 -0.001622676 -0.004729151 0.00587958 -0.001739382 -0.004687607 0.005963206 -0.001798689 -0.004665076 0.009800076 -0.001473724 -0.004777669 0.005242288 -0.001418471 -0.004794478 0.005121767 -0.001381099 -0.004805386 0.005361974 -0.001462578 -0.004781186 0.005479514 -0.001512706 -0.00476557 0.005590081 -0.001566469 -0.004748165 0.004629671 -0.001297771 -0.004828572 0.004500091 -0.001082181 -0.004881381 0.004500091 -0.001294016 -0.004829585 0.009800076 -0.001233696 -0.004845201 0.004759013 -0.001308977 -0.004825472 0.004880487 -0.001326382 -0.004820764 0.005002021 -0.001350581 -0.004814088 0.009800076 -9.90719e-4 -0.004900693 0.004500091 -8.68201e-4 -0.004923999 0.009800076 -7.45207e-4 -0.004943966 0.004500091 -6.52611e-4 -0.004957199 0.009800076 -4.97818e-4 -0.004974961 0.004500091 -4.3571e-4 -0.004980862 0.009800076 -2.49207e-4 -0.004993557 0.004500091 -2.18123e-4 -0.004995167 0.009800076 0 -0.004999756 0.004500091 0 -0.004999876 0.004500091 2.35081e-4 -0.004994392 0.009800076 2.49296e-4 -0.004993557 0.004500091 4.69685e-4 -0.004977762 0.009800076 4.97878e-4 -0.004974961 0.004500091 7.03186e-4 -0.004950165 0.009800076 7.45296e-4 -0.004943966 0.004500091 9.35197e-4 -0.004911661 0.009800076 9.90778e-4 -0.004900693 0.004500091 0.001165091 -0.004862308 0.009800076 0.001233756 -0.004845201 0.004500091 0.001392364 -0.004802167 0.004500091 0.001616597 -0.004731357 0.002000093 0.001841783 -0.004648387 0.002000093 0.001616597 -0.004731357 0.009800076 0.001473784 -0.004777669 0.009800076 0.001710057 -0.004698276 0.009800076 0.001942157 -0.0046072 0.002000093 0.002062857 -0.004554569 0.009800076 0.002169489 -0.00450468 0.001999974 0.002279102 -0.00445038 0.009800076 0.002391278 -0.004390954 0.001999974 0.002490103 -0.004335761 0.009800076 0.002607166 -0.004266262 0.001999974 0.002695262 -0.004211306 0.009800076 0.002816557 -0.004130959 0.001999974 0.002894401 -0.004077076 0.009800076 0.003019094 -0.003985464 0.001999974 0.003086686 -0.003933489 0.009800076 0.003214001 -0.003830075 0.001999974 0.003271996 -0.003780782 0.009800016 0.003400862 -0.003665089 0.001999974 0.003449678 -0.003619372 0.009800016 0.003579378 -0.003490984 0.001999974 0.003619372 -0.003449559 0.009800016 0.003748953 -0.003308296 0.001999974 0.003780782 -0.003271877 0.009800016 0.00390917 -0.003117263 0.001999974 0.003933489 -0.003086686 0.009800016 0.004059672 -0.002918601 0.001999974 0.004077076 -0.002894282 0.009800016 0.00420016 -0.002712607 0.001999974 0.004211366 -0.002695262 0.009800016 0.004330158 -0.002499759 0.001999974 0.00433588 -0.002489984 0.009800016 0.004449367 -0.00228089 0.001999974 0.00445038 -0.002278983 0.001999974 0.004554688 -0.002062797 0.009800016 0.004557549 -0.0020563 0.001999974 0.004648387 -0.001841783 0.004499971 0.004731476 -0.001616477 0.001999974 0.004731476 -0.001616597 0.009800016 0.004654347 -0.001826584 0.009800016 0.004739701 -0.001592278 0.004499971 0.004805386 -0.001381576 0.009800016 0.004813194 -0.001354098 0.004499971 0.004867494 -0.001143395 0.009800016 0.004874646 -0.001112461 0.004499971 0.00491786 -9.0231e-4 0.009800016 0.004924058 -8.68112e-4 0.004499971 0.004956364 -6.59108e-4 0.009800016 0.004961192 -6.21602e-4 0.004499971 0.004982769 -4.14297e-4 0.009800016 0.004985988 -3.73498e-4 0.004499971 0.004997193 -1.68502e-4 0.009800016 0.004998445 -1.24499e-4 0.004499971 0.004999399 7.76947e-5 0.009800016 0.004998445 1.24797e-4 0.004499971 0.004989564 3.23802e-4 0.009800016 0.004985988 3.73796e-4 0.004499971 0.00496757 5.69001e-4 0.009800016 0.004961192 6.219e-4 0.004499971 0.004933476 8.12888e-4 0.009800016 0.004924058 8.68395e-4 0.004499912 0.004887461 0.001054763 0.004685521 0.004827558 0.001301765 0.004499912 0.004829645 0.001294195 0.009800016 0.004874646 0.001112759 0.004868566 0.00482136 0.001324594 0.005282819 0.004790365 0.001432776 0.009800016 0.004813194 0.001354396 0.005430519 0.004772484 0.001491069 0.005156278 0.004802584 0.001391172 0.005049288 0.004810988 0.001361846 0.005786597 0.004709899 0.001678586 0.009800016 0.004739701 0.001592576 0.005888462 0.004685461 0.001745462 0.005690693 0.004729866 0.001621186 0.00560069 0.004746496 0.001572072 0.005996167 0.004655778 0.001823365 0.009799897 0.004654347 0.001826882 0.006108582 0.004619598 0.001913189 0.006224811 0.00457549 0.002016246 0.009799897 0.004557549 0.002056598 0.006343603 0.004521787 0.002133965 0.006522476 0.004418253 0.002340555 0.009799897 0.004449367 0.002281188 0.006580591 0.004376769 0.002417147 0.006463766 0.004455745 0.002268373 0.006637692 0.004330992 0.002498388 0.009799897 0.004330158 0.002500176 0.006693184 0.004280388 0.002584099 0.006797492 0.004163086 0.002769291 0.009799897 0.00420016 0.002712845 0.006844401 0.004095554 0.002868175 0.006746709 0.004224658 0.0026744 0.006885409 0.004024446 0.002967059 0.009799897 0.004059672 0.002918899 0.006920099 0.003950595 0.003064751 0.006948292 0.003874659 0.003160297 0.009799897 0.00390917 0.003117561 0.006970584 0.003795444 0.00325495 0.009799897 0.003748953 0.003308594 0.006986498 0.003713965 0.003347754 0.006996572 0.003626048 0.003442645 0.009799897 0.003579378 0.003491282 0.006999909 0.003535568 0.003535568 0.009799897 0.003400862 0.003665387 0.006992995 0.003401696 0.003664553 0.006972491 0.003264665 0.003787159 0.009799897 0.003214001 0.003830373 0.006938457 0.003124654 0.003903448 0.009799897 0.003019094 0.003985762 0.006911695 0.003039479 0.003970146 0.006873369 0.002936542 0.004046857 0.009799897 0.002816557 0.004131257 0.006819069 0.002813398 0.004133462 0.006742775 0.002667248 0.004229187 0.009799897 0.002607166 0.00426656 0.006695985 0.002588272 0.004278004 0.006640791 0.002502799 0.004328548 0.009799897 0.002391278 0.004391252 0.006575703 0.002410292 0.004380762 0.006498992 0.002310872 0.004433989 0.009799897 0.002169489 0.004504978 0.006409168 0.002205193 0.004487454 0.006304621 0.002093791 0.004540562 0.009799897 0.001942157 0.004607498 0.006182909 0.001977801 0.004592299 0.006040811 0.001857995 0.00464195 0.009799897 0.001710057 0.004698574 0.005789697 0.001680552 0.004709184 0.005693316 0.001622796 0.00472939 0.005879521 0.001739382 0.004687666 0.005963087 0.001798689 0.004665255 0.005242109 0.00141859 0.004794597 0.009799897 0.001473784 0.004777967 0.005121707 0.001381099 0.004805564 0.005361795 0.001462578 0.004781365 0.005479276 0.001512765 0.004765689 0.005589902 0.001566588 0.004748284 0.004629611 0.001297891 0.004828691 0.004499912 0.001082181 0.004881501 0.004499912 0.001294076 0.004829645 0.004758775 0.001309096 0.004825651 0.009799897 0.001233756 0.004845499 0.004880309 0.001326501 0.004820883 0.005001783 0.001350581 0.004814147 0.009799897 9.90778e-4 0.004900991 0.004499912 8.68291e-4 0.004924058 0.009799897 7.45296e-4 0.004944264 0.004499912 6.52701e-4 0.004957258 0.009799897 4.97878e-4 0.004975259 0.004499912 4.35799e-4 0.004980981 0.009799897 2.49296e-4 0.004993855 0.004499912 2.18093e-4 0.004995286 0.004500091 0.001616597 -0.005199909 0.002000093 0.001616597 -0.005199968 0.004500091 -0.003233075 -0.007999897 0.002000093 -0.003233075 -0.007999956 0.004500091 -0.004464387 -0.007999897 0.002000093 -0.004464387 -0.007999956 0.004500091 0.003233194 -0.007999897 0.002000093 0.003233194 -0.007999956 0.00450021 -0.001616597 -0.01079988 0.002000212 -0.001616597 -0.0108 0.00450021 0.001616597 -0.01079988 0.002000212 0.001616597 -0.0108 0.004499912 -0.005199968 0.001616656 0.001999914 -0.005199968 0.001616597 0.004499912 -0.008000016 0.003233194 0.001999914 -0.008000016 0.003233194 0.004499912 -0.0108 0.001616656 0.001999914 -0.0108 0.001616597 0.004499971 -0.0108 -0.001616477 0.001999974 -0.0108 -0.001616597 0.004499971 -0.008000016 -0.003233075 0.001999974 -0.008000016 -0.003233075 0.004499971 -0.007549285 -0.004013657 0.001999974 -0.007549285 -0.004013657 0.004499912 -0.001616597 0.005200088 0.001999914 -0.001616597 0.005199968 0.001999914 0.003233194 0.007999956 0.004499912 0.004464447 0.008000075 0.004499912 0.003233194 0.008000075 0.001999914 0.004464447 0.007999956 0.004499912 -0.003233075 0.008000075 0.001999914 -0.003233075 0.007999956 0.004499793 0.001616597 0.01080006 0.001999795 0.001616597 0.0108 0.001999795 -0.001616597 0.0108 0.004499793 -0.001616597 0.01080006 0.004499971 0.005199968 -0.001616477 0.001999974 0.005199968 -0.001616597 0.001999914 0.007999956 0.004464447 0.004499912 0.007999956 0.003233194 0.004499912 0.007999956 0.004464447 0.001999914 0.007999956 0.003233194 0.004499971 0.007999956 -0.003233075 0.001999974 0.007999956 -0.003233075 0.004499971 0.01079994 -0.001616477 0.001999974 0.01079994 -0.001616597 0.001999914 0.01079994 0.001616597 0.004499912 0.01079994 0.001616656 0.002000212 -0.001616597 -0.01219999 0.005000174 0.001616597 -0.01219987 0.005000174 -0.001616597 -0.01219987 0.002000212 0.001616597 -0.01219999 0.004999995 -0.01219999 -0.001616477 0.004999876 -0.01219999 0.001616656 0.001999974 -0.01219999 -0.001616597 0.001999914 -0.01219999 0.001616597 0.004999816 -0.001616597 0.01220005 0.004999816 0.001616597 0.01220005 0.001999795 -0.001616597 0.01219999 0.001999795 0.001616597 0.01219999 0.004999876 0.01219999 0.001616656 0.004999995 0.01219999 -0.001616477 0.001999914 0.01219999 0.001616597 0.001999974 0.01219999 -0.001616597 0.004999995 0.01509809 -0.001496672 0.01200002 0.01509809 -0.001496553 0.004999995 0.01519578 -0.001487076 0.01200002 0.01519578 -0.001486957 0.004999995 0.01529264 -0.001471102 0.01200002 0.01529264 -0.001470983 0.004999995 0.01538825 -0.00144881 0.01200002 0.01538825 -0.00144869 0.004999995 0.01548218 -0.001420259 0.01200002 0.01548218 -0.001420199 0.004999995 0.01557409 -0.001385688 0.01200002 0.01557409 -0.001385569 0.004999995 0.01566344 -0.001345157 0.01200002 0.01566344 -0.001345098 0.004999995 0.01574999 -0.001298964 0.01200002 0.01574999 -0.001298785 0.004999995 0.01583337 -0.001247107 0.01200002 0.01583337 -0.001246988 0.004999995 0.01591318 -0.001190006 0.01200002 0.01591318 -0.001189768 0.004999995 0.01598906 -0.00112766 0.01200002 0.01598906 -0.0011276 0.01200002 0.01606065 -0.001060485 0.004999995 0.01606065 -0.001060605 0.004999995 0.01612776 -9.89005e-4 0.01200002 0.01612776 -9.88796e-4 0.004999995 0.01619005 -9.13113e-4 0.01200002 0.01619005 -9.12905e-4 0.004999995 0.01624715 -8.33303e-4 0.01200002 0.01624715 -8.33198e-4 0.004999995 0.01629906 -7.49901e-4 0.01200002 0.01629906 -7.49797e-4 0.004999995 0.01634526 -6.634e-4 0.01200002 0.01634526 -6.63206e-4 0.004999995 0.01638585 -5.73903e-4 0.01200002 0.01638585 -5.73799e-4 0.01200002 0.01642036 -4.82008e-4 0.004999995 0.01642036 -4.82112e-4 0.01200002 0.01644885 -3.87996e-4 0.004999995 0.01644885 -3.88205e-4 0.01200002 0.01647114 -2.9251e-4 0.004999995 0.01647114 -2.92599e-4 0.01200002 0.01648718 -1.95608e-4 0.004999995 0.01648718 -1.95697e-4 0.01200002 0.01649677 -9.79006e-5 0.004999995 0.01649677 -9.80049e-5 0.01200002 0.01649999 1.93715e-7 0.004999995 0.01649999 0 0.01200002 0.01649677 9.8303e-5 0.004999995 0.01649677 9.81986e-5 0.01200002 0.01648718 1.95995e-4 0.004999995 0.01648718 1.95891e-4 0.01200002 0.01647114 2.92793e-4 0.004999995 0.01647114 2.92704e-4 0.01200002 0.01644885 3.88399e-4 0.004999995 0.01644885 3.88294e-4 0.01200002 0.01642036 4.82291e-4 0.004999995 0.01642036 4.82202e-4 0.01200002 0.01638585 5.74201e-4 0.004999995 0.01638585 5.74097e-4 0.01200002 0.01634526 6.63593e-4 0.004999995 0.01634526 6.63504e-4 0.01200002 0.01629906 7.50199e-4 0.004999995 0.01629906 7.50095e-4 0.01200002 0.01624715 8.33496e-4 0.004999995 0.01624715 8.33392e-4 0.01200002 0.01619005 9.13292e-4 0.004999995 0.01619005 9.13203e-4 0.01200002 0.01612776 9.89199e-4 0.004999995 0.01612776 9.89094e-4 0.01200002 0.01606065 0.001060843 0.004999995 0.01606065 0.001060664 0.01200002 0.01598906 0.001127898 0.004999995 0.01598906 0.001127779 0.0119999 0.01591318 0.001190185 0.004999876 0.01591318 0.001190066 0.0119999 0.01583337 0.001247346 0.004999876 0.01583337 0.001247286 0.0119999 0.01574999 0.001299202 0.004999876 0.01574999 0.001299083 0.0119999 0.01566344 0.001345455 0.004999876 0.01566344 0.001345396 0.0119999 0.01557409 0.001385986 0.004999876 0.01557409 0.001385867 0.0119999 0.01548218 0.001420557 0.004999876 0.01548218 0.001420497 0.0119999 0.01538825 0.001449048 0.004999876 0.01538825 0.001448988 0.0119999 0.01529264 0.0014714 0.004999876 0.01529264 0.001471281 0.0119999 0.01519578 0.001487255 0.004999876 0.01519578 0.001487195 0.0119999 0.01509809 0.00149697 0.004999876 0.01509809 0.001496851 0.004999816 9.80794e-5 0.01350325 0.01199978 9.80794e-5 0.01350337 0.004999816 1.95801e-4 0.01351284 0.01199978 1.95801e-4 0.01351296 0.004999816 2.92689e-4 0.01352888 0.01199978 2.92689e-4 0.013529 0.004999816 3.88294e-4 0.01355117 0.01199978 3.88294e-4 0.01355129 0.004999816 4.82202e-4 0.01357966 0.01199978 4.82202e-4 0.01357978 0.01199978 5.74082e-4 0.01361435 0.004999816 5.74082e-4 0.01361429 0.004999816 6.63489e-4 0.01365476 0.01199978 6.63489e-4 0.01365488 0.01199978 7.49975e-4 0.0137012 0.004999816 7.49975e-4 0.01370096 0.004999816 8.33392e-4 0.01375287 0.01199978 8.33392e-4 0.01375299 0.004999697 9.13203e-4 0.01380997 0.01199966 9.13203e-4 0.01381009 0.01199966 9.89079e-4 0.01387238 0.004999697 9.89079e-4 0.01387226 0.004999697 0.001060664 0.01393938 0.01199966 0.001060664 0.01393949 0.004999697 0.001127779 0.01401096 0.01199966 0.001127779 0.0140112 0.004999697 0.001190066 0.01408684 0.01199966 0.001190066 0.01408708 0.01199966 0.001247167 0.01416677 0.004999697 0.001247167 0.01416665 0.004999697 0.001299083 0.01425009 0.01199966 0.001299083 0.01425015 0.01199966 0.001345396 0.01433676 0.004999697 0.001345396 0.01433658 0.01199966 0.001385867 0.01442617 0.004999697 0.001385867 0.01442599 0.01199966 0.001420378 0.01451796 0.004999697 0.001420378 0.01451784 0.01199966 0.001448869 0.01461195 0.004999697 0.001448869 0.01461178 0.01199966 0.001471161 0.01470744 0.004999697 0.001471161 0.01470738 0.01199966 0.001487195 0.01480436 0.004999697 0.001487195 0.0148043 0.01199966 0.001496791 0.01490205 0.004999697 0.001496791 0.01490199 0.01199966 0.00149995 0.01500016 0.004999697 0.00149995 0.01500004 0.01199966 0.001496791 0.01509827 0.004999697 0.001496791 0.01509815 0.01199966 0.001487195 0.01519596 0.004999697 0.001487195 0.01519584 0.01199966 0.001471161 0.01529276 0.004999697 0.001471161 0.0152927 0.01199966 0.001448869 0.01538836 0.004999697 0.001448869 0.01538825 0.004999697 0.001420378 0.01548218 0.01199966 0.001420378 0.01548224 0.01199966 0.001385867 0.01557415 0.004999697 0.001385867 0.01557409 0.01199966 0.001345396 0.01566356 0.004999697 0.001345396 0.01566344 0.01199966 0.001299083 0.01575016 0.004999697 0.001299083 0.01575005 0.01199966 0.001247167 0.01583349 0.004999697 0.001247167 0.01583337 0.01199966 0.001190066 0.01591324 0.004999697 0.001190066 0.01591318 0.01199966 0.001127779 0.01598918 0.004999697 0.001127779 0.01598906 0.01199966 0.001060664 0.01606088 0.004999697 0.001060664 0.01606065 0.01199966 9.89079e-4 0.01612788 0.004999697 9.89079e-4 0.01612776 0.01199966 9.13203e-4 0.01619017 0.004999697 9.13203e-4 0.01619005 0.01199966 8.33392e-4 0.01624739 0.004999697 8.33392e-4 0.01624727 0.01199966 7.49975e-4 0.01629918 0.004999697 7.49975e-4 0.01629906 0.01199966 6.63489e-4 0.0163455 0.004999697 6.63489e-4 0.01634538 0.01199966 5.74082e-4 0.01638597 0.004999697 5.74082e-4 0.01638585 0.01199966 4.82202e-4 0.0164206 0.004999697 4.82202e-4 0.01642048 0.01199966 3.88294e-4 0.01644909 0.004999697 3.88294e-4 0.01644897 0.01199966 2.92689e-4 0.01647138 0.004999697 2.92689e-4 0.01647126 0.01199966 1.95801e-4 0.0164873 0.004999697 1.95801e-4 0.01648718 0.01199966 9.80794e-5 0.01649695 0.004999697 9.80794e-5 0.01649689 0.004999995 -0.01490187 -0.001496672 0.01200002 -0.01490187 -0.001496553 0.004999995 -0.01480418 -0.001487076 0.01200002 -0.01480418 -0.001486957 0.004999995 -0.01470726 -0.001471102 0.01200002 -0.01470726 -0.001470983 0.004999995 -0.01461172 -0.00144881 0.01200002 -0.01461172 -0.00144869 0.004999995 -0.01451778 -0.001420259 0.01200002 -0.01451778 -0.001420199 0.004999995 -0.01442587 -0.001385688 0.01200002 -0.01442587 -0.001385569 0.004999995 -0.01433646 -0.001345157 0.01200002 -0.01433646 -0.001345098 0.004999995 -0.01424992 -0.001298964 0.01200002 -0.01424992 -0.001298785 0.004999995 -0.01416659 -0.001247107 0.01200002 -0.01416659 -0.001246988 0.004999995 -0.01408678 -0.001190006 0.01200002 -0.01408678 -0.001189768 0.004999995 -0.0140109 -0.00112766 0.01200002 -0.0140109 -0.0011276 0.01200002 -0.01393932 -0.001060485 0.004999995 -0.01393932 -0.001060605 0.004999995 -0.0138722 -9.89005e-4 0.01200002 -0.0138722 -9.88796e-4 0.004999995 -0.01380991 -9.13113e-4 0.01200002 -0.01380991 -9.12905e-4 0.004999995 -0.01375281 -8.33303e-4 0.01200002 -0.01375281 -8.33198e-4 0.004999995 -0.0137009 -7.49901e-4 0.01200002 -0.0137009 -7.49797e-4 0.004999995 -0.01365458 -6.634e-4 0.01200002 -0.01365458 -6.63206e-4 0.004999995 -0.01361411 -5.73903e-4 0.01200002 -0.01361411 -5.73799e-4 0.01200002 -0.0135796 -4.82008e-4 0.004999995 -0.0135796 -4.82112e-4 0.01200002 -0.01355111 -3.87996e-4 0.004999995 -0.01355111 -3.88205e-4 0.01200002 -0.01352882 -2.9251e-4 0.004999995 -0.01352882 -2.92599e-4 0.01200002 -0.01351279 -1.95608e-4 0.004999995 -0.01351279 -1.95697e-4 0.01200002 -0.01350319 -9.79006e-5 0.004999995 -0.01350319 -9.80049e-5 0.01200002 -0.01349991 1.93715e-7 0.004999995 -0.01349991 0 0.01200002 -0.01350319 9.8303e-5 0.004999995 -0.01350319 9.81986e-5 0.01200002 -0.01351279 1.95995e-4 0.004999995 -0.01351279 1.95891e-4 0.01200002 -0.01352882 2.92793e-4 0.004999995 -0.01352882 2.92704e-4 0.01200002 -0.01355111 3.88399e-4 0.004999995 -0.01355111 3.88294e-4 0.01200002 -0.0135796 4.82291e-4 0.004999995 -0.0135796 4.82202e-4 0.01200002 -0.01361411 5.74201e-4 0.004999995 -0.01361411 5.74097e-4 0.01200002 -0.01365458 6.63593e-4 0.004999995 -0.01365458 6.63504e-4 0.01200002 -0.0137009 7.50199e-4 0.004999995 -0.0137009 7.50095e-4 0.0119999 -0.01375281 8.33496e-4 0.004999876 -0.01375281 8.33392e-4 0.0119999 -0.01380991 9.13292e-4 0.004999876 -0.01380991 9.13203e-4 0.0119999 -0.0138722 9.89199e-4 0.004999876 -0.0138722 9.89094e-4 0.0119999 -0.01393932 0.001060843 0.004999876 -0.01393932 0.001060664 0.0119999 -0.0140109 0.001127898 0.004999876 -0.0140109 0.001127779 0.0119999 -0.01408678 0.001190185 0.004999876 -0.01408678 0.001190066 0.0119999 -0.01416659 0.001247346 0.004999876 -0.01416659 0.001247286 0.0119999 -0.01424992 0.001299202 0.004999876 -0.01424992 0.001299083 0.0119999 -0.01433646 0.001345455 0.004999876 -0.01433646 0.001345396 0.0119999 -0.01442587 0.001385986 0.004999876 -0.01442587 0.001385867 0.0119999 -0.01451778 0.001420557 0.004999876 -0.01451778 0.001420497 0.0119999 -0.01461172 0.001449048 0.004999876 -0.01461172 0.001448988 0.0119999 -0.01470726 0.0014714 0.004999876 -0.01470726 0.001471281 0.0119999 -0.01480418 0.001487255 0.004999876 -0.01480418 0.001487195 0.0119999 -0.01490187 0.00149697 0.004999876 -0.01490187 0.001496851 0.005000293 9.80794e-5 -0.01649665 0.01200032 9.80794e-5 -0.01649659 0.005000293 1.95801e-4 -0.01648706 0.01200032 1.95801e-4 -0.016487 0.005000293 2.92689e-4 -0.01647108 0.01200032 2.92689e-4 -0.01647096 0.005000293 3.88294e-4 -0.01644879 0.01200032 3.88294e-4 -0.01644867 0.005000293 4.82202e-4 -0.0164203 0.01200032 4.82202e-4 -0.01642018 0.005000293 5.74082e-4 -0.01638567 0.01200032 5.74082e-4 -0.01638555 0.005000293 6.63489e-4 -0.0163452 0.01200032 6.63489e-4 -0.01634508 0.005000293 7.49975e-4 -0.016299 0.01200032 7.49975e-4 -0.01629877 0.005000293 8.33392e-4 -0.01624709 0.01200032 8.33392e-4 -0.01624697 0.005000293 9.13203e-4 -0.01618999 0.01200032 9.13203e-4 -0.01618975 0.005000293 9.89079e-4 -0.0161277 0.01200032 9.89079e-4 -0.01612758 0.01200032 0.001060664 -0.01606047 0.005000293 0.001060664 -0.01606059 0.005000293 0.001127779 -0.01598888 0.01200032 0.001127779 -0.01598876 0.005000293 0.001190066 -0.01591306 0.01200032 0.001190066 -0.01591289 0.005000293 0.001247167 -0.01583325 0.01200032 0.001247167 -0.01583319 0.005000293 0.001299083 -0.01574987 0.01200032 0.001299083 -0.01574975 0.005000293 0.001345396 -0.01566338 0.01200032 0.001345396 -0.0156632 0.005000293 0.001385867 -0.01557385 0.01200032 0.001385867 -0.01557379 0.0120002 0.001420378 -0.015482 0.005000174 0.001420378 -0.01548206 0.0120002 0.001448869 -0.01538795 0.005000174 0.001448869 -0.01538819 0.0120002 0.001471161 -0.01529246 0.005000174 0.001471161 -0.01529258 0.0120002 0.001487195 -0.0151956 0.005000174 0.001487195 -0.01519566 0.0120002 0.001496791 -0.01509785 0.005000174 0.001496791 -0.01509797 0.0120002 0.00149995 -0.0149998 0.005000174 0.00149995 -0.01499986 0.0120002 0.001496791 -0.01490169 0.005000174 0.001496791 -0.01490175 0.0120002 0.001487195 -0.014804 0.005000174 0.001487195 -0.01480406 0.0120002 0.001471161 -0.0147072 0.005000174 0.001471161 -0.01470726 0.0120002 0.001448869 -0.0146116 0.005000174 0.001448869 -0.01461166 0.0120002 0.001420378 -0.01451766 0.005000174 0.001420378 -0.01451778 0.0120002 0.001385867 -0.01442575 0.005000174 0.001385867 -0.01442587 0.0120002 0.001345396 -0.0143364 0.005000174 0.001345396 -0.01433646 0.0120002 0.001299083 -0.0142498 0.005000174 0.001299083 -0.01424986 0.0120002 0.001247167 -0.01416647 0.005000174 0.001247167 -0.01416659 0.0120002 0.001190066 -0.01408666 0.005000174 0.001190066 -0.01408678 0.0120002 0.001127779 -0.01401078 0.005000174 0.001127779 -0.0140109 0.0120002 0.001060664 -0.01393908 0.005000174 0.001060664 -0.01393926 0.0120002 9.89079e-4 -0.01387208 0.005000174 9.89079e-4 -0.0138722 0.0120002 9.13203e-4 -0.0138098 0.005000174 9.13203e-4 -0.01380985 0.0120002 8.33392e-4 -0.01375257 0.005000174 8.33392e-4 -0.01375269 0.0120002 7.49975e-4 -0.01370078 0.005000174 7.49975e-4 -0.0137009 0.0120002 6.63489e-4 -0.01365447 0.005000174 6.63489e-4 -0.01365458 0.0120002 5.74082e-4 -0.01361399 0.005000174 5.74082e-4 -0.01361405 0.0120002 4.82202e-4 -0.01357936 0.005000174 4.82202e-4 -0.01357948 0.0120002 3.88294e-4 -0.01355087 0.005000174 3.88294e-4 -0.01355099 0.0120002 2.92689e-4 -0.01352858 0.005000174 2.92689e-4 -0.0135287 0.0120002 1.95801e-4 -0.01351255 0.005000174 1.95801e-4 -0.01351279 0.0120002 9.80794e-5 -0.01350295 0.005000174 9.80794e-5 -0.01350307 0.004499912 9.80794e-5 0.006503283 0.009799897 9.80794e-5 0.006503403 0.004499912 1.95801e-4 0.00651288 0.009799897 1.95801e-4 0.006512999 0.004499912 2.92689e-4 0.006528854 0.009799897 2.92689e-4 0.006528973 0.004499912 3.88294e-4 0.006551146 0.009799897 3.88294e-4 0.006551265 0.009799897 4.82202e-4 0.006579756 0.004499912 4.82202e-4 0.006579697 0.004499912 5.74082e-4 0.006614148 0.009799897 5.74082e-4 0.006614267 0.004499912 6.63489e-4 0.006654798 0.009799897 6.63489e-4 0.006654798 0.004499912 7.49975e-4 0.006700992 0.009799897 7.49975e-4 0.006701052 0.004499912 8.33392e-4 0.006752848 0.009799897 8.33392e-4 0.006752848 0.009799897 9.13203e-4 0.006810069 0.004499912 9.13203e-4 0.006809949 0.004499912 9.89079e-4 0.006872296 0.009799897 9.89079e-4 0.006872355 0.004499912 0.001060664 0.006939351 0.009799897 0.001060664 0.00693947 0.004499912 0.001127779 0.007010996 0.009799897 0.001127779 0.007011055 0.004499912 0.001190066 0.007086873 0.009799897 0.001190066 0.007086992 0.009799897 0.001247167 0.007166802 0.004499912 0.001247167 0.007166683 0.009799778 0.001299083 0.007250189 0.004499912 0.001299083 0.00725007 0.004499912 0.001345396 0.007336556 0.009799778 0.001345396 0.007336676 0.009799778 0.001385867 0.007426083 0.004499912 0.001385867 0.007425963 0.009799778 0.001420378 0.007517993 0.004499912 0.001420378 0.007517874 0.009799778 0.001448869 0.00761187 0.004499912 0.001448869 0.007611751 0.004499912 0.001471161 0.007707357 0.009799778 0.001471161 0.007707476 0.009799778 0.001487195 0.007804393 0.004499912 0.001487195 0.007804274 0.009799778 0.001496791 0.007902085 0.004499912 0.001496791 0.007901966 0.009799778 0.00149995 0.008000195 0.004499912 0.00149995 0.008000075 0.009799778 0.001496791 0.008098304 0.004499912 0.001496791 0.008098185 0.009799778 0.001487195 0.008195877 0.004499912 0.001487195 0.008195877 0.009799778 0.001471161 0.008292794 0.004499912 0.001471161 0.008292675 0.009799778 0.001448869 0.0083884 0.004499793 0.001448869 0.00838828 0.009799778 0.001420378 0.008482277 0.004499793 0.001420378 0.008482158 0.009799778 0.001385867 0.008574187 0.004499793 0.001385867 0.008574068 0.009799778 0.001345396 0.008663594 0.004499793 0.001345396 0.008663475 0.009799778 0.001299083 0.0087502 0.004499793 0.001299083 0.008750081 0.009799778 0.001247167 0.008833467 0.004499793 0.001247167 0.008833348 0.009799778 0.001190066 0.008913278 0.004499793 0.001190066 0.008913159 0.009799778 0.001127779 0.008989155 0.004499793 0.001127779 0.008989095 0.009799778 0.001060664 0.0090608 0.004499793 0.001060664 0.00906068 0.009799778 9.89079e-4 0.009127855 0.004499793 9.89079e-4 0.009127795 0.009799778 9.13203e-4 0.009190201 0.004499793 9.13203e-4 0.009190082 0.009799778 8.33392e-4 0.009247362 0.004499793 8.33392e-4 0.009247303 0.009799778 7.49975e-4 0.009299159 0.004499793 7.49975e-4 0.009299099 0.009799778 6.63489e-4 0.009345471 0.004499793 6.63489e-4 0.009345352 0.009799778 5.74082e-4 0.009386003 0.004499793 5.74082e-4 0.009385883 0.009799778 4.82202e-4 0.009420454 0.004499793 4.82202e-4 0.009420454 0.009799778 3.88294e-4 0.009448945 0.004499793 3.88294e-4 0.009448945 0.009799778 2.92689e-4 0.009471297 0.004499793 2.92689e-4 0.009471178 0.009799778 1.95801e-4 0.009487271 0.004499793 1.95801e-4 0.009487152 0.009799778 9.80794e-5 0.009496867 0.004499793 9.80794e-5 0.009496867 0.004499971 -0.007901906 -0.001496672 0.009800016 -0.007901906 -0.001496553 0.004499971 -0.007804214 -0.001487076 0.009800016 -0.007804214 -0.001486957 0.004499971 -0.007707297 -0.001471102 0.009800016 -0.007707297 -0.001470983 0.004499971 -0.007611691 -0.00144881 0.009800016 -0.007611691 -0.00144869 0.009800016 -0.007517814 -0.001420199 0.004499971 -0.007517814 -0.001420259 0.004499971 -0.007425904 -0.001385807 0.009800016 -0.007425904 -0.001385688 0.004499971 -0.007336497 -0.001345157 0.009800016 -0.007336497 -0.001345157 0.004499971 -0.00725001 -0.001298964 0.009800016 -0.00725001 -0.001298904 0.004499971 -0.007166624 -0.001247107 0.009800016 -0.007166624 -0.001247107 0.009800016 -0.007086813 -0.001189887 0.004499971 -0.007086813 -0.001190006 0.004499971 -0.007010877 -0.00112766 0.009800016 -0.007010877 -0.0011276 0.004499971 -0.006939291 -0.001060605 0.009800016 -0.006939291 -0.001060485 0.004499971 -0.006872177 -9.89005e-4 0.009800016 -0.006872177 -9.88901e-4 0.004499971 -0.00680989 -9.13113e-4 0.009800016 -0.00680989 -9.13009e-4 0.009800016 -0.006752789 -8.33198e-4 0.004499971 -0.006752789 -8.33303e-4 0.009800016 -0.006700873 -7.49797e-4 0.004499971 -0.006700873 -7.49901e-4 0.004499971 -0.00665462 -6.634e-4 0.009800016 -0.00665462 -6.6331e-4 0.009800016 -0.006614089 -5.73903e-4 0.004499971 -0.006614089 -5.74008e-4 0.009800016 -0.006579577 -4.82008e-4 0.004499971 -0.006579577 -4.82112e-4 0.009800016 -0.006551086 -3.88101e-4 0.004499971 -0.006551086 -3.88205e-4 0.004499971 -0.006528794 -2.92599e-4 0.009800016 -0.006528794 -2.9251e-4 0.009800016 -0.00651282 -1.95608e-4 0.004499971 -0.00651282 -1.95697e-4 0.009800016 -0.006503224 -9.79006e-5 0.004499971 -0.006503224 -9.80049e-5 0.009800016 -0.006500005 1.93715e-7 0.004499971 -0.006500005 0 0.009800016 -0.006503224 9.8303e-5 0.004499971 -0.006503224 9.81986e-5 0.009800016 -0.00651282 1.95891e-4 0.004499971 -0.00651282 1.95891e-4 0.009800016 -0.006528794 2.92793e-4 0.004499971 -0.006528794 2.92704e-4 0.009800016 -0.006551086 3.88399e-4 0.004499971 -0.006551086 3.88294e-4 0.009800016 -0.006579577 4.82291e-4 0.004499971 -0.006579577 4.82202e-4 0.009800016 -0.006614089 5.74201e-4 0.004499971 -0.006614089 5.74097e-4 0.009800016 -0.00665462 6.63593e-4 0.004499971 -0.00665462 6.63504e-4 0.009800016 -0.006700873 7.50199e-4 0.004499971 -0.006700873 7.50095e-4 0.009800016 -0.006752789 8.33496e-4 0.004499971 -0.006752789 8.33392e-4 0.009800016 -0.00680989 9.13292e-4 0.004499912 -0.00680989 9.13203e-4 0.009800016 -0.006872177 9.89199e-4 0.004499912 -0.006872177 9.89094e-4 0.009800016 -0.006939291 0.001060783 0.004499912 -0.006939291 0.001060664 0.009800016 -0.007010877 0.001127898 0.004499912 -0.007010877 0.001127779 0.009800016 -0.007086813 0.001190185 0.004499912 -0.007086813 0.001190066 0.009800016 -0.007166624 0.001247346 0.004499912 -0.007166624 0.001247286 0.009800016 -0.00725001 0.001299202 0.004499912 -0.00725001 0.001299083 0.009800016 -0.007336497 0.001345455 0.004499912 -0.007336497 0.001345396 0.009800016 -0.007425904 0.001385986 0.004499912 -0.007425904 0.001385867 0.009800016 -0.007517814 0.001420497 0.004499912 -0.007517814 0.001420497 0.009800016 -0.007611691 0.001448988 0.004499912 -0.007611691 0.001448988 0.009800016 -0.007707297 0.001471281 0.004499912 -0.007707297 0.001471161 0.009800016 -0.007804214 0.001487255 0.004499912 -0.007804214 0.001487195 0.009800016 -0.007901906 0.001496851 0.004499912 -0.007901906 0.001496851 0.004500091 9.80794e-5 -0.009496688 0.009800076 9.80794e-5 -0.009496569 0.004500091 1.95801e-4 -0.009487092 0.009800076 1.95801e-4 -0.009486973 0.004500091 2.92689e-4 -0.009471058 0.009800076 2.92689e-4 -0.009470999 0.004500091 3.88294e-4 -0.009448766 0.009800076 3.88294e-4 -0.009448707 0.009800076 4.82202e-4 -0.009420156 0.004500091 4.82202e-4 -0.009420275 0.004500091 5.74082e-4 -0.009385764 0.009800076 5.74082e-4 -0.009385704 0.004500091 6.63489e-4 -0.009345173 0.009800076 6.63489e-4 -0.009345173 0.004500091 7.49975e-4 -0.00929898 0.009800076 7.49975e-4 -0.009298861 0.004500091 8.33392e-4 -0.009247064 0.009800076 8.33392e-4 -0.009247064 0.009800076 9.13203e-4 -0.009189903 0.004500091 9.13203e-4 -0.009189963 0.004500091 9.89079e-4 -0.009127676 0.009800076 9.89079e-4 -0.009127557 0.004500091 0.001060664 -0.009060561 0.009800076 0.001060664 -0.009060502 0.004500091 0.001127779 -0.008988976 0.009800076 0.001127779 -0.008988857 0.004500091 0.001190066 -0.008913099 0.009800076 0.001190066 -0.00891298 0.009800076 0.001247167 -0.008833169 0.004500091 0.001247167 -0.008833289 0.009800076 0.001299083 -0.008749783 0.004500091 0.001299083 -0.008749902 0.004500091 0.001345396 -0.008663356 0.009800076 0.001345396 -0.008663296 0.009800076 0.001385867 -0.008573889 0.004500091 0.001385867 -0.008574008 0.009800076 0.001420378 -0.008481979 0.004500091 0.001420378 -0.008482098 0.009800076 0.001448869 -0.008388102 0.004500091 0.001448869 -0.008388161 0.004500091 0.001471161 -0.008292555 0.009800076 0.001471161 -0.008292496 0.009800076 0.001487195 -0.008195579 0.004500091 0.001487195 -0.008195698 0.009800076 0.001496791 -0.008097887 0.004500091 0.001496791 -0.008098006 0.009800076 0.00149995 -0.007999777 0.004500091 0.00149995 -0.007999897 0.009800076 0.001496791 -0.007901668 0.004500091 0.001496791 -0.007901787 0.009800076 0.001487195 -0.007804095 0.004500091 0.001487195 -0.007804095 0.009800076 0.001471161 -0.007707178 0.004500091 0.001471161 -0.007707297 0.009800076 0.001448869 -0.007611572 0.004500091 0.001448869 -0.007611691 0.009800076 0.001420378 -0.007517695 0.004500091 0.001420378 -0.007517755 0.009800076 0.001385867 -0.007425785 0.004500091 0.001385867 -0.007425904 0.009800076 0.001345396 -0.007336378 0.004500091 0.001345396 -0.007336497 0.009800076 0.001299083 -0.007249772 0.004500091 0.001299083 -0.007249891 0.009800076 0.001247167 -0.007166504 0.004500091 0.001247167 -0.007166564 0.009800076 0.001190066 -0.007086694 0.004500091 0.001190066 -0.007086753 0.009800076 0.001127779 -0.007010757 0.004500091 0.001127779 -0.007010877 0.009800076 0.001060664 -0.006939172 0.004500091 0.001060664 -0.006939291 0.009800076 9.89079e-4 -0.006872057 0.004500091 9.89079e-4 -0.006872177 0.009800076 9.13203e-4 -0.006809771 0.004500091 9.13203e-4 -0.00680989 0.009800076 8.33392e-4 -0.00675261 0.004500091 8.33392e-4 -0.006752669 0.009800076 7.49975e-4 -0.006700754 0.004500091 7.49975e-4 -0.006700873 0.009800076 6.63489e-4 -0.0066545 0.004500091 6.63489e-4 -0.00665456 0.009800076 5.74082e-4 -0.006613969 0.004500091 5.74082e-4 -0.006614089 0.009800076 4.82202e-4 -0.006579458 0.004500091 4.82202e-4 -0.006579458 0.009800076 3.88294e-4 -0.006550967 0.004500091 3.88294e-4 -0.006550967 0.009800076 2.92689e-4 -0.006528675 0.004500091 2.92689e-4 -0.006528794 0.009800076 1.95801e-4 -0.006512701 0.004500091 1.95801e-4 -0.006512761 0.009800076 9.80794e-5 -0.006503105 0.004500091 9.80794e-5 -0.006503105 0.004499971 0.008098065 -0.001496672 0.009800016 0.008098065 -0.001496553 0.004499971 0.008195757 -0.001487076 0.009800016 0.008195757 -0.001486957 0.004499971 0.008292675 -0.001471102 0.009800016 0.008292675 -0.001470983 0.004499971 0.00838828 -0.00144881 0.009800016 0.00838828 -0.00144869 0.009800016 0.008482158 -0.001420199 0.004499971 0.008482158 -0.001420259 0.004499971 0.008574068 -0.001385807 0.009800016 0.008574068 -0.001385688 0.004499971 0.008663475 -0.001345157 0.009800016 0.008663475 -0.001345157 0.004499971 0.008749961 -0.001298964 0.009800016 0.008749961 -0.001298904 0.004499971 0.008833348 -0.001247107 0.009800016 0.008833348 -0.001247107 0.009800016 0.008913159 -0.001189887 0.004499971 0.008913159 -0.001190006 0.004499971 0.008989095 -0.00112766 0.009800016 0.008989095 -0.0011276 0.004499971 0.00906068 -0.001060605 0.009800016 0.00906068 -0.001060485 0.004499971 0.009127795 -9.89005e-4 0.009800016 0.009127795 -9.88901e-4 0.004499971 0.009190082 -9.13113e-4 0.009800016 0.009190082 -9.13009e-4 0.009800016 0.009247183 -8.33198e-4 0.004499971 0.009247183 -8.33303e-4 0.009800016 0.009299099 -7.49797e-4 0.004499971 0.009299099 -7.49901e-4 0.004499971 0.009345352 -6.634e-4 0.009800016 0.009345352 -6.6331e-4 0.009800016 0.009385883 -5.73903e-4 0.004499971 0.009385883 -5.74008e-4 0.009800016 0.009420394 -4.82008e-4 0.004499971 0.009420394 -4.82112e-4 0.009800016 0.009448885 -3.88101e-4 0.004499971 0.009448885 -3.88205e-4 0.004499971 0.009471178 -2.92599e-4 0.009800016 0.009471178 -2.9251e-4 0.009800016 0.009487152 -1.95608e-4 0.004499971 0.009487152 -1.95697e-4 0.009800016 0.009496748 -9.79006e-5 0.004499971 0.009496748 -9.80049e-5 0.009800016 0.009499967 1.93715e-7 0.004499971 0.009499967 0 0.009800016 0.009496748 9.8303e-5 0.004499971 0.009496748 9.81986e-5 0.009800016 0.009487152 1.95891e-4 0.004499971 0.009487152 1.95891e-4 0.009800016 0.009471178 2.92793e-4 0.004499971 0.009471178 2.92704e-4 0.009800016 0.009448885 3.88399e-4 0.004499971 0.009448885 3.88294e-4 0.009800016 0.009420394 4.82291e-4 0.004499971 0.009420394 4.82202e-4 0.009800016 0.009385883 5.74201e-4 0.004499971 0.009385883 5.74097e-4 0.009800016 0.009345352 6.63593e-4 0.004499971 0.009345352 6.63504e-4 0.009800016 0.009299099 7.50199e-4 0.004499971 0.009299099 7.50095e-4 0.009800016 0.009247183 8.33496e-4 0.004499971 0.009247183 8.33392e-4 0.009800016 0.009190082 9.13292e-4 0.004499971 0.009190082 9.13203e-4 0.009800016 0.009127795 9.89199e-4 0.004499971 0.009127795 9.89094e-4 0.009800016 0.00906068 0.001060783 0.004499971 0.00906068 0.001060664 0.009800016 0.008989095 0.001127898 0.004499912 0.008989095 0.001127779 0.009800016 0.008913159 0.001190185 0.004499912 0.008913159 0.001190066 0.009800016 0.008833348 0.001247346 0.004499912 0.008833348 0.001247286 0.009800016 0.008749961 0.001299202 0.004499912 0.008749961 0.001299083 0.009800016 0.008663475 0.001345455 0.004499912 0.008663475 0.001345396 0.009800016 0.008574068 0.001385986 0.004499912 0.008574068 0.001385867 0.009800016 0.008482158 0.001420497 0.004499912 0.008482158 0.001420497 0.009800016 0.00838828 0.001448988 0.004499912 0.00838828 0.001448988 0.009800016 0.008292675 0.001471281 0.004499912 0.008292675 0.001471161 0.009800016 0.008195757 0.001487255 0.004499912 0.008195757 0.001487195 0.009800016 0.008098065 0.001496851 0.004499912 0.008098065 0.001496851 0.002557814 0.02402329 0.00367707 0.002428412 0.02449417 0.003242194 0 0.02449417 0.003242194 0.002677321 0.02355098 0.004113256 0.002994596 0.02180248 0.005727946 0.003319203 0.01942467 0.00792396 -1.78814e-7 0.0152837 0.01174819 0.003766477 0.0152837 0.01174819 0.003458678 0.01822948 -0.0090276 0 0.02449417 -0.003242194 0.00306642 0.0213294 -0.006164908 0.0026775 0.02355098 -0.004113197 0.002428472 0.02449417 -0.003242075 0.00240761 0.02463746 -0.003103554 0 0.02464795 -0.003093063 0.002388179 0.02477437 -0.002958774 0 0.02479439 -0.002936661 0.002369284 0.02491104 -0.002800166 0 0.02493298 -0.002773404 0.002352178 0.02503848 -0.002637386 0 0.02506345 -0.00260359 0.002336502 0.02515786 -0.002469301 0 0.02518558 -0.002427577 0.002322614 0.02526545 -0.002301752 0 0.02529907 -0.002245962 0.002311587 0.02535289 -0.002152383 0 0.02540355 -0.002058982 0.002300083 0.0254454 -0.001977562 0 0.02549886 -0.001867175 0.002290368 0.02552455 -0.001810908 0 0.02558469 -0.001670897 0.00228101 0.02560245 -0.00162667 0 0.02566099 -0.001470804 0.00227338 0.02566617 -0.001455485 0 0.02572745 -0.001267194 0.002265512 0.02573335 -0.00124669 0 0.02578395 -0.001060605 0.002259016 0.02578866 -0.001041173 0 0.02583038 -8.51497e-4 0.002254605 0.02582716 -8.67397e-4 0.002250313 0.02586406 -6.57499e-4 0 0.02586656 -6.40407e-4 0.002247273 0.02589017 -4.51803e-4 0 0.02589249 -4.27797e-4 0.002245485 0.02590668 -2.41205e-4 0 0.02590805 -2.141e-4 0.00224471 0.02591317 -3.48091e-5 0 0.02591329 0 0.002245068 0.02591019 1.65701e-4 0 0.02590805 2.141e-4 0.002246379 0.02589786 3.68699e-4 0 0.02589249 4.27693e-4 0.002248823 0.02587705 5.64396e-4 0 0.02586656 6.40303e-4 0.002252519 0.02584487 7.7419e-4 0 0.02583038 8.51497e-4 0.002256989 0.02580565 9.68397e-4 0 0.02578395 0.001060545 0.002263069 0.02575337 0.001176774 0 0.02572745 0.001267194 0.002269804 0.02569568 0.001368284 0 0.02566099 0.001470804 0.002278208 0.02562505 0.001568555 0 0.02558469 0.001670897 0.002287089 0.0255509 0.001751482 0 0.02549886 0.001867055 0.002298295 0.02545928 0.001949667 0 0.02540355 0.002058982 0.002309918 0.02536594 0.00212866 0 0.02529907 0.002245843 0.002323091 0.02526146 0.002308368 0 0.02518558 0.002427577 0.002338111 0.02514475 0.002488493 0 0.02506345 0.00260359 0.00235337 0.02502858 0.002650678 0 0.02493298 0.002773404 0.002370119 0.02490514 0.002807378 0 0.02479439 0.002936661 0.002388 0.02477484 0.002958357 0 0.02464795 0.003093063 0.002407371 0.02463775 0.003103375 0 0.02159929 -9.44808e-4 0.005498886 0.02164715 -9.38505e-4 0 0.02169758 -9.29207e-4 0.005387008 0.02179509 -9.02906e-4 0 0.02179354 -9.03502e-4 0 0.02188634 -8.67903e-4 0.005282998 0.02194124 -8.412e-4 0 0.02197498 -8.22708e-4 0.005225777 0.02202564 -7.91207e-4 0 0.02205836 -7.68602e-4 0.005163073 0.02212178 -7.18206e-4 0 0.02213567 -7.06002e-4 0 0.02220594 -6.35698e-4 0.005097389 0.02222675 -6.11603e-4 0 0.02226859 -5.58406e-4 0 0.02232277 -4.75004e-4 0.005034267 0.02233177 -4.58807e-4 0 0.02236789 -3.86402e-4 0.005007982 0.02237689 -3.65406e-4 0 0.02240353 -2.93598e-4 0.004986464 0.02241444 -2.56702e-4 0 0.02242928 -1.975e-4 0.004971683 0.02244049 -1.3271e-4 0 0.02244478 -9.93013e-5 0.004966378 0.02244997 5.79655e-6 0 0.02244997 0 0 0.02244478 9.93013e-5 0.004973769 0.02243685 1.56403e-4 0 0.02242928 1.975e-4 0.004994869 0.02239954 3.05101e-4 0 0.02240353 2.93598e-4 0 0.02236789 3.86402e-4 0.005029976 0.02233904 4.45589e-4 0 0.02232277 4.74989e-4 0.005079984 0.02225518 5.76302e-4 0 0.02226859 5.58391e-4 0 0.02220594 6.35698e-4 0.005143821 0.02215206 6.90997e-4 0 0.02213567 7.06002e-4 0 0.02205836 7.68602e-4 0.005223572 0.0220291 7.89002e-4 0 0.02197498 8.22693e-4 0.005318462 0.02189046 8.661e-4 0 0.02188634 8.67888e-4 0 0.02179354 9.03502e-4 0.005428194 0.02173948 9.19402e-4 0 0.02169758 9.29192e-4 0.005501866 0.02164328 9.3919e-4 0 0.02159929 9.44793e-4 2.98023e-7 -8.865e-4 -0.01897925 0.01100027 -9.46999e-4 -0.01897615 2.98023e-7 -0.001770973 -0.01891726 0.01100027 -0.001891791 -0.0189054 2.98023e-7 -0.002651691 -0.01881408 0.01100027 -0.002831816 -0.01878756 2.98023e-7 -0.003526568 -0.01866978 0.01100027 -0.003764688 -0.01862311 2.98023e-7 -0.004393875 -0.018485 0.01100027 -0.004688382 -0.01841229 2.98023e-7 -0.005251467 -0.01825976 0.01100027 -0.005600273 -0.01815569 2.98023e-7 -0.006097793 -0.01799488 0.01100027 -0.006498396 -0.01785397 2.98023e-7 -0.006930708 -0.01769077 0.01100027 -0.007380187 -0.01750791 2.98023e-7 -0.007748603 -0.01734817 0.01100027 -0.008243799 -0.01711815 2.98023e-7 -0.008549511 -0.01696777 0.01100027 -0.009086787 -0.01668596 2.98023e-7 -0.009331881 -0.01655036 0.01100027 -0.009907186 -0.01621228 2.98023e-7 -0.01009386 -0.016097 0.01100027 -0.01070296 -0.01569837 2.08616e-7 -0.01083397 -0.01560848 0.004876017 -0.01157331 -0.01506835 0.01100021 -0.01147222 -0.0151453 0.005060613 -0.0116015 -0.01504665 0.004688918 -0.0115562 -0.01508146 0.00516957 -0.0116235 -0.01502966 0.005298316 -0.01165491 -0.01500529 0.00450021 -0.01155042 -0.01508587 0.005449295 -0.01169967 -0.01497048 0.005625307 -0.01176327 -0.01492047 0.005718767 -0.01180249 -0.01488947 0.005818486 -0.01184868 -0.0148527 0.005924105 -0.01190316 -0.01480907 0.006034791 -0.0119667 -0.01475775 0.01100021 -0.01221287 -0.01455467 0.006149709 -0.01204079 -0.01469749 0.006268322 -0.01212698 -0.01462638 0.006389677 -0.01222759 -0.0145424 0.006511807 -0.0123443 -0.01444345 0.006570398 -0.01240742 -0.01438927 2.08616e-7 -0.01155042 -0.01508599 0.006627798 -0.01247459 -0.0143311 0.006683468 -0.01254612 -0.01426845 0.006737112 -0.01262229 -0.01420116 0.01100021 -0.0129233 -0.01392775 0.006788074 -0.01270341 -0.01412856 0.006835877 -0.01278978 -0.01405048 0.006879508 -0.01288139 -0.01396656 0.006916582 -0.0129742 -0.01388037 0.006946921 -0.01306688 -0.01379317 0.006970465 -0.0131604 -0.013704 0.006987214 -0.01325356 -0.01361387 0.01100021 -0.01360142 -0.01326626 0.006996989 -0.01334428 -0.013525 0.007000207 -0.013435 -0.01343488 0.006992995 -0.01356768 -0.01330077 0.006971597 -0.0136981 -0.01316648 0.006936371 -0.01382529 -0.01303279 0.006908774 -0.01389992 -0.01295316 0.01100021 -0.0142458 -0.01257187 0.006869316 -0.01398748 -0.01285868 0.006812989 -0.01408928 -0.01274698 0.006732702 -0.01420688 -0.01261579 0.006683111 -0.01426899 -0.01254558 0.0066244 -0.01433479 -0.01247036 0.00655502 -0.01440411 -0.01239025 0.006473779 -0.01447618 -0.01230585 0.01100021 -0.01485466 -0.01184606 0.006378769 -0.01455068 -0.01221776 0.006267607 -0.01462692 -0.01212638 0.006137013 -0.01470452 -0.01203215 0.005984604 -0.01478189 -0.01193696 0.005901575 -0.0148189 -0.01189106 0.005812883 -0.0148549 -0.011846 0.005718111 -0.01488977 -0.01180207 0.005616605 -0.01492327 -0.01175975 0.005508005 -0.01495498 -0.0117194 0.005391597 -0.0149846 -0.01168149 0.01100021 -0.01542681 -0.01109099 0.0052675 -0.0150116 -0.0116468 0.005141019 -0.01503461 -0.01161718 0.005013704 -0.01505321 -0.01159298 0.0048846 -0.01506769 -0.0115742 0.00475502 -0.015078 -0.01156079 0.004628002 -0.01508396 -0.01155298 2.08616e-7 -0.01563817 -0.010791 2.08616e-7 -0.01508587 -0.01155048 0.00450021 -0.01508587 -0.01155036 0.01100021 -0.01596051 -0.0103082 1.19209e-7 -0.01615232 -0.01000517 0.01100009 -0.01645439 -0.009499788 1.19209e-7 -0.01662677 -0.00919491 0.01100009 -0.01690751 -0.008667767 1.19209e-7 -0.01706081 -0.008362174 0.01100009 -0.0173186 -0.007814288 1.19209e-7 -0.01745319 -0.007508993 0.01100009 -0.0176866 -0.006941258 1.19209e-7 -0.01780277 -0.006637573 0.01100009 -0.01801061 -0.006051063 1.19209e-7 -0.01810902 -0.005749881 0.01100009 -0.0182898 -0.005145788 1.19209e-7 -0.01837098 -0.004848062 0.01099997 -0.01852357 -0.004227697 0 -0.01858812 -0.003934502 0.01099997 -0.01871126 -0.003299057 0 -0.01875978 -0.003011405 0.01099997 -0.01885247 -0.00236237 0 -0.01888567 -0.002080798 0.01099997 -0.01894676 -0.001419663 0 -0.01896542 -0.001145184 0.01099997 -0.01899409 -4.73499e-4 0 -0.0189988 -2.06709e-4 0.01099997 -0.01899409 4.73902e-4 0 -0.0189858 7.32198e-4 0.01099991 -0.01894676 0.001419961 0 -0.0189265 0.001669287 0.01099991 -0.01885247 0.002362668 0 -0.01882088 0.002602398 0.01099991 -0.01871126 0.003299474 0 -0.0186693 0.003529071 0.01099991 -0.01852357 0.004228055 0 -0.01847207 0.004447162 0.01099991 -0.0182898 0.005146086 0 -0.0182299 0.005354344 0.01099991 -0.01801061 0.006051361 0 -0.01794308 0.006248593 0.01099991 -0.0176866 0.006941556 0 -0.01761239 0.007127463 0.01099991 -0.0173186 0.007814586 0 -0.01723867 0.007988989 0.01099979 -0.01690751 0.008668184 -1.78814e-7 -0.01682299 0.008830845 0.01099979 -0.01645439 0.009500145 -1.78814e-7 -0.01636612 0.009651303 0.01099979 -0.01596051 0.0103085 -1.78814e-7 -0.01586931 0.01044809 0.01099979 -0.01542681 0.01109129 -1.78814e-7 -0.01533371 0.0112195 0.01099979 -0.01485466 0.01184648 -1.78814e-7 -0.01476067 0.01196324 0.01099979 -0.0142458 0.01257216 -1.78814e-7 -0.01415157 0.01267796 0.01099979 -0.01360142 0.01326668 -1.78814e-7 -0.0135079 0.01336169 0.01099967 -0.0129233 0.01392817 -2.98023e-7 -0.01283121 0.01401275 0.01099967 -0.01221287 0.01455497 -2.98023e-7 -0.01212316 0.0146296 0.01099967 -0.01147222 0.01514565 -2.98023e-7 -0.01138561 0.01521074 0.01099967 -0.01070296 0.01569867 -2.98023e-7 -0.01062017 0.01575469 0.01099967 -0.009907186 0.0162127 -2.98023e-7 -0.009828805 0.01626014 0.01099967 -0.009086787 0.01668637 -2.98023e-7 -0.009013414 0.01672589 0.01099967 -0.008243799 0.01711857 -2.98023e-7 -0.008175969 0.01715075 0.01099967 -0.007380187 0.01750814 -2.98023e-7 -0.007318675 0.01753389 0.01099967 -0.006498396 0.01785427 -2.98023e-7 -0.006443381 0.017874 0.01099967 -0.005600273 0.01815605 -2.98023e-7 -0.005552411 0.01817059 0.01099967 -0.004688382 0.01841259 -2.98023e-7 -0.00464791 0.01842266 0.01099967 -0.003764688 0.01862335 -2.98023e-7 -0.003732025 0.01862984 0.01099967 -0.002831816 0.01878786 -2.98023e-7 -0.002807021 0.01879149 0.01099967 -0.001891791 0.01890569 -2.98023e-7 -0.001875102 0.01890718 0.01099967 -9.46999e-4 0.01897644 -2.98023e-7 -9.38714e-4 0.01897674 -1.78814e-7 -0.01033818 0.01086837 -1.78814e-7 -0.01086831 0.01033818 -1.78814e-7 -0.009782075 0.01137137 -1.78814e-7 -0.01137131 0.009782195 -1.78814e-7 -0.009201705 0.01184594 -1.78814e-7 -0.011846 0.009201645 -1.78814e-7 -0.008598268 0.01229095 -1.78814e-7 -0.01229101 0.008598268 -1.78814e-7 -0.007973372 0.01270526 0 -0.01270532 0.007973372 -1.78814e-7 -0.00732851 0.01308786 0 -0.0130878 0.00732845 -1.78814e-7 -0.006665408 0.01343768 0 -0.01343768 0.006665349 -2.98023e-7 -0.005985498 0.01375395 0 -0.01375401 0.005985558 -2.98023e-7 -0.001616597 0.01779997 0 -0.01779997 0.001616597 -2.98023e-7 -0.005290806 0.01403588 0 -0.01403588 0.005290746 -2.98023e-7 -0.004582822 0.01428276 0 -0.0142827 0.004582762 -2.98023e-7 -0.003863394 0.01449388 -2.98023e-7 -0.003690123 0.01455765 -2.98023e-7 -0.003775298 0.01452177 -2.98023e-7 -0.003233075 0.01499998 0 -0.01499992 0.003233194 0 -0.01452177 0.003775298 0 -0.01449388 0.003863394 0 -0.01455771 0.003690063 -2.98023e-7 -0.003608703 0.01460134 0 -0.0146014 0.003608703 0 -0.01465231 0.003531575 0 -0.01484459 0.003332853 0 -0.01491999 0.003279387 -2.98023e-7 -0.003459513 0.01471018 -2.98023e-7 -0.003531515 0.01465225 0 -0.01471018 0.003459453 -2.98023e-7 -0.003393113 0.0147745 -2.98023e-7 -0.003279387 0.01491999 -2.98023e-7 -0.003332912 0.01484459 0 -0.0147745 0.003393054 -2.98023e-7 0.001616597 0.01779997 0 -0.01779997 -0.001616597 -2.98023e-7 0.003233194 0.01499998 0 -0.01499992 -0.003233194 0 -0.01491999 -0.003279507 0 -0.01484459 -0.003332853 0 -0.0147745 -0.003393113 -2.98023e-7 0.003332853 0.01484459 -2.98023e-7 0.003459572 0.01471018 -2.98023e-7 0.003393054 0.0147745 -2.98023e-7 0.003531575 0.01465225 -2.98023e-7 0.003279447 0.01491999 -2.98023e-7 0.003608703 0.01460134 0 -0.0146014 -0.003608703 0 -0.01471018 -0.003459453 0 -0.01465231 -0.003531575 -2.98023e-7 0.003690183 0.01455765 0 -0.01452177 -0.003775298 0 -0.01455771 -0.003690183 -2.98023e-7 0.003863453 0.01449388 -2.98023e-7 0.003775358 0.01452177 0 -0.01449388 -0.003863394 -2.98023e-7 0.004506945 0.01430684 0 -0.0143069 -0.004507005 -2.98023e-7 0.005141496 0.01409125 1.19209e-7 -0.01409131 -0.005141496 -1.78814e-7 0.005765795 0.01384758 1.19209e-7 -0.01384747 -0.005765795 -1.78814e-7 0.006378591 0.01357614 1.19209e-7 -0.0135762 -0.006378591 -1.78814e-7 0.006978571 0.01327776 1.19209e-7 -0.0132777 -0.006978571 -1.78814e-7 0.007564663 0.01295274 1.19209e-7 -0.0129528 -0.007564663 -1.78814e-7 0.008135795 0.01260197 1.19209e-7 -0.01260191 -0.008135676 -1.78814e-7 0.008690476 0.01222598 1.19209e-7 -0.01222598 -0.008690476 0 0.01260197 0.008135676 -1.78814e-7 0.01222604 0.008690476 2.08616e-7 -0.008690416 -0.01222598 2.08616e-7 -0.008135676 -0.01260197 0 0.01295274 0.007564663 2.08616e-7 -0.007564723 -0.0129528 0 0.01327776 0.006978571 0 0.01357626 0.006378471 2.08616e-7 -0.006978571 -0.01327776 0 0.01384758 0.005765795 2.08616e-7 -0.006378471 -0.0135762 0 0.01409125 0.005141496 2.08616e-7 -0.005765795 -0.01384758 2.08616e-7 -0.005141496 -0.01409125 2.08616e-7 -0.003775298 -0.01452177 2.08616e-7 -0.003690123 -0.01455777 2.08616e-7 -0.003863394 -0.01449388 0 0.01452189 0.003775298 0 0.01460134 0.003608703 0 0.01455777 0.003690063 0 0.01449388 0.003863394 0 0.01465237 0.003531575 0 0.01471024 0.003459453 2.08616e-7 -0.003608703 -0.0146014 2.08616e-7 -0.003459513 -0.01471018 2.08616e-7 -0.003531515 -0.01465237 0 0.01484465 0.003332853 0 0.0147745 0.003393054 2.08616e-7 -0.003393113 -0.0147745 2.08616e-7 -0.003332912 -0.01484459 0 0.01491999 0.003279387 2.08616e-7 -0.003279387 -0.01491999 0 0.0143069 0.004506886 0 0.01499998 0.003233194 2.08616e-7 -0.003233075 -0.01499998 2.08616e-7 -0.004506886 -0.0143069 0 0.01779997 0.001616597 2.98023e-7 -0.001616597 -0.01779997 0 0.0147745 -0.003393113 0 0.01465237 -0.003531575 0 0.01471024 -0.003459453 2.08616e-7 0.003393054 -0.0147745 2.08616e-7 0.003279447 -0.01491999 2.08616e-7 0.003332853 -0.01484459 0 0.01460134 -0.003608703 0 0.01484465 -0.003332853 0 0.01499998 -0.003233194 0 0.01491999 -0.003279507 2.08616e-7 0.003459572 -0.01471018 2.08616e-7 0.003233194 -0.01499998 2.08616e-7 0.003531575 -0.01465237 2.08616e-7 0.003608703 -0.0146014 0 0.01452189 -0.003775298 0 0.01455777 -0.003690183 0 0.01449388 -0.003863394 2.08616e-7 0.003690183 -0.01455777 2.08616e-7 0.003863453 -0.01449388 2.08616e-7 0.003775358 -0.01452177 1.19209e-7 0.01428276 -0.004582881 2.08616e-7 0.004582881 -0.01428276 0 0.01779997 -0.001616597 1.19209e-7 0.01403588 -0.005290806 2.98023e-7 0.001616597 -0.01779997 2.08616e-7 0.005290865 -0.01403588 2.08616e-7 0.005985558 -0.01375401 2.08616e-7 0.006665349 -0.01343768 2.08616e-7 0.007328569 -0.01308786 2.08616e-7 0.007973372 -0.01270526 2.08616e-7 0.008598268 -0.01229095 2.08616e-7 0.009201765 -0.011846 2.08616e-7 0.009782195 -0.01137137 1.19209e-7 0.01343774 -0.006665408 1.19209e-7 0.01308786 -0.007328569 1.19209e-7 0.01270526 -0.007973372 1.19209e-7 0.01229095 -0.008598268 1.19209e-7 0.01184594 -0.009201765 1.19209e-7 0.01137137 -0.009782195 2.08616e-7 0.01086837 -0.01033818 2.08616e-7 0.01033818 -0.01086837 1.19209e-7 0.01375406 -0.005985558 0.0119999 -0.01786029 0.002238392 0.0119999 -0.01794958 0.001345276 0.01199966 -0.001792192 0.01791065 0.01199966 -0.002682685 0.01779907 0.0119999 -0.01772648 0.003125846 0.01199966 -8.97199e-4 0.01797777 0.01200002 -0.0179944 4.48897e-4 0.01199966 -0.003566622 0.01764327 0.0119999 -0.01754868 0.004005551 0.01199966 -0.004441618 0.01744359 0.0119999 -0.01732718 0.004875302 0.01200002 -0.0179944 -4.48599e-4 0.01199966 -0.005305588 0.01720046 0.0119999 -0.01706272 0.005732953 0.01199966 -0.006156325 0.01691466 0.01200002 -0.01794958 -0.001344978 0.01199966 -0.01157009 0.01378899 0.01199978 -0.01224309 0.01319509 0.01199978 -0.01288557 0.01256847 0.01199978 -0.01349598 0.01191049 0.01199978 -0.01407289 0.01122295 0.01199978 -0.01461482 0.01050758 0.01199966 -0.01086843 0.01434856 0.01199966 -0.009385824 0.0153594 0.01199966 -0.0101397 0.01487249 0.01199978 -0.01512038 0.009765982 0.01200002 -0.01786029 -0.002237975 0.01199966 -0.00860852 0.01580816 0.01199978 -0.0155884 0.009000182 0.01199978 -0.01601761 0.00821197 0.01199966 -0.007809877 0.01621758 0.0119999 -0.01640707 0.007403373 0.01200002 -0.01772648 -0.003125488 0.01199966 -0.006991803 0.01658678 0.0119999 -0.0167557 0.006576299 0.01200002 -0.01754868 -0.004005193 0.01200008 -0.01732718 -0.004874885 0.01200008 -0.01706272 -0.005732595 0.01199978 5.48303e-4 0.01098644 0.01199978 0.001095294 0.01094549 0.01199978 0.001639485 0.01087725 0.01199978 0.002179563 0.01078206 0.01199978 0.002714395 0.01065999 0.01199978 0.003242254 0.01051145 0.01199978 0.003762245 0.01033675 0.01200008 -0.0167557 -0.006575882 0.01199978 0.004272758 0.01013636 0.01200008 -0.01640707 -0.007402956 0.01199978 0.004772782 0.009910762 0.01200008 -0.01601761 -0.008211553 0.01199978 0.005260765 0.009660601 0.01200008 -0.0155884 -0.008999764 0.01199978 0.005735754 0.00938636 0.01200008 -0.01512038 -0.009765565 0.01199978 0.006196558 0.009088754 0.0120002 -0.01461482 -0.01050716 0.0120002 -0.01407289 -0.0112226 0.01199978 0.006641864 0.008768558 0.01199978 0.00707066 0.008426666 0.0120002 -0.01349598 -0.0119102 0.0119999 0.007481873 0.008063793 0.0120002 -0.01288557 -0.01256805 0.0119999 0.007874548 0.007680773 0.0120002 -0.01224309 -0.01319468 0.0119999 0.008247554 0.00727868 0.0119999 0.008600175 0.006858587 0.0120002 -0.01157009 -0.01378858 0.0120002 -0.01086843 -0.0143482 0.0119999 0.008931398 0.006421387 0.0120002 -0.0101397 -0.01487207 0.0119999 0.009240269 0.005968153 0.0120002 -0.009385824 -0.01535898 0.0119999 0.009526252 0.005500197 0.01200032 -0.00860852 -0.0158078 0.0119999 0.009788572 0.005018472 0.01200032 -0.007809877 -0.01621717 0.0119999 0.01002657 0.00452435 0.01200032 -0.006991803 -0.01658636 0.0119999 0.01023954 0.004018843 0.01200032 -0.006156325 -0.0169143 0.0119999 0.01042717 0.003503501 0.0119999 0.01083284 0.001910269 0.0119999 0.01072418 0.002447843 0.0119999 0.01091468 0.001367986 0.0119999 0.01058888 0.002979397 0.01200002 0.01096928 8.22201e-4 0.01200032 -0.005305588 -0.01720011 0.01200002 0.01099658 2.7439e-4 0.01200032 -0.004441618 -0.01744318 0.01200002 0.01099658 -2.74003e-4 0.0120002 5.48303e-4 -0.01098608 0.01200002 0.01096928 -8.21799e-4 0.0120002 0.001095294 -0.01094508 0.01200032 -0.003566622 -0.01764285 0.01200002 0.01091468 -0.001367568 0.0120002 0.001639485 -0.01087695 0.01200002 0.01083284 -0.001909852 0.0120002 0.002179563 -0.0107817 0.01200032 -0.002682685 -0.01779878 0.01200002 0.01072418 -0.002447485 0.0120002 0.002714395 -0.01065969 0.01200002 0.01058888 -0.002979099 0.0120002 0.003242254 -0.0105111 0.01200002 0.01042717 -0.003503203 0.0120002 0.003762245 -0.01033639 0.01200032 -0.001792192 -0.01791036 0.01200032 -8.97199e-4 -0.01797735 0.01200002 0.01023954 -0.004018604 0.0120002 0.004272758 -0.010136 0.01200008 0.01002657 -0.004523992 0.01200008 0.009788572 -0.005018055 0.01200008 0.004772782 -0.009910464 0.01200008 0.005260765 -0.009660184 0.01200008 0.009526252 -0.00549978 0.01200008 0.005735754 -0.009386003 0.01200008 0.009240269 -0.005967795 0.01200008 0.006196558 -0.009088397 0.01200008 0.008931398 -0.006420969 0.01200008 0.008600175 -0.00685817 0.01200008 0.006641864 -0.00876826 0.01200008 0.00707066 -0.008426308 0.01200008 0.007481873 -0.008063375 0.01200008 0.008247554 -0.007278382 0.01200008 0.007874548 -0.007680356 0.009799778 5.48303e-4 0.01098644 0.009799778 0.001095294 0.01094549 0.009799778 0.001639485 0.01087725 0.009799778 0.002179563 0.010782 0.009799778 0.002714395 0.01065999 0.009799778 0.003242254 0.01051145 0.009799778 0.003762245 0.01033675 0.009799778 0.004272758 0.01013636 0.009799778 0.004772782 0.009910762 0.009799778 0.005260765 0.009660601 0.009799778 0.005735754 0.00938636 0.009799778 0.006196558 0.009088754 0.009799778 0.006641864 0.008768558 0.009799778 0.00707066 0.008426547 0.009799778 0.007481873 0.008063673 0.009799778 0.007874548 0.007680773 0.009799897 0.008247554 0.00727868 0.009799897 0.008600175 0.006858468 0.009799897 0.008931398 0.006421267 0.009799897 0.009240269 0.005968153 0.009799897 0.009526252 0.005500197 0.009799897 0.009788572 0.005018472 0.009799897 0.01002657 0.00452429 0.009799897 0.01023954 0.004018843 0.009799897 0.01042717 0.003503501 0.009799897 0.01058888 0.002979397 0.009799897 0.01072418 0.002447843 0.009799897 0.01083284 0.001910269 0.009800016 0.01091468 0.001367866 0.009800016 0.01096928 8.22201e-4 0.009800016 0.01099658 2.7439e-4 0.009800016 0.01099658 -2.74107e-4 0.009800076 5.48303e-4 -0.0109862 0.009800016 0.01096928 -8.21903e-4 0.009800076 0.001095294 -0.0109452 0.009800016 0.01091468 -0.001367568 0.009800076 0.001639485 -0.01087695 0.009800016 0.01083284 -0.001909971 0.009800076 0.002179563 -0.0107817 0.009800016 0.01072418 -0.002447605 0.009800076 0.002714395 -0.01065969 0.009800016 0.01058888 -0.002979099 0.009800076 0.003242254 -0.01051115 0.009800016 0.01042717 -0.003503203 0.009800076 0.003762245 -0.01033645 0.009800076 0.01023954 -0.004018604 0.009800076 0.004272758 -0.01013606 0.009800076 0.01002657 -0.004523992 0.009800076 0.004772782 -0.009910464 0.009800076 0.009788572 -0.005018174 0.009800076 0.005260765 -0.009660303 0.009800076 0.009526252 -0.00549978 0.009800076 0.005735754 -0.009386003 0.009800076 0.009240269 -0.005967855 0.009800076 0.006196558 -0.009088456 0.009800076 0.008931398 -0.006420969 0.009800076 0.006641864 -0.00876826 0.009800076 0.008600175 -0.00685817 0.009800076 0.00707066 -0.008426308 0.009800076 0.008247554 -0.007278382 0.009800076 0.007481873 -0.008063375 0.009800076 0.007874548 -0.007680475 0.004097282 0.01526439 0.01172888 0.003987669 0.01527506 0.01173955 0.003877401 0.01528155 0.01174604 0.004206299 0.01524925 0.0117138 0.001999795 0.01222604 0.008690476 0.004499793 0.01520615 0.01167064 0.001999795 0.008690476 0.01222598 0.002000093 -0.01222598 -0.008690476 0.002000212 -0.008690416 -0.01222598 0.004685282 0.01517766 0.01165175 0.004869401 0.01514267 0.01164579 0.005052089 0.01510137 0.01165306 0.005160987 0.01507365 0.01166409 0.005290806 0.01503765 0.01168388 0.005443274 0.01499116 0.01171696 0.005620121 0.01493084 0.01177006 0.005713701 0.01489609 0.01180505 0.005813479 0.01485639 0.01184827 0.005000174 0.003233194 -0.01499986 0.002000212 0.003233194 -0.01499998 0.005000174 -0.003233075 -0.01499986 0.002000212 -0.003233075 -0.01499998 0.005000293 -0.001616597 -0.01779985 0.005000293 0.001616597 -0.01779985 0.004999995 -0.01499992 -0.003233075 0.001999974 -0.01499992 -0.003233075 0.004999876 -0.01499992 0.003233194 0.001999914 -0.01499992 0.003233194 0.004999876 -0.01779997 0.001616656 0.004999995 -0.01779997 -0.001616477 0.004999697 -0.003233075 0.01500004 0.001999676 -0.003233075 0.01499998 0.004999697 0.003233194 0.01500004 0.001999676 0.003233194 0.01499998 0.004999697 0.001616597 0.01780009 0.004999697 -0.001616597 0.01780009 0.004999876 0.01499998 0.003233194 0.001999914 0.01499998 0.003233194 0.004999995 0.01499998 -0.003233075 0.001999974 0.01499998 -0.003233075 0.004999995 0.01779997 -0.001616477 0.004999876 0.01779997 0.001616656 0.01045632 0.0187363 -0.003207385 0.01011121 0.01877075 -0.003161787 0.005159616 0.015266 -0.01145178 0.004976868 0.02203357 -0.002960383 0.005009114 0.02178478 -0.003392875 0.004797101 0.02233254 -0.002985477 0.004632294 0.02263975 -0.003014206 0.004482924 0.02295434 -0.003046572 0.004534184 0.02230864 -0.003915965 0.005171179 0.02174347 -0.002938985 0.005102217 0.02165025 -0.003382861 0.005198597 0.02151769 -0.003373861 0.005379617 0.02146309 -0.002921402 0.005298018 0.02138698 -0.003365874 0.005400776 0.02125835 -0.0033589 0.00942707 0.01889097 -0.003080189 0.009399294 0.01879155 -0.003554165 0.009089767 0.01897639 -0.003044486 0.009767889 0.01882237 -0.003119289 0.009556114 0.01875817 -0.003576457 0.009713888 0.01872819 -0.003599584 0.009205579 0.01877444 -0.00378108 0.009054124 0.01881426 -0.003758966 0.009872913 0.01870179 -0.003623664 0.00935781 0.01873797 -0.003804087 0.005428314 0.01852774 -0.007504403 0.005246818 0.01769286 -0.008660078 0.004434585 0.01816719 -0.008731782 0.004307389 0.01645076 -0.0105167 0.007407009 0.01722449 -0.008258104 0.007984578 0.01789957 -0.006805598 0.006539285 0.01812869 -0.007216095 0.007233202 0.01702165 -0.008642852 0.007053613 0.01681119 -0.009022355 0.006158292 0.01727688 -0.008672595 0.006848096 0.01656889 -0.009437203 0.004784822 0.01580315 -0.01097369 0.006113767 0.01568406 -0.01078778 0.006342887 0.0204519 -0.002889752 0.005961775 0.02073049 -0.003114759 0.006083786 0.02068686 -0.002891898 0.005836486 0.02093404 -0.002897799 0.005601465 0.02119308 -0.002907693 0.005039572 0.02124065 -0.004283964 0.004556179 0.02163887 -0.004766762 0.00504589 0.02095109 -0.004720807 0.00561887 0.02031296 -0.004713356 0.005045115 0.02080297 -0.004940867 0.004539608 0.02018648 -0.006498277 0.005544722 0.01951098 -0.006065487 0.005600214 0.02005958 -0.005162954 0.008428812 0.01919656 -0.002983868 0.008289098 0.01916819 -0.003312766 0.008106768 0.01933085 -0.002958953 0.008443713 0.01910716 -0.003328204 0.008756697 0.01907825 -0.003012359 0.008081912 0.01903575 -0.004027605 0.006221413 0.01952677 -0.005203604 0.006195187 0.01941537 -0.005433082 0.006804823 0.01887017 -0.005748391 0.007847905 0.01886415 -0.004750072 0.007194399 0.01934128 -0.004314959 0.009828686 0.01855099 -0.00426501 0.009756207 0.01856219 -0.004251182 0.008460819 0.01848435 -0.005223572 0.007592618 0.01865458 -0.005471408 0.008394718 0.01839888 -0.005482256 0.00831151 0.01829397 -0.005784571 0.00498867 0.01929879 -0.006974756 0.009397208 0.01838755 -0.004997491 0.007568001 0.01860487 -0.005599081 0.007537722 0.01854544 -0.005748808 0.008212685 0.01817256 -0.006116688 0.009314894 0.0183112 -0.00526148 0.007502615 0.01847845 -0.005913794 0.006065487 0.01876318 -0.00661838 0.007466018 0.01841056 -0.006077587 0.0081079 0.01804608 -0.00644499 0.009212374 0.01821708 -0.0055691 0.009166777 0.01817548 -0.005699455 0.00742352 0.01833385 -0.006258189 0.009111881 0.01812547 -0.005851864 0.008985579 0.01801097 -0.006186068 0.008919894 0.01795154 -0.006352186 0.008853018 0.01789104 -0.006516456 0.008714497 0.0177657 -0.00684297 0.005825877 0.01785969 -0.008074998 0.008635401 0.01769399 -0.007022202 0.005826771 0.01657909 -0.009723365 0.005630195 0.02089667 -0.00356549 0.006094098 0.02033978 -0.003783762 0.005528688 0.02078837 -0.004022002 0.007586419 0.01954615 -0.003088653 0.007791519 0.01948088 -0.002937853 0.00748372 0.01964616 -0.002920508 0.007184207 0.01982647 -0.002906978 0.006893813 0.02002108 -0.002897381 0.007112085 0.01968348 -0.003525257 0.006810486 0.01958245 -0.004280209 0.00704658 0.01959908 -0.003873586 0.006936669 0.01949954 -0.004290699 0.00706458 0.01941919 -0.004302263 0.008915185 0.01874476 -0.004126369 0.0069893 0.0191707 -0.004959404 0.008769392 0.01866644 -0.004493653 0.006891608 0.01904875 -0.005317866 0.008617579 0.01857954 -0.004859864 0.006594717 0.01750409 -0.008137583 0.004986822 0.02151596 -0.003951191 0.00652492 0.02016675 -0.00330466 0.006613075 0.02022975 -0.0028916 0.006142973 0.02014046 -0.004131257 0.006278395 0.01969528 -0.00481379 0.004482924 0.02295434 0.003046691 0.004632174 0.02263975 0.003014266 0.004478871 0.02301549 0.002944767 0.004472315 0.02307778 0.002844095 0.004473924 0.02306514 -0.002864003 0.0104562 0.0187363 0.003207802 0.006768286 0.02040427 8.46893e-4 0.004796981 0.02233254 0.002985596 0.00466299 0.02272516 0.00264728 0.004452466 0.02320599 0.002646088 0.00439608 0.02347326 0.002259552 0.004744291 0.02256727 0.002632498 0.004976809 0.02203357 0.002960503 0.00470227 0.02287369 0.001516282 0.004328608 0.02375149 0.001881957 0.004307389 0.02383875 0.001760363 0.004735291 0.02280217 0.001558482 0.004660487 0.02298218 0.001296103 0.004634082 0.02304369 0.001243054 0.004288315 0.0239197 0.001634895 0.004271209 0.02399426 0.001505792 0.00462079 0.02307796 0.001175165 0.004608809 0.02310949 0.001106858 0.004597902 0.0231384 0.001038372 0.004577219 0.02318948 9.74998e-4 0.004252016 0.02408075 0.001334667 0.004240691 0.02413266 0.001217484 0.004565298 0.02322196 8.85099e-4 0.00422877 0.02418869 0.001073658 0.004558205 0.0232414 8.24899e-4 0.004550576 0.0232625 7.52196e-4 0.004536211 0.02329969 6.814e-4 0.00421667 0.02424675 8.97303e-4 0.004206299 0.0242967 7.07895e-4 0.004528701 0.02332079 5.93096e-4 0.004522204 0.02333927 4.99889e-4 0.004513323 0.02336287 4.23402e-4 0.004201412 0.02432119 5.91993e-4 0.004197001 0.02434277 4.64693e-4 0.004510402 0.02337139 3.66792e-4 0.00450772 0.02337908 3.04893e-4 0.004192411 0.02436554 2.69294e-4 0.005836367 0.02093404 0.002897977 0.005671918 0.0213204 0.00206238 0.005601406 0.02119308 0.002907872 0.004504799 0.02338755 2.10702e-4 0.004501581 0.02339607 1.32501e-4 0.004190623 0.02437508 1.1e-4 0.004500567 0.02339887 5.57899e-5 0.004190266 0.02437639 -6.49989e-5 0.006083667 0.02068686 0.002891957 0.005855798 0.02111518 0.002055764 0.004500508 0.02339935 -2.82079e-5 0.004501402 0.02339655 -1.19507e-4 0.004192173 0.02436679 -2.54899e-4 0.005917191 0.02105069 0.002049863 0.004503786 0.02339005 -1.9151e-4 0.004506409 0.02338278 -2.79799e-4 0.004196166 0.02434664 -4.379e-4 0.004510402 0.0233711 -3.75003e-4 0.004203081 0.02431285 -6.33702e-4 0.006111621 0.02085775 0.002028167 0.006342768 0.0204519 0.00288999 0.00451672 0.02335429 -4.38899e-4 0.004519999 0.02334499 -4.94003e-4 0.006173908 0.02080136 0.002006471 0.004208207 0.02428758 -7.4631e-4 0.004523873 0.02333378 -5.51507e-4 0.004214584 0.02425664 -8.63001e-4 0.004532694 0.02331066 -6.06909e-4 0.004537701 0.02329677 -6.66901e-4 0.00631231 0.02067476 0.001999557 0.006893694 0.02002108 0.00289756 0.006613016 0.02022975 0.002891778 0.004545688 0.0232743 -7.52598e-4 0.004222393 0.02421957 -9.83909e-4 0.004235267 0.02415835 -0.001153886 0.004556477 0.02324664 -7.99403e-4 0.004566669 0.02321857 -8.8881e-4 0.00425142 0.02408367 -0.001328587 0.004578709 0.02318584 -9.79498e-4 0.004270613 0.02399677 -0.001501202 0.004604518 0.02312254 -0.001053452 0.004618883 0.02308458 -0.001141786 0.004629671 0.02305644 -0.001201152 0.004293024 0.02389955 -0.001667261 0.004641473 0.02302616 -0.001260399 0.004310011 0.02382797 -0.001776099 0.004668414 0.02296435 -0.001309394 0.006994783 0.02013766 0.001980781 0.007184088 0.01982647 0.002907156 0.007150769 0.02003306 0.001977086 0.004712581 0.02285009 -0.001541376 0.004328668 0.02375149 -0.001881897 0.004399418 0.02345967 -0.002278566 0.00473839 0.02279448 -0.00157237 0.007483601 0.01964616 0.002920687 0.007309973 0.01993227 0.001973986 0.007472395 0.01983559 0.001971483 0.007791399 0.01948088 0.002938091 0.007638096 0.01974278 0.001969456 0.008428692 0.01919656 0.002984046 0.007807075 0.01965397 0.001968145 0.008106708 0.01933085 0.002959191 0.00443238 0.02330976 -0.002492487 0.004664599 0.02272009 -0.002652704 0.004457175 0.02317994 -0.002685189 0.004683613 0.02264976 -0.002742171 0.004746019 0.02256238 -0.002637863 0.005493581 0.02153819 -0.002057909 0.005670011 0.02132314 -0.002059459 0.006289005 0.02077466 -0.001298367 0.006327807 0.02074027 -0.001289665 0.006850302 0.02028375 -0.001635968 0.005894124 0.02107518 -0.002050161 0.005932688 0.02103555 -0.00204426 0.01011109 0.01877075 0.003162086 0.01003599 0.01890385 0.002409279 0.00976777 0.01882237 0.003119587 0.009427011 0.01889097 0.003080487 0.009873509 0.01896184 0.002148985 0.01021069 0.01888215 0.002419948 0.0100494 0.01893579 0.002156257 0.007345616 0.01985836 -0.002307772 0.007505178 0.0197649 -0.002307772 0.007667899 0.01967519 -0.002308487 0.007833898 0.01958924 -0.002309978 0.008868992 0.01928478 -0.001309454 0.009875476 0.01896929 -0.002086281 0.0100519 0.01894307 -0.002092957 0.01004171 0.01891589 -0.002316772 0.01021718 0.01889419 -0.002326369 0.01020479 0.01887208 -0.002495169 0.005160272 0.02193814 0.002352893 0.005379498 0.02146309 0.002921581 0.00517112 0.02174347 0.002939164 0.005162596 0.02203118 0.001823484 0.005087375 0.0221464 -0.001827955 0.008835971 0.01922076 0.002045094 0.009089708 0.01897639 0.003044784 0.008756577 0.01907825 0.003012657 0.008853673 0.01931136 9.71302e-4 0.007780015 0.01976209 9.05603e-4 0.0088436 0.01932686 7.07194e-4 0.007771968 0.01977235 7.72491e-4 0.007764995 0.01978117 6.37889e-4 0.00883609 0.01933759 4.39495e-4 0.008756399 0.01936906 5.07981e-5 0.007721185 0.0198099 4.42401e-4 0.008753776 0.01936995 -1.02967e-5 0.007641971 0.01985764 4.59999e-5 0.007640719 0.01985847 1.47969e-5 0.007638394 0.01985967 -4.76986e-5 0.008755981 0.01936715 -2.81006e-4 0.007639706 0.01985806 -1.85996e-4 0.007624506 0.01986569 -2.49103e-4 0.007747709 0.01977539 -9.71809e-4 0.00885719 0.01930564 -0.001052558 0.009939193 0.01905125 0.001046657 0.007813096 0.01971656 -0.001343965 0.009935617 0.01906496 7.82296e-4 0.007823586 0.01970064 -0.0014683 0.009933769 0.01907038 6.49497e-4 0.009932279 0.01907479 5.16191e-4 0.009930074 0.01908057 2.4879e-4 0.009892225 0.01908808 5.59986e-5 0.009890913 0.01908826 2.57939e-5 0.009891092 0.01908797 -1.08197e-4 0.009892582 0.01908427 -3.75807e-4 0.009935319 0.01906579 -7.62507e-4 0.009939014 0.01905244 -0.001026153 0.007115006 0.02016478 -6.69703e-4 0.007071971 0.02019119 -7.34508e-4 0.004318296 0.01659339 0.01037168 0.005793988 0.01652824 0.009798645 0.009885013 0.01871466 0.00355935 0.009844481 0.01867276 0.003765702 0.009687483 0.01869916 0.003740549 0.009531676 0.01872909 0.003716468 0.007619321 0.01922136 0.004064083 0.00747931 0.01929479 0.004049003 0.006941497 0.01961505 0.004000484 0.006811976 0.01970177 0.003991186 0.006684482 0.01979118 0.003982961 0.006558716 0.01988339 0.003975868 0.005104005 0.02163606 0.003406703 0.005010783 0.02177029 0.003416597 0.00453639 0.02227246 0.003963947 0.007725179 0.01759475 0.007498562 0.00761348 0.01746469 0.007774651 0.006474792 0.0179733 0.007497787 0.007498502 0.01733076 0.008048176 0.007380306 0.01719307 0.008319079 0.006843984 0.01656377 0.009445667 0.006709992 0.01640474 0.009705901 0.004509389 0.01945817 0.007323384 0.005434572 0.01864349 0.007350862 0.005515396 0.01909464 0.006678283 0.006574273 0.01624268 0.009962797 0.006436586 0.0160771 0.01021647 0.0044173 0.01791149 0.009004175 0.005124568 0.01714545 0.0093652 0.005311489 0.01802688 0.008216977 0.009490787 0.01847565 0.0046736 0.008544206 0.01892006 0.003881752 0.008556604 0.0186131 0.004809796 0.009433209 0.01842117 0.004876554 0.009373009 0.01836478 0.00507766 0.008512496 0.01855248 0.00500828 0.009341597 0.0183357 0.005178451 0.009309589 0.01830619 0.005278468 0.008465766 0.01849019 0.005205154 0.008416593 0.01842617 0.005400598 0.009244084 0.01824599 0.005476772 0.009210407 0.01821506 0.005575478 0.009176194 0.01818388 0.005673468 0.008364975 0.01836049 0.005594551 0.00910592 0.01811999 0.005868792 0.008311212 0.01829308 0.005787193 0.009069979 0.01808738 0.00596559 0.00902152 0.01804339 0.006093859 0.008235991 0.01820039 0.006042182 0.008946478 0.01797544 0.006286263 0.007678985 0.0188418 0.004968583 0.007663786 0.01880645 0.005066096 0.005736172 0.02074015 0.003660082 0.006434619 0.01997834 0.003969848 0.005605995 0.02047204 0.004456758 0.008843481 0.01788228 0.006540298 0.007833302 0.01772117 0.007219552 0.007647991 0.01877087 0.005162954 0.007631719 0.01873499 0.005259394 0.006874084 0.01913869 0.005156993 0.007614672 0.01869875 0.005355358 0.007597208 0.01866227 0.005450844 0.007572889 0.0186131 0.005577683 0.008588492 0.01765125 0.007126748 0.00623238 0.0197463 0.004781663 0.005594611 0.02020967 0.004927396 0.006211817 0.01963376 0.00502175 0.005028367 0.02131688 0.004184901 0.004557311 0.02156358 0.004860579 0.005569219 0.01984864 0.005536079 0.006184875 0.0194813 0.005330801 0.007296204 0.0181123 0.006757259 0.005038082 0.0210129 0.004642844 0.006753206 0.01858955 0.006297886 0.00503838 0.02085697 0.004874169 0.005038619 0.02064925 0.005171656 0.004550576 0.02058786 0.006032466 0.006007075 0.01849108 0.007069945 0.005021095 0.01979237 0.006330549 0.006297111 0.01755386 0.008216798 0.006128907 0.01719719 0.008794665 0.004919767 0.01869577 0.007749199 0.005609691 0.01723319 0.009003102 0.005059421 0.01613229 0.01052486 0.006934583 0.01924979 0.004855275 0.007466077 0.01837176 0.006154477 0.006162464 0.01916438 0.005892693 0.005883574 0.01805907 0.007768452 0.00412482 0.0159471 0.01107299 0.004054903 0.01595586 0.01108378 0.00398451 0.01596289 0.01109296 0.003979086 0.01664799 0.01044595 0.003937125 0.01951438 0.007700383 0.003940463 0.01936095 0.007848978 0.004234194 0.01942938 0.007606804 0.004175186 0.01730066 0.009751498 0.003953218 0.01870107 0.00848639 0.004206895 0.01830989 0.008745849 0.00422728 0.01910728 0.007937252 0.004088103 0.01907366 0.008057475 0.003655791 0.01907598 0.008216083 0.003632724 0.01940977 0.00790435 0.00424087 0.01979947 0.007224202 0.003627181 0.01948738 0.007831752 0.003605067 0.01979428 0.007544755 0.00424838 0.02038764 0.006608545 0.003510713 0.02098315 0.006430685 0.003922224 0.02012008 0.007110655 0.004249095 0.02146685 0.005451679 0.004251182 0.02095437 0.006006062 0.004375398 0.022587 0.003923952 0.004387974 0.02257668 0.003910303 0.004349887 0.02277827 0.00372225 0.004362583 0.02259707 0.003937602 0.004349589 0.02260714 0.003951191 0.004323482 0.02279949 0.003750801 0.004336297 0.02261716 0.003964662 0.004322767 0.02262717 0.003978252 0.004296302 0.02282017 0.003778994 0.004308879 0.02263706 0.003991901 0.004294812 0.02264696 0.004005491 0.004268288 0.02284026 0.003806769 0.004280269 0.02265685 0.004019081 0.004265487 0.02266669 0.00403279 0.004239618 0.02285999 0.003834187 0.004250288 0.02267646 0.004046499 0.004425823 0.02287256 0.003391146 0.004442274 0.02300858 0.003114879 0.004397571 0.02306085 0.003181874 0.003569722 0.02331769 0.004063546 0.003590166 0.02350336 0.003849089 0.00350511 0.02352225 0.003889262 0.003611683 0.02330815 0.004043996 0.003526985 0.02332657 0.004082679 0.003483474 0.02333468 0.004101097 0.003417968 0.02353799 0.003926694 0.003439188 0.02334207 0.004118978 0.003394186 0.02334868 0.004136145 0.003329217 0.02355068 0.003961086 0.00334829 0.02335464 0.004152774 0.00330162 0.02335977 0.004168748 0.004369199 0.01929038 0.00763899 0.003874123 0.01908367 0.008146166 0.003929972 0.01981735 0.007405877 0.004086017 0.020262 0.006868779 0.004404902 0.02049648 0.006329774 0.0039047 0.02070569 0.006536662 0.003695368 0.02114558 0.006205677 0.003457188 0.02157729 0.005872249 0.00407052 0.02138847 0.005716502 0.003883481 0.02128994 0.005959153 0.004413306 0.02152484 0.005165696 0.003676474 0.02144068 0.005921959 0.004412472 0.02164906 0.005021274 0.004246115 0.02172207 0.005171895 0.004411518 0.02174097 0.004913985 0.004242897 0.02191054 0.004963278 0.004233717 0.02228647 0.00454235 0.004060924 0.02177977 0.005309164 0.003860294 0.02182054 0.005430459 0.004064321 0.02164947 0.005445301 0.004058122 0.02187627 0.005208075 0.003648817 0.02184325 0.005533754 0.003431022 0.02184748 0.005617976 0.003658294 0.02170908 0.005663394 0.003228604 0.02169817 0.005808174 0.003641605 0.02194267 0.005437672 0.003410696 0.02204769 0.005429387 0.004051923 0.02206897 0.00500518 0.003211379 0.02183347 0.005682587 0.003198504 0.02193379 0.005589544 0.003626585 0.02214139 0.005245268 0.004045009 0.0222615 0.004801273 0.003840208 0.0222131 0.005035996 0.004399418 0.02228915 0.004261851 0.004405319 0.02247709 0.004005372 0.003139376 0.02237296 0.005181849 0.004087924 0.02285838 0.004070997 0.004210114 0.02287918 0.003861248 0.004179775 0.02289789 0.003887951 0.004148721 0.02291619 0.003914356 0.004116594 0.0229339 0.003940463 0.004083693 0.02295118 0.003966152 0.00407052 0.02286696 0.004083871 0.003979504 0.02300029 0.004041492 0.003942787 0.02301555 0.00406599 0.004050016 0.02296805 0.003991663 0.004015207 0.02298438 0.004016757 0.003905117 0.02303045 0.00409007 0.003866195 0.02304488 0.004113852 0.003820717 0.02285116 0.004370391 0.004327118 0.02288186 0.003631472 0.004313886 0.02289247 0.003645896 0.003594577 0.02300387 0.004378259 0.004285275 0.02308505 0.003443658 0.004240274 0.02320539 0.003374993 0.00418049 0.02324908 0.003436148 0.004296481 0.0231595 0.003312051 0.004348993 0.02311128 0.003247678 0.003861188 0.02313977 0.004012167 0.003660917 0.02320116 0.004122257 0.003653109 0.02329796 0.004023671 0.003639578 0.02320647 0.004132568 0.003860473 0.02332568 0.003800749 0.003907978 0.02339839 0.003661394 0.003832399 0.02342897 0.003712058 0.003980815 0.02336508 0.003608286 0.003822207 0.02333998 0.003825068 0.003673315 0.02348154 0.003806054 0.003754079 0.02345669 0.003760397 0.003005683 0.02325147 0.004365682 0.00331211 0.0229249 0.004600465 0.003087103 0.02347075 0.004134058 0.003147304 0.02356654 0.00402069 0.003054618 0.02356976 0.004045784 0.003238916 0.02356028 0.003992378 0.003039777 0.02347159 0.004145562 0.002960979 0.02356988 0.004067599 0.002991974 0.02347147 0.004156351 0.002772212 0.02356046 0.004101395 0.002866923 0.02356678 0.004086196 0.004167616 0.02061337 0.006444454 0.004080116 0.02083927 0.006281793 0.004077911 0.02098327 0.006134271 0.003894567 0.020998 0.006248354 0.003704369 0.02099788 0.006347358 0.003878116 0.0214228 0.005827367 0.003872394 0.02155536 0.005695283 0.00406748 0.02151906 0.00558108 0.004247784 0.02159458 0.005312085 0.003667473 0.02157485 0.005792796 0.003866493 0.02168798 0.005562961 0.003444194 0.02171236 0.005745172 0.003855466 0.02191877 0.005332052 0.003850579 0.02201688 0.005233585 0.003845512 0.02211499 0.00513488 0.003387689 0.02226686 0.005222558 0.003498375 0.0223158 0.005131602 0.003827989 0.02242785 0.004818797 0.003814816 0.02264255 0.004600465 0.00359112 0.02257674 0.004822194 0.004036486 0.02247208 0.004576683 0.004134416 0.02248477 0.00444597 0.003363609 0.02248615 0.005015492 0.004048883 0.02277517 0.004218161 0.004045009 0.0226745 0.004338502 0.003571808 0.02279454 0.004609704 0.003572463 0.02290147 0.004498898 0.0041067 0.02302926 0.003839075 0.004090607 0.02312785 0.003742098 0.004090607 0.02321726 0.003631174 0.004050612 0.02332895 0.003552973 0.00411719 0.02329027 0.003495573 0.003306984 0.02314245 0.004385352 0.00332731 0.02324885 0.004269897 0.00433129 0.02072495 0.006166875 0.003891885 0.02107095 0.006176173 0.004280388 0.02253615 0.004169464 0.004138767 0.02258437 0.004324674 0.003600299 0.02246797 0.004928171 0.003982722 0.0226202 0.004468977 0.002722918 0.02428364 0.003417789 0.002524197 0.02450656 0.003227472 0.002619922 0.02451568 0.003209352 0.002714991 0.02452147 0.003187775 0.00276792 0.02428627 0.003407299 0.002812683 0.02428817 0.003395974 0.002809464 0.02452385 0.00316286 0.002863585 0.02381098 0.003852367 0.002911388 0.02381306 0.0038414 0.004250407 0.02380597 0.002309679 0.004236996 0.02392655 0.002098381 0.004197716 0.02398139 0.002169191 0.004269182 0.02378004 0.002276062 0.004271984 0.02386999 0.002026796 0.004302501 0.02381145 0.001954674 0.004346013 0.02324378 0.003044545 0.004369378 0.02321827 0.003010869 0.004329681 0.02338916 0.002839267 0.004391789 0.02319234 0.002976775 0.004413306 0.02316576 0.002942383 0.002992987 0.02440416 0.003223001 0.002903103 0.02452307 0.003134548 0.002995491 0.02451896 0.003103077 0.003037571 0.02440166 0.003206968 0.003081798 0.02439838 0.003190398 0.003086566 0.02451157 0.003068387 0.003176093 0.02450078 0.003030598 0.003173112 0.02368867 0.003888487 0.003184318 0.02392774 0.003637373 0.003219068 0.02368557 0.00387305 0.004111468 0.02401918 0.002407968 0.004054903 0.02413308 0.002375245 0.003999412 0.02417898 0.002441287 0.004106581 0.02408468 0.002307772 0.004135787 0.02399528 0.002374887 0.004154205 0.02403408 0.002239048 0.004126787 0.02383035 0.002684593 0.00418061 0.02339619 0.003232598 0.004372179 0.02343666 0.002547681 0.004210174 0.02337396 0.00320059 0.004238784 0.02335107 0.003168165 0.004266619 0.02332758 0.003135383 0.003259778 0.0244323 0.00305289 0.003263771 0.02448689 0.002989768 0.003349483 0.02446967 0.002946078 0.003433108 0.02444928 0.002899587 0.002871274 0.0239923 0.003674268 0.003308176 0.02420127 0.003276169 0.003350019 0.02419418 0.003256082 0.003391325 0.02418625 0.003235161 0.003432214 0.02417778 0.003213703 0.00351417 0.02442574 0.002850353 0.003917098 0.02410846 0.002715945 0.003810882 0.02430158 0.002629101 0.003741204 0.02433699 0.002687871 0.003877282 0.02426338 0.002568364 0.003948211 0.02408897 0.002685546 0.003940105 0.02422249 0.00250566 0.003444314 0.02371788 0.003718793 0.0034886 0.02370959 0.003697872 0.004261672 0.0236361 0.002613663 0.004052996 0.02340507 0.003452897 0.00403738 0.02363646 0.003168404 0.004002869 0.02365648 0.003199875 0.003967463 0.02367579 0.003230869 0.003063082 0.02425616 0.003347694 0.003690004 0.02416187 0.002979993 0.003709673 0.02394956 0.003221273 0.003592669 0.02439916 0.002798557 0.003668487 0.02436959 0.002744376 0.003454566 0.02395665 0.003447055 0.003937482 0.02390635 0.002964496 0.00374037 0.02370959 0.003479957 0.004162013 0.02364546 0.002895295 0.0043388 0.02355766 0.002436757 0.004197895 0.02351957 0.003006994 0.00430262 0.02381145 -0.001954495 0.002524316 0.02450656 -0.003227472 0.004251897 0.02396428 0.001896202 0.004235506 0.02399444 0.001929044 0.004225909 0.02404057 0.001862764 0.004208505 0.02407139 0.001894474 0.004190206 0.02410155 0.001925885 0.004170894 0.02413129 0.001956999 0.004159271 0.02419239 0.001865863 0.004139006 0.02422297 0.001895487 0.004117667 0.02425307 0.001924991 0.004110276 0.02429419 0.001860797 0.004088103 0.02432477 0.001889169 0.004064798 0.02435475 0.001917362 0.00404042 0.02438449 0.001945376 0.004032015 0.02443528 0.001863598 0.002680182 0.02472555 0.002982079 0.002717316 0.02479016 0.002899587 0.002800107 0.02484929 0.002803444 0.002633988 0.02472436 0.002992272 0.002836704 0.02491086 0.002711296 0.002881884 0.02490639 0.002698302 0.002754509 0.02485156 0.002815365 0.002956271 0.02501088 0.002515196 0.002918899 0.02496117 0.002606391 0.003001093 0.02500265 0.002500951 0.002671182 0.02479034 0.002910375 0.002873778 0.02496707 0.002619683 0.002587378 0.02472245 0.003001868 0.002791285 0.0249145 0.002723574 0.002708673 0.02485299 0.002826571 0.002911388 0.02501809 0.002528786 0.004208266 0.02407306 -0.00189197 0.004158914 0.02419477 -0.001862108 0.004225611 0.02404224 -0.00186026 0.004138588 0.02422535 -0.001891672 0.004084169 0.02434706 -0.001853168 0.004254519 0.02395248 -0.001912772 0.004271984 0.02386999 -0.002026677 0.004189908 0.02410328 -0.001923263 0.00411731 0.02425557 -0.001921057 0.004238069 0.02398234 -0.001945972 0.004237115 0.02392655 -0.002098262 0.004197776 0.02398139 -0.002169072 0.004170596 0.02413308 -0.001954495 0.004154324 0.02403408 -0.002238869 0.004095017 0.02428525 -0.001950263 0.004060983 0.02437758 -0.001880884 0.004036605 0.02440768 -0.001908481 0.002919912 0.02495408 -0.00261569 0.002912521 0.02501004 -0.002539992 0.002957463 0.02500289 -0.002526283 0.003002166 0.02499479 -0.002511978 0.00287491 0.02495986 -0.002629101 0.002881586 0.02490919 -0.002694606 0.002836406 0.02491366 -0.0027076 0.002790987 0.02491736 -0.002719879 0.002799212 0.02485668 -0.002794384 0.002753615 0.02485895 -0.002806305 0.002707719 0.0248605 -0.002817571 0.00271672 0.02479535 -0.002893507 0.002670586 0.02479559 -0.002904295 0.002679884 0.02472847 -0.002978801 0.002903223 0.02452307 -0.003134489 0.002809584 0.02452385 -0.003162801 0.00271511 0.02452147 -0.003187775 0.00263369 0.02472734 -0.002989053 0.002619981 0.02451568 -0.003209292 0.00258708 0.02472537 -0.00299859 0.004224598 0.02409887 0.001681685 0.004205286 0.02414917 0.001679956 0.004195213 0.02420085 0.001588284 0.003963887 0.02434396 0.00225687 0.004166007 0.02427178 0.001589775 0.003934621 0.0243687 0.002286553 0.003904402 0.02439266 0.002315998 0.004159867 0.02430498 0.001525759 0.003873407 0.02441596 0.002344965 0.003868401 0.02444767 0.002303481 0.004152894 0.02434307 0.001447856 0.003346979 0.02469885 0.0026654 0.003304779 0.02471119 0.002686202 0.003262221 0.02472269 0.002706468 0.003219068 0.02473336 0.002725958 0.002570509 0.02497977 0.002696275 0.002603709 0.02506887 0.002568185 0.002562582 0.02503895 0.002618074 0.002622485 0.02509707 0.002523183 0.002614796 0.02515655 0.002436101 0.002607703 0.02521216 0.002350389 0.002646267 0.02526116 0.002257764 0.002623677 0.02526277 0.002261996 0.002601087 0.02526426 0.002266049 0.004175782 0.02427679 -0.001487851 0.004158675 0.02431154 -0.001512467 0.003983974 0.02467584 -0.001439571 0.004184901 0.02422869 -0.001581251 0.004167377 0.02429419 -0.001500189 0.004224121 0.02410149 -0.001677393 0.004194974 0.02417659 -0.001674771 0.003806471 0.02476799 -0.001840054 0.004023373 0.02427005 -0.002226889 0.003999471 0.02417898 -0.002441167 0.003940224 0.02422249 -0.0025056 0.004055023 0.02413308 -0.002375066 0.0041067 0.02408468 -0.002307653 0.003961682 0.02435767 -0.00223869 0.003932416 0.02438247 -0.002268195 0.003902316 0.02440679 -0.002297401 0.003871202 0.02443039 -0.00232619 0.003741323 0.02433699 -0.002687752 0.003668606 0.02436959 -0.002744257 0.003811001 0.02430158 -0.002628982 0.003877401 0.02426338 -0.002568304 0.003590881 0.02477717 -0.002257168 0.003592789 0.02439916 -0.002798497 0.003273487 0.02509909 -0.002110302 0.003249466 0.02512794 -0.002082884 0.003270924 0.02511948 -0.002074658 0.003552675 0.02479785 -0.002279877 0.003305494 0.02470707 -0.00269109 0.003433108 0.02444928 -0.002899467 0.003349602 0.02446967 -0.002945959 0.003514289 0.02442574 -0.002850294 0.002602696 0.02525246 -0.00228548 0.003262877 0.02471846 -0.002711296 0.00326389 0.02448689 -0.002989709 0.003219783 0.02472907 -0.002730906 0.003176212 0.02450078 -0.003030478 0.003086686 0.02451157 -0.003068268 0.002609193 0.02520108 -0.002367794 0.002625286 0.02525109 -0.002281367 0.002615213 0.02515465 -0.002438902 0.002622306 0.02509945 -0.002519607 0.002561569 0.02504736 -0.002606689 0.002569675 0.02498614 -0.002687871 0.004077374 0.02424287 0.002107381 0.003625988 0.02459257 0.002496838 0.00358802 0.02479815 0.002225875 0.003833115 0.02463287 0.002051889 0.00380218 0.02479857 0.001782774 0.004003465 0.02458184 0.001617789 0.003978908 0.02470928 0.001359581 0.004130303 0.02445387 0.001215577 0.00412929 0.02445995 0.001199603 0.003976821 0.02472335 0.001324057 0.004127681 0.02446919 0.001175045 0.003973603 0.02474427 0.0012694 0.00412172 0.02450394 0.001076102 0.003967821 0.02478355 0.001158595 0.0041188 0.02452027 0.001025855 0.003966212 0.02479445 0.001125574 0.004118025 0.02452498 0.001011073 0.00411719 0.02452987 9.951e-4 0.003964483 0.0248059 0.001090049 0.004114508 0.02454566 9.422e-4 0.003959417 0.02484095 9.71496e-4 0.004109621 0.02457475 8.35195e-4 0.003957092 0.0248571 9.11698e-4 0.004108369 0.02458149 8.08299e-4 0.003955781 0.02486574 8.775e-4 0.004107773 0.02458518 7.92995e-4 0.004107117 0.02458906 7.76693e-4 0.00395447 0.02487468 8.412e-4 0.003306388 0.02492308 0.002377569 0.003270387 0.025123 0.002068459 0.003554463 0.02498197 0.001935362 0.003525316 0.02514076 0.001629292 0.003775298 0.02494215 0.001499652 0.004104673 0.02460378 7.11396e-4 0.003952205 0.02489125 7.68304e-4 0.003011584 0.02479958 0.002773463 0.003774166 0.02495038 0.001480162 0.003520786 0.0251767 0.001544952 0.004103481 0.02461069 6.78599e-4 0.003951072 0.02489906 7.312e-4 0.003772079 0.02496635 0.00144118 0.004103004 0.02461397 6.61999e-4 0.00377047 0.02497828 0.001411199 0.004102408 0.02461749 6.43998e-4 0.00394988 0.02490705 6.9119e-4 0.003767371 0.02500134 0.001350998 0.003514468 0.02522784 0.001414477 0.004100203 0.02463054 5.7219e-4 0.003947913 0.02492165 6.11097e-4 0.00376439 0.02502357 0.001290082 0.004099309 0.02463656 5.36293e-4 0.003947079 0.02492737 5.76496e-4 0.004098892 0.02463895 5.20796e-4 0.003762781 0.02503615 0.001253843 0.003511011 0.02525609 0.001336276 0.004098415 0.02464145 5.04196e-4 0.003946185 0.02493315 5.39496e-4 0.003762006 0.02504235 0.001235783 0.003761112 0.02504885 0.001216292 0.004097104 0.02464926 4.49195e-4 0.003943979 0.02494949 4.16398e-4 0.003759503 0.02506166 0.001177191 0.003507494 0.02528458 0.001251697 0.003756821 0.02508187 0.001112163 0.003502309 0.0253278 0.001110196 0.004095017 0.02466219 3.38703e-4 0.003943085 0.02495598 3.54692e-4 0.003754317 0.02510106 0.001046657 0.0040946 0.02466475 3.11002e-4 0.003753066 0.02511018 0.001013755 0.004094421 0.02466619 2.9549e-4 0.003942608 0.02495926 3.20002e-4 0.003751814 0.02512019 9.76294e-4 0.003499567 0.02534997 0.001028954 0.004094123 0.02466809 2.73094e-4 0.003942072 0.02496325 2.6989e-4 0.003751218 0.02512508 9.57504e-4 0.003750622 0.02513009 9.37596e-4 0.002962887 0.0252164 0.002177 0.002929508 0.0254001 0.001835048 0.003238976 0.02529525 0.001742601 0.00374931 0.02513998 8.97601e-4 0.003497004 0.02537178 9.42394e-4 0.003237724 0.02530539 0.001720249 0.002926886 0.02542167 0.001788377 0.00409311 0.02467405 1.83091e-4 0.003941178 0.02496939 1.69396e-4 0.003748118 0.02514934 8.57502e-4 0.003235399 0.02532505 0.001675546 0.002921998 0.02546316 0.001694083 0.003746986 0.02515846 8.16792e-4 0.003494679 0.02539187 8.5409e-4 0.004092812 0.0246762 1.38e-4 0.003940999 0.02497088 1.33395e-4 0.00374639 0.02516275 7.96393e-4 0.003233075 0.02534437 0.001630485 0.004092693 0.02467679 1.21891e-4 0.003745794 0.02516734 7.74398e-4 0.004092574 0.02467739 1.06096e-4 0.00394088 0.02497196 9.80943e-5 0.003231287 0.02535867 0.001595973 0.002918422 0.02549326 0.001621246 0.003744721 0.02517616 7.30291e-4 0.003492414 0.02541124 7.58693e-4 0.004092395 0.02467846 5.66989e-5 0.003940701 0.02497327 -1.25021e-5 0.003228008 0.02538645 0.001526355 0.003743708 0.02518439 6.86303e-4 0.003226101 0.02540224 0.00148499 0.002914488 0.02552729 0.001534581 0.003742814 0.02519106 6.4829e-4 0.003490686 0.02542608 6.76498e-4 0.003742396 0.02519428 6.29291e-4 0.003224313 0.02541768 0.001443386 0.00291258 0.02554357 0.001490771 0.003741979 0.02519756 6.08996e-4 0.003223419 0.02542525 0.001422464 0.004092395 0.02467864 -4.24087e-5 0.00394082 0.02497255 -6.78003e-5 0.003222465 0.0254333 0.001399993 0.002910614 0.02556055 0.001443684 0.003741204 0.02520388 5.68196e-4 0.003489017 0.02544009 5.88104e-4 0.004092395 0.02467828 -6.70999e-5 0.004092514 0.02467799 -8.35061e-5 0.00394088 0.02497178 -1.04308e-4 0.003220677 0.02544885 0.001354992 0.004092574 0.02467715 -1.10403e-4 0.003941178 0.02496957 -1.64405e-4 0.003218889 0.02546399 0.001309692 0.002906799 0.02559298 0.001348674 0.003740072 0.02521336 5.005e-4 0.003486871 0.02545887 4.41e-4 0.003216087 0.02548778 0.001234471 0.002903878 0.02561819 0.001269578 0.003739118 0.02522158 4.32596e-4 0.003214776 0.02549928 0.001196563 0.003738582 0.02522528 3.98591e-4 0.004093468 0.02467209 -2.1781e-4 0.003942191 0.02496224 -2.84001e-4 0.003738284 0.02522718 3.79592e-4 0.003485918 0.02546709 3.58403e-4 0.003213286 0.0255118 0.001153469 0.002900898 0.02564489 0.00117886 0.003737866 0.02523076 3.4149e-4 0.003211915 0.0255239 0.001110196 0.002899408 0.02565759 0.001133382 0.004094123 0.02466827 -2.71201e-4 0.003942608 0.02495914 -3.21105e-4 0.003737568 0.02523308 3.13893e-4 0.003211319 0.0255298 0.0010885 0.004094302 0.02466684 -2.87801e-4 0.003210484 0.02553588 0.001065373 0.002897977 0.02567046 0.001084983 0.004094481 0.02466547 -3.04207e-4 0.003943085 0.02495568 -3.57598e-4 0.002611398 0.02545374 0.001904189 0.003737092 0.0252372 2.58699e-4 0.003485023 0.02547585 2.38597e-4 0.002610087 0.02546525 0.001880168 0.003209173 0.02554768 0.001019179 0.004095315 0.02466034 -3.56108e-4 0.003944993 0.02494245 -4.73112e-4 0.003736674 0.02524048 2.03297e-4 0.003207921 0.02555918 9.72196e-4 0.002895176 0.02569478 9.86293e-4 0.003736495 0.02524238 1.63704e-4 0.003484487 0.02548009 1.52797e-4 0.002604722 0.02550977 0.001783192 0.00320661 0.02557009 9.25198e-4 0.002893924 0.02570605 9.36791e-4 0.003736376 0.02524316 1.43901e-4 0.003206014 0.02557539 9.01595e-4 0.003736317 0.02524387 1.24499e-4 0.002602219 0.02553117 0.001734197 0.003205418 0.02558088 8.76203e-4 0.002892613 0.02571755 8.8349e-4 0.002600312 0.02554708 0.001696646 0.003736197 0.02524489 8.55029e-5 0.003484189 0.02548235 6.8292e-5 0.004097402 0.02464795 -4.59403e-4 0.003946125 0.02493447 -5.30601e-4 0.003204166 0.02559137 8.25301e-4 0.004097998 0.02464425 -4.85107e-4 0.0039469 0.02492874 -5.67809e-4 0.002598106 0.02556544 0.001652061 0.003203272 0.02559989 7.81491e-4 0.002890586 0.02573579 7.9149e-4 0.004098415 0.02464187 -5.01797e-4 0.003736078 0.02524578 2.46912e-5 0.003484189 0.02548235 -6.37025e-5 0.004099071 0.02463769 -5.29498e-4 0.003948271 0.02491849 -6.29604e-4 0.003202378 0.02560788 7.37697e-4 0.002889692 0.02574408 7.45401e-4 0.003201901 0.02561175 7.15703e-4 0.002593874 0.02560079 0.001562178 0.003736078 0.02524566 -3.62992e-5 0.003201484 0.02561575 6.92204e-4 0.002888679 0.02575248 6.95899e-4 0.002592921 0.02560925 0.001539587 0.003736197 0.02524524 -6.66976e-5 0.002591907 0.02561825 0.00151515 0.003736197 0.02524489 -8.67993e-5 0.003484487 0.02548009 -1.50904e-4 0.00320059 0.02562338 6.44997e-4 0.002589821 0.02563589 0.001466393 0.003736376 0.02524375 -1.27003e-4 0.003199815 0.02563035 5.9779e-4 0.00288707 0.02576744 5.96702e-4 0.004102289 0.02461826 -6.40005e-4 0.003951668 0.02489459 -7.52702e-4 0.003736495 0.02524256 -1.60098e-4 0.002585887 0.02566945 0.001367866 0.003198683 0.02564084 5.19395e-4 0.002885878 0.02577817 5.14194e-4 0.004104077 0.02460718 -6.95199e-4 0.003952622 0.02488785 -7.83503e-4 0.003736913 0.02523928 -2.2611e-4 0.003485381 0.02547228 -2.93911e-4 0.002584397 0.02568268 0.001326978 0.004104614 0.02460426 -7.08997e-4 0.003198206 0.02564555 4.80101e-4 0.00410521 0.0246008 -7.25403e-4 0.003953814 0.02487957 -8.201e-4 0.003197908 0.02564805 4.58091e-4 0.002885282 0.02578347 4.68001e-4 0.002582669 0.02569717 0.001280248 0.00373739 0.02523487 -2.91899e-4 0.003486216 0.02546489 -3.82707e-4 0.004106402 0.02459353 -7.57203e-4 0.003956317 0.02486234 -8.90911e-4 0.003197371 0.02565264 4.13999e-4 0.002884268 0.02579259 3.7539e-4 0.003196895 0.02565675 3.69892e-4 0.003737807 0.02523154 -3.32803e-4 0.00257951 0.02572464 0.001186251 0.003737986 0.02522975 -3.53202e-4 0.003196597 0.0256595 3.38003e-4 0.002883791 0.0257979 3.08201e-4 0.002578794 0.02573126 0.001162767 0.004109025 0.02457839 -8.20696e-4 0.003957569 0.02485328 -9.26197e-4 0.003738284 0.02522778 -3.73304e-4 0.003487288 0.02545565 -4.69699e-4 0.00257802 0.02573806 0.001137673 0.004109621 0.02457439 -8.36506e-4 0.004110395 0.02457004 -8.53196e-4 0.003959119 0.02484315 -9.63509e-4 0.00319612 0.02566409 2.74003e-4 0.00373882 0.02522367 -4.13507e-4 0.00257647 0.02575135 0.001086771 0.003195822 0.02566689 2.28301e-4 0.002883076 0.02580368 2.12193e-4 0.004111886 0.02456134 -8.86202e-4 0.003962218 0.02482217 -0.001036763 0.003739714 0.02521628 -4.77105e-4 0.003489375 0.02543717 -6.07207e-4 0.003195583 0.02566909 1.82495e-4 0.002882897 0.02580565 1.64002e-4 0.002573609 0.02577626 9.84594e-4 0.003195464 0.02566999 1.59591e-4 0.002573013 0.02578204 9.58994e-4 0.003195405 0.02567076 1.37091e-4 0.002882719 0.02580726 1.16691e-4 0.004114985 0.02454274 -9.51901e-4 0.003963768 0.02481108 -0.001073181 0.003740787 0.02520787 -5.4051e-4 0.002572298 0.02578818 9.31397e-4 0.004115819 0.02453798 -9.68203e-4 0.003195285 0.02567195 9.19998e-5 0.003741323 0.02520328 -5.721e-4 0.004116475 0.02453386 -9.82001e-4 0.003965198 0.02480149 -0.001103878 0.002571225 0.0257982 8.83892e-4 0.004117369 0.02452856 -9.99197e-4 0.003966987 0.02478909 -0.001141905 0.003195166 0.02567279 4.6894e-5 0.002882599 0.02580875 2.18898e-5 0.003742098 0.02519685 -6.13004e-4 0.003491103 0.02542275 -6.95899e-4 0.003742516 0.02519357 -6.33508e-4 0.002569079 0.02581667 7.88704e-4 0.003195166 0.02567297 -2.36034e-5 0.002882599 0.02580845 -5.21988e-5 0.00374329 0.02518779 -6.67498e-4 0.002568602 0.02582097 7.64802e-4 0.004121184 0.02450686 -0.00106728 0.003970921 0.02476316 -0.001217484 0.003195166 0.02567255 -5.88e-5 0.002568066 0.0258255 7.39202e-4 0.003195285 0.02567219 -8.21054e-5 0.002882719 0.02580767 -1.01104e-4 0.004123091 0.02449536 -0.001101195 0.003972589 0.02475118 -0.001250505 0.0037449 0.02517515 -7.35298e-4 0.003494381 0.02539426 -8.4281e-4 0.002567112 0.02583384 6.88002e-4 0.004124104 0.02449029 -0.001115977 0.003195405 0.02567106 -1.28701e-4 0.002883076 0.02580428 -1.98707e-4 0.004125475 0.02448177 -0.001140177 0.00397557 0.02473109 -0.00130409 0.003195583 0.02566939 -1.75104e-4 0.003746569 0.02516138 -8.03009e-4 0.003496289 0.02537798 -9.16198e-4 0.003195703 0.02566766 -2.1331e-4 0.002883493 0.02579987 -2.78905e-4 0.002565503 0.02584898 5.85094e-4 0.003747463 0.02515399 -8.36909e-4 0.003747999 0.02515017 -8.53807e-4 0.002564907 0.02585446 5.42492e-4 0.003748595 0.02514559 -8.73908e-4 0.003498792 0.02535665 -0.001003265 0.002564489 0.02585738 5.1859e-4 0.003196179 0.02566307 -2.89604e-4 0.002884387 0.0257923 -3.78609e-4 0.004131793 0.02444595 -0.001235961 0.003982007 0.02468854 -0.001409888 0.003749787 0.02513599 -9.14112e-4 0.003196597 0.02565956 -3.37005e-4 0.002563416 0.02586776 4.22791e-4 0.003751099 0.02512615 -9.53004e-4 0.003501594 0.02533417 -0.001087307 0.004135072 0.02442705 -0.001283288 0.003197073 0.02565544 -3.84405e-4 0.002884924 0.02578765 -4.28304e-4 0.004135966 0.02442169 -0.001296579 0.00256288 0.02587217 3.74794e-4 0.003197312 0.0256533 -4.08009e-4 0.00375241 0.02511608 -9.91806e-4 0.00319761 0.02565085 -4.31299e-4 0.002885401 0.02578246 -4.77105e-4 0.003753066 0.0251109 -0.001011192 0.002562582 0.02587497 3.40104e-4 0.003753781 0.02510517 -0.001031696 0.003504693 0.02530837 -0.001175999 0.003198206 0.02564585 -4.77701e-4 0.002886772 0.02577054 -5.7441e-4 0.002562224 0.02587848 2.90498e-4 0.003755271 0.02509355 -0.001072704 0.003198802 0.02564024 -5.23999e-4 0.00375688 0.02508169 -0.001112997 0.003507971 0.02528089 -0.001262784 0.002561569 0.02588397 1.91003e-4 0.003199875 0.02563047 -5.97402e-4 0.002888023 0.02575945 -6.51404e-4 0.002561509 0.02588498 1.65999e-4 0.00375849 0.02506929 -0.001153111 0.00256139 0.02588576 1.41591e-4 0.003759324 0.02506297 -0.001173079 0.003200411 0.02562505 -6.34e-4 0.00375998 0.02505755 -0.001189887 0.003511011 0.02525627 -0.001335561 0.002561211 0.02588707 9.25958e-5 0.003201305 0.02561748 -6.814e-4 0.002889811 0.02574318 -7.5081e-4 0.00376147 0.02504646 -0.001223504 0.003762423 0.02503949 -0.001244366 0.003202199 0.02560949 -7.28697e-4 0.002890825 0.02573406 -8.00401e-4 0.002561092 0.02588808 -5.70714e-6 0.003202676 0.02560526 -7.523e-4 0.003764271 0.02502495 -0.00128597 0.003515124 0.02522367 -0.001425504 0.002561211 0.02588784 -4.40031e-5 0.003203511 0.02559798 -7.91505e-4 0.002892613 0.02571779 -8.827e-4 0.002561211 0.02588754 -6.94096e-5 0.003766298 0.02501004 -0.001327395 0.003768086 0.02499657 -0.001363694 0.003518819 0.02519339 -0.001503765 0.003205299 0.02558219 -8.69811e-4 0.002894699 0.02569979 -9.64999e-4 0.00376898 0.02498966 -0.001381754 0.002561509 0.02588474 -1.70499e-4 0.003206193 0.02557367 -9.08896e-4 0.00377047 0.02497828 -0.001411199 0.002561688 0.02588254 -2.2091e-4 0.003207266 0.02556478 -9.48101e-4 0.002895772 0.02569007 -0.001006007 0.003207802 0.02556025 -9.67607e-4 0.002561986 0.02588027 -2.62409e-4 0.003773689 0.02495479 -0.001469552 0.003525376 0.02514058 -0.001629769 0.003208398 0.02555465 -9.90897e-4 0.002897083 0.02567815 -0.001054763 0.00320971 0.02554309 -0.001037299 0.002900004 0.02565234 -0.001152098 0.003776907 0.02493035 -0.001527488 0.003529369 0.02510875 -0.001700282 0.00256282 0.02587288 -3.65704e-4 0.003211081 0.02553105 -0.001083672 0.003778874 0.02491605 -0.001560091 0.002563297 0.02586829 -4.17203e-4 0.003212511 0.02551877 -0.001128494 0.002901613 0.02563905 -0.001199066 0.002563595 0.02586579 -4.42907e-4 0.003213286 0.02551245 -0.001150786 0.002563893 0.02586317 -4.68105e-4 0.00321412 0.02550566 -0.001174509 0.002903223 0.02562439 -0.001248776 0.00321567 0.02549165 -0.001221776 0.002906799 0.02559328 -0.001347661 0.002565324 0.02585107 -5.69001e-4 0.003217399 0.02547705 -0.001268863 0.002565979 0.02584427 -6.19203e-4 0.003219187 0.02546209 -0.001315176 0.002908706 0.02557706 -0.001396179 0.002566695 0.02583837 -6.59004e-4 0.003220021 0.02545446 -0.001338183 0.003220796 0.02544784 -0.001357674 0.002910315 0.025563 -0.001437008 0.002567589 0.02583026 -7.10607e-4 0.003222405 0.02543449 -0.001396477 0.002913773 0.02553349 -0.001517951 0.003224015 0.02542066 -0.001435101 0.003224968 0.0254119 -0.001459062 0.002915978 0.02551436 -0.001568078 0.002569615 0.02581208 -8.13305e-4 0.002570211 0.0258072 -8.3901e-4 0.003227174 0.02539396 -0.001506805 0.002571105 0.02579867 -8.81508e-4 0.003229081 0.02537769 -0.001548707 0.00292021 0.02547919 -0.001655757 0.003231108 0.025361 -0.001590251 0.002922296 0.02546089 -0.001699268 0.002573192 0.02578037 -9.66698e-4 0.003232181 0.02535235 -0.001611053 0.002574324 0.02577048 -0.001009166 0.00323379 0.02533829 -0.00164467 0.002925992 0.02543008 -0.001769602 0.00257492 0.02576547 -0.001030385 0.002575576 0.02575927 -0.001055657 0.003237307 0.02530926 -0.001711666 0.002930283 0.02539366 -0.001848697 0.003239393 0.02529215 -0.001749396 0.00339061 0.02514809 -0.001856207 0.002578616 0.02573299 -0.001156508 0.002580225 0.02571886 -0.001206696 0.002581119 0.02571189 -0.001230955 0.002581894 0.02570426 -0.001256704 0.002585589 0.02567225 -0.001359164 0.002587616 0.02565538 -0.001410186 0.00258857 0.02564674 -0.00143516 0.002589464 0.02563947 -0.00145626 0.00259298 0.02560895 -0.001540303 0.002594888 0.02559316 -0.001582086 0.00259608 0.02558308 -0.001607954 0.002598166 0.02556484 -0.001653492 0.002602696 0.02552706 -0.001743674 0.002603888 0.02551728 -0.001766085 0.002605795 0.02550119 -0.001802384 0.002610385 0.02546328 -0.0018844 0.003287315 0.02491515 -0.002408981 0.002612709 0.02544367 -0.001924991 0.00277698 0.02533578 -0.002068161 0.00294137 0.02521395 -0.002195894 0.003104388 0.02507954 -0.002307176 0.003011465 0.02480095 -0.002771556 0.00299561 0.02451896 -0.003102958 0.003610372 0.02496719 -0.001859962 0.003447711 0.02504318 -0.001987755 0.004442393 0.02300858 -0.0031147 0.004270672 0.02377307 -0.002284884 0.004251897 0.02379888 -0.002318501 0.004267096 0.02372217 -0.002416551 0.004414677 0.02315205 -0.002963185 0.004386186 0.02324789 -0.002894461 0.00439769 0.02306085 -0.003181755 0.0043931 0.02317845 -0.002997457 0.004364073 0.0232743 -0.002929151 0.004340887 0.02330005 -0.002963483 0.004349112 0.02311128 -0.003247559 0.004119396 0.02397614 -0.002459108 0.004094123 0.02399939 -0.002491593 0.004241466 0.02330368 -0.003232657 0.0042966 0.0231595 -0.003311991 0.004240393 0.02320539 -0.003374874 0.004188895 0.02355295 -0.002976596 0.004212677 0.02332627 -0.003264486 0.00415951 0.02357625 -0.003010392 0.00418061 0.02324908 -0.003436088 0.00411731 0.02329027 -0.003495454 0.004331171 0.02343875 -0.002736568 0.003934979 0.0239799 -0.002866089 0.003902971 0.02399796 -0.002895176 0.004080176 0.02348017 -0.003308296 0.004050672 0.02332895 -0.003552854 0.004046618 0.02350008 -0.003338873 0.004012167 0.02351915 -0.003368854 0.003980875 0.02336508 -0.003608167 0.003976821 0.02353769 -0.003398358 0.003908097 0.02339839 -0.003661274 0.004122018 0.02386146 -0.002646267 0.003718376 0.02421724 -0.002874255 0.0036816 0.02423238 -0.002901554 0.00364387 0.02424675 -0.002928376 0.003605484 0.02426046 -0.002954661 0.003831267 0.02351778 -0.003609597 0.003832519 0.02342897 -0.003711998 0.00376147 0.02377498 -0.003377556 0.003792107 0.02353227 -0.003635287 0.003720402 0.02378946 -0.003405094 0.003754198 0.02345669 -0.003760278 0.003673374 0.02348154 -0.003805994 0.003678381 0.02380305 -0.003431856 0.003397703 0.02438884 -0.002999663 0.003795683 0.02390927 -0.003168582 0.003975808 0.0236873 -0.003202259 0.003398716 0.02416896 -0.003249287 0.003356277 0.02417707 -0.003270685 0.00350821 0.02368855 -0.003706991 0.003590404 0.02350336 -0.003848969 0.00350517 0.02352225 -0.003889203 0.003463387 0.02369725 -0.003728508 0.003418087 0.02353799 -0.003926575 0.003417909 0.02370518 -0.003749191 0.003329277 0.02355068 -0.003960967 0.003605186 0.02404665 -0.003213703 0.003089189 0.02436107 -0.003226101 0.003042876 0.02436447 -0.003243505 0.002995789 0.02436697 -0.003260254 0.003236174 0.02364474 -0.003907501 0.003238976 0.02356028 -0.003992378 0.003147423 0.02356654 -0.004020571 0.003157794 0.02389156 -0.003686487 0.00320667 0.02388805 -0.003668665 0.003108203 0.02389419 -0.003703594 0.003760397 0.02402955 -0.003060281 0.002760469 0.02444499 -0.003253102 0.003408968 0.02397996 -0.003453671 0.003448784 0.02385789 -0.003561854 0.002823412 0.02421009 -0.00347048 0.002775669 0.02420777 -0.003482282 0.002937078 0.02373367 -0.003913462 0.003054678 0.02356976 -0.004045665 0.002961218 0.02356988 -0.00406748 0.002887368 0.02373176 -0.003924787 0.002772271 0.02356046 -0.004101276 0.002866983 0.02356678 -0.004086077 0.003092467 0.02420789 -0.003385305 0.003972411 0.01735424 -0.00977528 0.003737688 0.01779937 -0.009406507 0.003710865 0.01823377 -0.009001791 0.0041911 0.01777946 -0.00927639 0.004203915 0.01820266 -0.008853256 0.003961205 0.01821607 -0.008952081 0.003675282 0.01878887 -0.008484065 0.003564 0.02033835 -0.007035255 0.003941774 0.01931428 -0.007894277 0.004385173 0.01973468 -0.00716269 0.004230916 0.019252 -0.007789194 0.003300666 0.02337014 -0.004158556 0.00334692 0.02336508 -0.004142761 0.004249393 0.02270555 -0.004012286 0.004233777 0.02271538 -0.004026174 0.004238903 0.0228793 -0.003811061 0.003392279 0.02335929 -0.00412631 0.004264593 0.02269566 -0.003998458 0.004267573 0.02285945 -0.003783583 0.004279375 0.02268576 -0.003984689 0.003436923 0.02335268 -0.004109203 0.004293799 0.02267575 -0.003970861 0.004295468 0.02283924 -0.003755569 0.004307985 0.02266579 -0.003957152 0.003480792 0.02334535 -0.004091501 0.004321813 0.02265578 -0.003943562 0.004322707 0.02281844 -0.003727376 0.004335284 0.02264577 -0.003929853 0.003524005 0.02333736 -0.004073202 0.004348576 0.02263569 -0.003916203 0.004349112 0.02279728 -0.003698706 0.004361569 0.02262544 -0.003902554 0.004374384 0.02261525 -0.003888905 0.004386901 0.022605 -0.003875076 0.004425287 0.02288186 -0.003378868 0.003966987 0.0177989 -0.009351372 0.003956675 0.01850438 -0.008675396 0.004085719 0.01849806 -0.008625268 0.003947317 0.01904004 -0.008159399 0.004088997 0.01955807 -0.00757569 0.004240989 0.01978605 -0.00723797 0.003923594 0.02007889 -0.007150769 0.0043931 0.01999604 -0.00687927 0.003727674 0.02059835 -0.006729781 0.003499567 0.02111256 -0.006309092 0.003900289 0.02084147 -0.006402671 0.003285586 0.02122825 -0.006244003 0.003261685 0.02142918 -0.006057679 0.003250181 0.02152407 -0.005969703 0.003445267 0.02170306 -0.005753874 0.003463268 0.02151358 -0.005932092 0.003667294 0.02158099 -0.005786776 0.003869295 0.02162986 -0.005620956 0.003877818 0.02143299 -0.005817055 0.003660917 0.02167505 -0.005696058 0.00406897 0.02146607 -0.005636096 0.003179192 0.02208185 -0.005452096 0.003647506 0.02186316 -0.005514502 0.004064321 0.02165967 -0.005434691 0.004413723 0.02147829 -0.005219459 0.004059195 0.0218423 -0.005243599 0.004247009 0.02167028 -0.005228757 0.004244208 0.02184885 -0.005031704 0.004056513 0.02193355 -0.005147755 0.003851592 0.02200156 -0.005248904 0.004412472 0.02166277 -0.00500518 0.004411578 0.02174967 -0.004903554 0.003014922 0.02319747 -0.004415869 0.003325402 0.02281695 -0.004702568 0.004400372 0.02226859 -0.004286468 0.00423628 0.02220487 -0.004634201 0.002967476 0.02347636 -0.00415647 0.003253817 0.02337449 -0.004173755 0.003528296 0.02324575 -0.004166781 0.003015279 0.02347689 -0.004146099 0.003550708 0.0232414 -0.004157185 0.003566503 0.02332854 -0.004054188 0.004014909 0.02291738 -0.004095256 0.003903985 0.02305066 -0.004068374 0.003941774 0.02303576 -0.004044175 0.00397861 0.02302026 -0.004019558 0.003865122 0.02306509 -0.004092395 0.004014313 0.02300435 -0.003994584 0.003572702 0.02323687 -0.00414741 0.004033386 0.02290898 -0.004082262 0.004049122 0.02298796 -0.003969371 0.004390776 0.02252089 -0.003978967 0.004051506 0.02290046 -0.004069387 0.004082918 0.02297097 -0.0039438 0.004115819 0.02295356 -0.003917872 0.004147887 0.02293574 -0.003891706 0.004179 0.02291738 -0.003865182 0.004209399 0.02289855 -0.0038383 0.004217803 0.02272528 -0.004040181 0.004397571 0.02251547 -0.003971695 0.004404187 0.02250999 -0.003964483 0.004410624 0.02250456 -0.003957271 0.003781676 0.02318185 -0.004042208 0.003783881 0.02309226 -0.004139184 0.003801465 0.02317547 -0.004030883 0.003825068 0.02307897 -0.004115998 0.0037418 0.02337205 -0.003867089 0.003781378 0.02335917 -0.003844082 0.00428617 0.02292776 -0.003656804 0.004299879 0.02291727 -0.003642499 0.00431329 0.02290666 -0.003628075 0.004326462 0.02289599 -0.00361371 0.004285097 0.02308988 -0.003437697 0.00416702 0.02004915 -0.007026553 0.004085779 0.02031296 -0.006816983 0.003829479 0.02033907 -0.006940007 0.003912568 0.02046036 -0.006777405 0.004324793 0.02026128 -0.006668508 0.004249691 0.02052789 -0.006460309 0.004084169 0.02050119 -0.006626307 0.003996968 0.02057725 -0.006609201 0.004330396 0.02063405 -0.00626558 0.004250586 0.02129107 -0.00564289 0.0040766 0.02107805 -0.006036877 0.003794789 0.0211122 -0.006190359 0.003885805 0.021236 -0.006012797 0.003693222 0.02118247 -0.006170153 0.003588795 0.02124959 -0.006146967 0.003581106 0.02134954 -0.006052076 0.003680467 0.02138179 -0.005978584 0.00367397 0.02148139 -0.005882799 0.004073083 0.02127218 -0.005836784 0.004071116 0.02136909 -0.005736589 0.003417611 0.02198147 -0.005491673 0.003862917 0.02176928 -0.00548166 0.004249215 0.02148085 -0.00543636 0.00352168 0.02206325 -0.005372703 0.003858506 0.02186214 -0.005388677 0.004248201 0.02157557 -0.005332708 0.003388583 0.02225977 -0.005229055 0.003604769 0.02241605 -0.004978597 0.004242599 0.02193796 -0.004932701 0.004050493 0.02211588 -0.00495547 0.003940105 0.02233225 -0.004826307 0.003836989 0.02227437 -0.004974007 0.003821074 0.02254718 -0.004697501 0.003581166 0.02269256 -0.004709184 0.004040479 0.02238345 -0.004671156 0.003568768 0.0228309 -0.00457406 0.003555774 0.02296918 -0.004438698 0.003803372 0.02281975 -0.004419386 0.004136919 0.02242785 -0.004508674 0.003290772 0.02309566 -0.004438459 0.004131793 0.02255988 -0.004362761 0.003272593 0.02323508 -0.004306197 0.003793895 0.02295607 -0.004279553 0.004022121 0.02278405 -0.004240393 0.004126191 0.02269154 -0.004216253 0.004063904 0.02306646 -0.003855586 0.004056096 0.02315598 -0.003758072 0.004056394 0.0232411 -0.003653466 0.004124701 0.02074646 -0.006341993 0.003626883 0.02213954 -0.005246877 0.003615975 0.02227789 -0.005112886 0.004410982 0.02179306 -0.004852592 0.003870189 0.02264356 -0.004552364 0.003981411 0.02256035 -0.004536986 0.003549098 0.02303826 -0.004370868 0.003971099 0.0227617 -0.004323005 0.003542304 0.02310746 -0.004302859 0.004269182 0.02254635 -0.004176199 0.00435549 0.02244597 -0.004147768 0.003535389 0.02317667 -0.00423491 0.003844499 0.02213799 -0.005111575 0.003840804 0.02220618 -0.005042791 0.002000212 -0.003531515 -0.01465225 0.002000212 -0.003608703 -0.0146014 0.002000212 -0.003690123 -0.01455765 0.002000212 -0.003775298 -0.01452177 0.002000212 -0.003863394 -0.01449388 0.002000212 -0.004506886 -0.0143069 0.002000212 -0.005141496 -0.01409125 0.002000212 -0.003279387 -0.01491999 0.002000212 -0.003332912 -0.01484459 0.002000212 -0.003393113 -0.0147745 0.002000212 -0.003459513 -0.01471018 0.002000212 -0.005765795 -0.01384758 0.002000212 -0.006378471 -0.0135762 0.002000212 -0.006978571 -0.0132777 0.002000212 -0.007564723 -0.0129528 0.002000212 -0.008135676 -0.01260197 0.002000212 0.003863453 -0.01449388 0.002000212 0.003775358 -0.01452177 0.002000212 0.003690183 -0.01455765 0.002000212 0.003608703 -0.0146014 0.002000212 0.003531575 -0.01465225 0.002000212 0.003459572 -0.01471018 0.002000212 0.003393054 -0.0147745 0.002000212 0.003332853 -0.01484459 0.002000212 0.003279447 -0.01491999 0.002000212 0.004582881 -0.0142827 0.002000212 0.005290865 -0.01403588 0.002000212 0.005985558 -0.01375401 0.002000212 0.007328569 -0.0130878 0.002000212 0.006665349 -0.01343768 0.002000212 0.007973372 -0.01270526 0.002000212 0.008598268 -0.01229095 0.002000212 0.009201765 -0.011846 0.002000212 0.009782195 -0.01137137 0.002000212 0.01033818 -0.01086825 0.002000212 0.01086837 -0.01033818 0.002000093 0.01270526 -0.007973372 0.002000093 0.01229095 -0.008598268 0.002000093 0.01184594 -0.009201705 0.002000093 0.01137137 -0.009782195 0.002000093 0.01308786 -0.00732851 0.002000093 0.01343774 -0.006665408 0.002000093 0.01375406 -0.005985558 0.002000093 0.01403588 -0.005290806 0.002000093 0.01428276 -0.004582762 0.001999974 0.01449388 -0.003863394 0.001999974 0.01452189 -0.003775298 0.001999974 0.01455777 -0.003690063 0.001999974 0.01460134 -0.003608703 0.001999974 0.01465237 -0.003531575 0.001999974 0.01471024 -0.003459453 0.001999974 0.0147745 -0.003393113 0.001999974 0.01484465 -0.003332853 0.001999974 0.01491999 -0.003279387 0.001999914 0.01471024 0.003459453 0.001999914 0.0147745 0.003393054 0.001999914 0.01484465 0.003332853 0.001999914 0.01465237 0.003531575 0.001999914 0.01491999 0.003279447 0.001999914 0.01460134 0.003608703 0.001999914 0.01455777 0.003690183 0.001999914 0.01452189 0.003775298 0.001999914 0.01449388 0.003863394 0.001999914 0.0143069 0.004506945 0.001999914 0.01409125 0.005141496 0.001999914 0.01384758 0.005765795 0.001999914 0.01357626 0.006378591 0.001999914 0.01327776 0.006978571 0.001999914 0.01295274 0.007564663 0.001999914 0.01260197 0.008135676 0.001999676 0.003863453 0.014494 0.001999676 0.004506945 0.01430684 0.001999676 0.005141496 0.01409125 0.001999795 0.005765795 0.01384758 0.001999795 0.006378591 0.01357614 0.001999795 0.006978571 0.01327776 0.001999795 0.007564663 0.01295274 0.001999795 0.008135795 0.01260197 0.002000093 -0.01260191 -0.008135676 0.002000093 -0.0129528 -0.007564663 0.002000093 -0.0132777 -0.006978571 0.002000093 -0.0135762 -0.006378471 0.002000093 -0.01384747 -0.005765795 0.002000093 -0.01409131 -0.005141496 0.001999974 -0.0143069 -0.004506886 0.001999974 -0.01449388 -0.003863394 0.001999914 -0.01449388 0.003863394 0.001999914 -0.0142827 0.004582881 0.001999914 -0.01403588 0.005290746 0.001999914 -0.01375401 0.005985558 0.001999914 -0.01343768 0.006665349 0.001999914 -0.0130878 0.007328569 0.001999914 -0.01270532 0.007973372 0.001999795 -0.01229101 0.008598268 0.001999795 -0.011846 0.009201765 0.001999795 -0.01137131 0.009782195 0.001999795 -0.01086831 0.01033818 0.001999795 -0.01033818 0.01086837 0.001999795 -0.009782075 0.01137137 0.001999795 -0.009201705 0.01184594 0.001999795 -0.008598268 0.01229095 0.001999795 -0.007973372 0.01270526 0.001999795 -0.00732851 0.01308786 0.001999795 -0.006665408 0.01343768 0.001999676 -0.005985498 0.01375395 0.001999676 -0.005290806 0.01403588 0.001999676 -0.004582822 0.01428276 0.001999676 -0.003863394 0.014494 0.001999974 -0.01452177 -0.003775298 0.001999974 -0.01455771 -0.003690063 0.001999974 -0.0146014 -0.003608703 0.001999974 -0.01465231 -0.003531575 0.001999974 -0.01471018 -0.003459453 0.001999974 -0.0147745 -0.003393113 0.001999974 -0.01484459 -0.003332853 0.001999974 -0.01491999 -0.003279387 0.001999914 -0.01491999 0.003279447 0.001999914 -0.01484459 0.003332853 0.001999914 -0.0147745 0.003393054 0.001999914 -0.01471018 0.003459453 0.001999914 -0.01465231 0.003531575 0.001999914 -0.0146014 0.003608703 0.001999914 -0.01455771 0.003690183 0.001999914 -0.01452177 0.003775298 0.001999676 -0.003775298 0.01452177 0.001999676 -0.003690123 0.01455777 0.001999676 -0.003608703 0.01460134 0.001999676 -0.003531515 0.01465237 0.001999676 -0.003459513 0.01471018 0.001999676 -0.003393113 0.0147745 0.001999676 -0.003332912 0.01484459 0.001999676 -0.003279387 0.01491999 0.001999676 0.003459572 0.01471018 0.001999676 0.003393054 0.0147745 0.001999676 0.003332853 0.01484459 0.001999676 0.003531575 0.01465237 0.001999676 0.003279447 0.01491999 0.001999676 0.003608703 0.01460134 0.001999676 0.003690183 0.01455777 0.001999676 0.003775358 0.01452177</float_array>
          <technique_common>
            <accessor source="#Part__Feature469_001-mesh-positions-array" count="4682" stride="3">
              <param name="X" type="float"/>
              <param name="Y" type="float"/>
              <param name="Z" type="float"/>
            </accessor>
          </technique_common>
        </source>
        <source id="Part__Feature469_001-mesh-normals">
          <float_array id="Part__Feature469_001-mesh-normals-array" count="42417">0.7070031 0.01764643 0.7069904 0.7069781 0.01769769 0.707014 0.706976 0.05287545 0.7052582 0.7069873 0.05284988 0.7052488 0.7069866 0.08795237 0.7017368 0.7069882 0.0879476 0.7017357 0.7069887 0.1227591 0.6964893 0.7069703 0.1227995 0.6965007 0.7069706 0.1573711 0.689512 0.7069677 0.1573775 0.6895136 0.7069678 0.1915737 0.6808055 0.7070156 0.2251998 0.6703836 0.7068299 0.1919012 0.6808565 0.7068299 0.1919012 0.6808565 0.706973 0.2583752 0.6583552 0.7069717 0.2253013 0.6703956 0.7069679 0.2909486 0.6446282 0.7069681 0.2583833 0.6583572 0.7070169 0.3225918 0.6293344 0.7070166 0.2908329 0.6446268 0.7069859 0.3536241 0.6124712 0.7069873 0.3226638 0.6293306 0.7069962 0.3836883 0.5940874 0.706997 0.3535993 0.6124727 0.7069878 0.4128378 0.574224 0.7069877 0.3837096 0.5940837 0.7069937 0.4408781 0.5529796 0.7069927 0.412826 0.5742266 0.7069504 0.4679754 0.5303021 0.7069498 0.4409802 0.5529544 0.7069873 0.4938224 0.506269 0.7069882 0.4678907 0.5303264 0.7069922 0.5184343 0.4810281 0.7069914 0.4938121 0.5062733 0.706999 0.5417544 0.4545929 0.706998 0.5184209 0.4810341 0.7069852 0.5417853 0.4545776 0.7069838 0.5637572 0.4270266 0.7069711 0.5637844 0.4270119 0.7069708 0.5843586 0.3983933 0.7069774 0.5843445 0.3984025 0.7069774 0.603462 0.3688045 0.7069807 0.603459 0.368803 0.7069813 0.6210883 0.3382703 0.7069644 0.6211187 0.3382499 0.7069662 0.6371998 0.30688 0.7070139 0.6371114 0.3069537 0.7070175 0.651654 0.2747243 0.7069692 0.6517416 0.2746405 0.7069667 0.6646032 0.2418693 0.7069789 0.6645822 0.2418912 0.7069806 0.6758086 0.208474 0.7069932 0.675787 0.2085008 0.7069944 0.6853604 0.1744707 0.70703 0.6931539 0.1401652 0.7070286 0.6853081 0.1745378 0.7070013 0.6931939 0.1401126 0.7070214 0.7036749 0.0704447 0.7070204 0.6992998 0.1053663 0.7070028 0.6993114 0.1054074 0.7069944 0.7037077 0.07038813 0.7069912 0.7072224 0 0.7069911 0.70634 0.03531998 0.7069951 0.7063365 0.03530943 0.706991 0.7063447 -0.03522735 0.7069902 0.7072234 0 0.7069833 0.7037122 -0.07045459 0.7069836 0.7063515 -0.03523927 0.7070143 0.6993058 -0.1053668 0.7070133 0.7036888 -0.07038801 0.7069913 0.699321 -0.1054209 0.7070187 0.6931647 -0.1401691 0.7069917 0.6932029 -0.1401156 0.7069921 0.6853793 -0.1744059 0.7070183 0.6853398 -0.1744548 0.7069828 0.6645874 -0.2418654 0.706982 0.6758065 -0.2084758 0.7069935 0.6757881 -0.2084966 0.7069706 0.6516972 -0.2747426 0.7069703 0.6645905 -0.2418935 0.7070211 0.6371495 -0.3068577 0.7070204 0.6516947 -0.2746203 0.7069976 0.6371493 -0.3069124 0.7069812 0.6034595 -0.3688011 0.7069806 0.6211251 -0.3382045 0.7069972 0.6210932 -0.3382282 0.707036 0.6034752 -0.3686702 0.7070379 0.5843386 -0.3983036 0.7070053 0.5843249 -0.3983815 0.7070068 0.5637389 -0.4270129 0.7069971 0.5637352 -0.4270339 0.7069993 0.5418017 -0.4545362 0.7070075 0.518384 -0.4810597 0.7070086 0.5417819 -0.4545451 0.7070086 0.5183816 -0.4810608 0.707 0.4679433 -0.5302643 0.7069978 0.4938212 -0.5062557 0.7070055 0.4938029 -0.5062628 0.7070198 0.4409347 -0.5529011 0.7070193 0.467964 -0.5302203 0.7069899 0.4409005 -0.5529667 0.7070456 0.3836544 -0.5940504 0.7070453 0.4128025 -0.5741786 0.7069899 0.4129346 -0.5741519 0.7070292 0.3836312 -0.5940849 0.7069753 0.3537184 -0.612429 0.7070277 0.3535932 -0.6124408 0.7070071 0.2909424 -0.6445879 0.7070069 0.3225871 -0.629348 0.7069768 0.3226598 -0.6293445 0.7069918 0.2909176 -0.6446158 0.7069904 0.225207 -0.6704077 0.7069917 0.2583692 -0.6583374 0.7069923 0.2583645 -0.6583386 0.7070042 0.2252296 -0.6703855 0.7069931 0.1573545 -0.6894928 0.7069931 0.1915658 -0.6807815 0.707004 0.1915401 -0.6807773 0.7070024 0.1228358 -0.6964618 0.7070015 0.1573694 -0.6894809 0.7069826 0.1227966 -0.6964889 0.7069772 0.05279237 -0.7052633 0.7069745 0.08795392 -0.7017486 0.7069836 0.08793759 -0.7017416 0.7070025 0.05284988 -0.7052336 0.7069911 0.01764678 -0.7070023 0.7070044 0.01761919 -0.7069897 0 0.02499485 -0.9996876 0 0.0249949 -0.9996876 0 0.07474541 -0.9972027 0 0.07474529 -0.9972027 0 0.1243491 -0.9922385 0 0.1735637 -0.9848227 3.99434e-5 0.1737218 -0.9847949 3.91962e-5 0.2226287 -0.9749034 0 0.2224737 -0.9749388 3.09709e-5 0.2710468 -0.9625662 3.09661e-5 0.2710468 -0.9625662 3.09479e-5 0.2710468 -0.9625662 0 0.270725 -0.9626567 0 0.3185253 -0.9479144 0 0.3185252 -0.9479144 0 0.3654292 -0.9308392 0 0.3654284 -0.9308395 0 0.4112642 -0.9115162 0 0.4112633 -0.9115167 0 0.4561454 -0.8899053 0 0.499967 -0.8660446 0 0.5426104 -0.8399846 0 0.5837953 -0.8119009 0 0.5837946 -0.8119014 3.69322e-5 0.6235542 -0.7817801 0 0.6234388 -0.7818722 3.05234e-5 0.6615959 -0.7498607 3.54231e-5 0.6616123 -0.7498461 0 0.6981927 -0.71591 2.90174e-5 0.6982766 -0.7158281 0 0.7330583 -0.680166 0 0.7660422 -0.6427904 3.05264e-5 0.7661228 -0.6426943 2.86416e-5 0.7971083 -0.6038365 2.86416e-5 0.7971097 -0.6038345 2.67581e-5 0.8263134 -0.5632105 0 0.8262531 -0.5632993 0 0.8531987 -0.5215863 0 0.8532001 -0.5215837 0 0.8782417 -0.478217 0 0.901032 -0.4337528 2.05421e-5 0.9009962 -0.4338273 1.84629e-5 0.9214774 -0.388432 0 0.9214499 -0.3884974 0 0.9396801 -0.3420546 0 0.9396811 -0.3420517 0 0.9555966 -0.2946782 9.69725e-6 0.9691725 -0.2463834 9.7087e-6 0.9691725 -0.2463834 9.72841e-6 0.9691725 -0.2463834 9.72176e-6 0.9691724 -0.2463836 9.66129e-6 0.9691724 -0.2463836 9.69726e-6 0.9691724 -0.2463836 0 0.9801678 -0.1981694 0 0.9801679 -0.1981692 0 0.9888365 -0.1490043 7.06603e-6 0.9888401 -0.1489812 4.72246e-6 0.9950341 -0.09953486 0 0.9950322 -0.09955435 0 0.9987525 -0.04993456 0 0.9987527 -0.04993164 0 1 0 -2.36718e-6 0.9987526 0.04993295 -2.36718e-6 0.9987524 0.04993593 -4.7222e-6 0.9950341 0.09953552 0 0.9950322 0.09955435 0 0.9888404 0.1489793 -7.06698e-6 0.9888367 0.1490043 -9.39804e-6 0.9801689 0.1981639 -9.39804e-6 0.9801689 0.1981639 0 0.9690526 0.2468546 0 0.9555966 0.2946782 -1.1728e-5 0.9690642 0.246809 0 0.9396837 0.3420447 0 0.9214496 0.3884981 0 0.9396843 0.342043 0 0.9214485 0.3885007 2.21826e-5 0.9008823 0.4340634 2.215e-5 0.9008823 0.4340634 2.21662e-5 0.9008823 0.4340634 -2.26152e-5 0.8782045 0.4782854 0 0.9009912 0.4338374 0 0.8782479 0.4782056 0 0.8531928 0.5215958 -2.46792e-5 0.8532432 0.5215135 -2.67581e-5 0.8263134 0.5632105 0 0.8262531 0.5632993 0 0.7971097 0.6038346 0 0.7971083 0.6038365 0 0.766121 0.6426965 -2.87548e-5 0.765815 0.6430609 -2.87504e-5 0.765815 0.6430609 -2.86864e-5 0.765815 0.6430609 -3.20302e-5 0.7330564 0.6801679 0 0.7329699 0.6802611 0 0.6981934 0.7159093 -3.39173e-5 0.6982924 0.7158126 0 0.6616109 0.7498474 0 0.6235376 0.7817935 0 0.6235383 0.7817928 -3.84406e-5 0.5837945 0.8119015 -3.99538e-5 0.5424954 0.8400588 0 0.5836699 0.8119912 0 0.5426297 0.839972 -4.06996e-5 0.5000892 0.865974 0 0.4999467 0.8660563 0 0.4561669 0.8898944 4.34902e-5 0.4560291 0.8899649 4.34821e-5 0.4560291 0.8899649 4.3483e-5 0.4560291 0.8899649 -4.3708e-5 0.4112637 0.9115165 0 0.4111055 0.9115878 -4.44741e-5 0.3654054 0.9308485 -4.37203e-5 0.3654054 0.9308485 -4.52228e-5 0.3185253 0.9479144 -4.4469e-5 0.3185252 0.9479144 0 0.2707502 0.9626497 -4.52184e-5 0.2709266 0.9626001 0 0.2224476 0.9749447 0 0.222448 0.9749445 0 0.1737217 0.9847948 0 0.1737219 0.9847948 -3.99462e-5 0.124349 0.9922386 -3.99491e-5 0.07477235 0.9972007 0 0.1241885 0.9922587 -4.74868e-5 0.07474535 0.9972028 -3.09662e-5 0.02511173 0.9996846 -3.09464e-5 0.02511173 0.9996846 -3.09709e-5 0.02511173 0.9996846 -4.74835e-5 0.02496773 0.9996883 1.16946e-4 0.02502441 0.9996868 -1.90213e-5 0.02334129 0.9997276 2.31107e-4 0.07472974 0.9972039 -1.31095e-4 0.06992143 0.9975526 -2.31663e-4 0.1164903 0.9931918 3.19781e-4 0.124356 0.9922376 3.96222e-4 0.1736301 0.984811 -3.19224e-4 0.1626219 0.9866885 4.50343e-4 0.2225211 0.9749279 -3.88004e-4 0.2085395 0.9780139 4.90122e-4 0.2707366 0.9626535 -4.38975e-4 0.253843 0.9672454 5.13878e-4 0.3185626 0.9479017 -4.7658e-4 0.2987455 0.9543327 5.24347e-4 0.3653377 0.930875 -4.82879e-4 0.3429303 0.9393607 5.11096e-4 0.4112476 0.9115236 -4.78013e-4 0.386395 0.9223333 4.74619e-4 0.4562381 0.8898577 -4.64138e-4 0.4290824 0.9032652 4.38274e-4 0.4999873 0.8660326 -4.18647e-4 0.4705981 0.8823476 3.6533e-4 0.5425543 0.8400207 -3.66259e-4 0.5114333 0.859323 -2.89273e-4 0.550835 0.8346143 -6.00094e-4 0.5837312 0.8119468 8.79869e-5 0.609016 0.793158 8.7819e-5 0.609016 0.793158 8.78809e-5 0.609016 0.793158 0.001912415 0.595322 0.8034851 1.3048e-4 0.610145 0.7922897 1.30521e-4 0.610145 0.7922897 1.3055e-4 0.610145 0.7922897 1.66316e-4 0.6131872 0.7899376 1.66349e-4 0.6131873 0.7899376 1.66338e-4 0.6131872 0.7899376 3.59723e-4 0.5877385 0.809051 6.6905e-4 0.589299 0.8079148 3.15832e-4 0.6143509 0.7890329 3.15805e-4 0.6143509 0.7890328 3.15843e-4 0.6143509 0.7890329 4.10664e-4 0.6164789 0.7873714 4.10654e-4 0.6164789 0.7873714 4.10622e-4 0.6164789 0.7873714 6.6869e-4 0.6191641 0.7852614 6.68695e-4 0.6191641 0.7852615 6.68591e-4 0.619164 0.7852615 8.60778e-4 0.6212764 0.783591 0.001130878 0.6237106 0.7816547 0.001130938 0.6237106 0.7816546 0.001130938 0.6237106 0.7816547 0.001048207 0.6235009 0.781822 0.001535534 0.6263759 0.7795198 0.001535475 0.6263759 0.7795198 0.001535475 0.6263759 0.7795197 4.48896e-4 0.6307641 0.7759746 1.23533e-4 0.6361969 0.7715268 1.23513e-4 0.6361969 0.7715268 1.23539e-4 0.6361969 0.7715268 -2.96065e-5 0.641 0.7675409 -2.9627e-5 0.641 0.7675409 -2.95674e-5 0.6409999 0.767541 1.03673e-5 0.6467875 0.7626703 2.20426e-4 0.6509509 0.7591199 0 0.5892127 0.807978 4.85416e-4 0.6544449 0.7561096 8.94478e-4 0.6583526 0.7527091 0.001350283 0.6616567 0.7498057 0.001305997 0.6614006 0.7500317 7.59568e-4 0.6662921 0.7456905 3.13894e-4 0.6709695 0.741485 5.7133e-5 0.6753463 0.7375007 -4.08962e-5 0.6805746 0.7326788 6.79797e-5 0.6852175 0.7283385 4.11516e-4 0.6904794 0.723352 4.11509e-4 0.6904793 0.723352 4.11577e-4 0.6904794 0.723352 9.38257e-4 0.6949704 0.7190377 0.00145781 0.6982422 0.7158601 0.001173377 0.6996331 0.7145014 0.001173436 0.6996331 0.7145014 0.001173436 0.6996331 0.7145014 5.55668e-4 0.7047032 0.7095021 7.38358e-5 0.7104696 0.703728 -5.5747e-5 0.7170104 0.6970625 2.44904e-4 0.7237533 0.6900588 7.95348e-4 0.7289229 0.6845954 7.95319e-4 0.7289229 0.6845953 7.95295e-4 0.7289229 0.6845954 0.001400232 0.7330439 0.6801799 0.001333832 0.7333791 0.6798186 6.7342e-4 0.7380055 0.6747945 6.73396e-4 0.7380055 0.6747945 6.73454e-4 0.7380054 0.6747945 1.44181e-4 0.7434828 0.6687551 1.44192e-4 0.7434828 0.6687551 1.44175e-4 0.7434828 0.6687551 -1.22242e-6 0.7476712 0.6640692 -1.23772e-6 0.7476711 0.6640692 -1.18469e-6 0.7476711 0.6640692 -1.54167e-5 0.7514091 0.6598367 9.10947e-5 0.7547992 0.655956 3.29103e-4 0.7581046 0.652133 3.2912e-4 0.7581046 0.652133 3.29098e-4 0.7581046 0.652133 0.001262784 0.7660654 0.6427614 7.66078e-4 0.7628274 0.6466016 7.66095e-4 0.7628274 0.6466017 7.6603e-4 0.7628274 0.6466016 0.001120984 0.7668443 0.6418324 0.001120984 0.7668443 0.6418324 0.001120984 0.7668442 0.6418324 6.17355e-4 0.7706058 0.637312 6.17338e-4 0.7706057 0.6373119 6.17354e-4 0.7706058 0.637312 2.80774e-4 0.77414 0.6330146 2.8071e-4 0.77414 0.6330146 2.80745e-4 0.77414 0.6330146 8.76018e-5 0.7769792 0.6295264 8.76333e-5 0.7769792 0.6295264 8.75735e-5 0.7769792 0.6295264 0.001066327 0.797156 0.6037725 -3.63579e-4 0.791415 0.6112791 0.001468718 0.8262361 0.5633221 -8.26569e-4 0.8161813 0.5777955 -4.24409e-4 0.836055 0.5486456 0.00131601 0.853266 0.5214745 7.33254e-4 0.8518795 0.5237372 -6.95434e-4 0.8677784 0.4969509 0.001877188 0.8782182 0.4782568 1.02053e-4 0.8823157 0.4706581 0.002474963 0.9009439 0.4339286 -7.40274e-5 0.8965877 0.4428665 -0.001090466 0.909991 0.4146265 0.002180635 0.9215202 0.3883244 0.00160849 0.9221183 0.3869051 0.00160849 0.9221183 0.3869051 0.00160849 0.9221183 0.386905 -7.8793e-4 0.9336903 0.3580812 0.004386305 0.9396834 0.3420175 0.00164783 0.9420464 0.3354789 -7.86136e-4 0.9493929 0.3140899 0.004862904 0.9553899 0.2953075 0.005297303 0.9555411 0.2948104 -0.001575529 0.9623724 0.2717296 0.004067003 0.9677911 0.2517219 0.009860277 0.9690181 0.246793 -0.002166628 0.9737541 0.2275925 0.003529369 0.978481 0.2063072 0.003529369 0.978481 0.2063072 0.003529369 0.9784809 0.2063072 0.01938891 0.9799935 0.1980828 -0.002220213 0.9832181 0.1824204 0.001979827 0.9865196 0.1636313 0.03232508 0.9879217 0.1515445 0.04981327 0.9876426 0.1485965 0.04981321 0.9876425 0.1485965 -0.01737755 0.9918645 0.1261078 -0.01737755 0.9918645 0.1261077 -0.01737755 0.9918644 0.1261077 0.04430055 0.9935159 0.1047087 0.04430055 0.9935158 0.1047089 0.04430055 0.9935158 0.1047087 0.2127164 0.9722626 0.09724795 0.2127164 0.9722626 0.09724789 0.2127164 0.9722626 0.09724783 -0.132539 0.9887292 0.06962776 -0.132539 0.9887292 0.06962776 -0.132539 0.9887292 0.06962776 0.5745761 0.8173308 0.04281264 0.5745761 0.8173308 0.04281246 0.574576 0.8173307 0.04281258 0.941702 0.3360162 0.01704454 0.941702 0.3360162 0.0170443 0.941702 0.3360162 0.01704478 0.9955544 0.09418821 2.7084e-7 0.9955544 0.09418821 2.04076e-7 0.9955544 0.09418821 3.3801e-7 0.00154978 0.9999352 -0.01128154 0.001549839 0.9999352 -0.01128154 0.00154978 0.9999353 -0.01128154 0.006183803 0.9991419 -0.04095441 0.006183803 0.9991419 -0.04095447 0.006183564 0.9991419 -0.04095453 0.8062637 0.5908266 -0.02937358 0.8062636 0.5908266 -0.02937364 0.8062638 0.5908266 -0.02937382 -0.05231308 0.9965353 -0.06465923 -0.05231308 0.9965353 -0.06465947 -0.05231308 0.9965353 -0.06465941 0.05967724 0.9941511 -0.09001255 0.05967718 0.9941511 -0.09001296 0.0596773 0.9941512 -0.09001237 0.03752958 0.9933988 -0.1083993 0.03752958 0.9933988 -0.1083992 0.03752958 0.9933989 -0.1083991 0.1967056 0.9756111 -0.09741657 0.1967056 0.9756111 -0.09741652 0.1967056 0.975611 -0.09741663 -0.01204693 0.9922295 -0.1238369 -0.01204687 0.9922295 -0.1238369 -0.01204687 0.9922295 -0.1238369 0.04355931 0.9878804 -0.14898 0.04355931 0.9878804 -0.14898 0.04355931 0.9878804 -0.14898 0.002203404 0.9866936 -0.1625761 0.04308092 0.9879077 -0.1489377 -0.00125271 0.9840726 -0.1777632 -0.00125277 0.9840726 -0.1777632 -0.00125277 0.9840726 -0.1777632 0.01414954 0.9805871 -0.1955733 0.01414954 0.9805871 -0.1955733 0.01414954 0.9805871 -0.1955733 0.01846885 0.9800105 -0.1980865 -9.7276e-4 0.977419 -0.2113082 8.99216e-4 0.9712416 -0.2380944 0.009120643 0.9690319 -0.2467668 -0.002439022 0.964238 -0.2650266 0.004537284 0.9555457 -0.2948085 0.002095103 0.9547783 -0.2973116 -0.001480638 0.9439821 -0.3299935 0.004014194 0.939683 -0.3420232 -0.001971304 0.931287 -0.364281 0.003261566 0.9215164 -0.3883261 -0.001189053 0.9164724 -0.4000962 0.001685619 0.9009256 -0.4339703 -3.53735e-4 0.8985175 -0.4389378 5.51864e-4 0.8782227 -0.4782518 5.0908e-4 0.8781632 -0.478361 6.58811e-4 0.8532918 -0.5214334 -4.57919e-4 0.8558018 -0.5173039 3.24533e-4 0.8262422 -0.563315 -6.38129e-4 0.8288523 -0.5594671 -3.52844e-4 0.7971185 -0.603823 1.40967e-4 0.7983896 -0.6021412 -1.20274e-4 0.7661064 -0.6427139 -2.04615e-6 0.7330008 -0.6802279 -4.48435e-6 0.7664853 -0.6422619 9.88587e-5 0.6982427 -0.7158612 -7.42186e-5 0.732708 -0.6805432 -1.44798e-4 0.6970538 -0.7170188 1.62651e-4 0.6617192 -0.7497518 -8.48843e-5 0.6602789 -0.7510207 9.70527e-5 0.6234239 -0.7818841 0 0.6600094 -0.7512574 -6.74112e-5 0.6218618 -0.7831271 1.00361e-4 0.5838027 -0.8118957 -6.18127e-5 0.5822068 -0.8130408 9.39128e-5 0.5424766 -0.8400709 -5.58539e-5 0.5409571 -0.8410502 8.70956e-5 0.4999992 -0.8660259 -4.37764e-5 0.4986366 -0.8668112 8.65807e-5 0.4562262 -0.8898639 -4.14951e-5 0.4548587 -0.8905637 7.62764e-5 0.4113516 -0.9114768 -3.71224e-5 0.4101157 -0.9120335 6.80747e-5 0.3653241 -0.9308804 -2.83656e-5 0.3642581 -0.9312981 6.42366e-5 0.3184775 -0.9479305 -2.62661e-5 0.3174633 -0.9482706 5.30601e-5 0.2708384 -0.9626249 -2.06602e-5 0.269998 -0.962861 4.53834e-5 0.222521 -0.974928 -1.33084e-5 0.2218448 -0.975082 3.97967e-5 0.1736301 -0.984811 -3.50177e-6 0.1731273 -0.9848995 3.5958e-5 0.1243406 -0.9922396 3.31649e-5 0.07472968 -0.9972039 6.30359e-6 0.1239882 -0.9922837 7.70404e-6 0.07444006 -0.9972255 2.16438e-5 0.02491438 -0.9996896 1.89112e-5 0.02488338 -0.9996904 -0.8370763 0.5470165 0.008727967 -0.8370763 0.5470166 0.008728146 -0.8370764 0.5470166 0.008727371 1.85469e-5 0.05229955 -0.9986315 2.60345e-4 0.1563431 -0.9877029 2.60294e-4 0.1563431 -0.9877029 2.60292e-4 0.1563431 -0.9877029 -3.64004e-4 0.07416188 -0.9972462 -3.64029e-4 0.07416188 -0.9972462 -3.64061e-4 0.07416188 -0.9972462 1.30662e-4 0.25852 -0.9660059 -3.9399e-4 0.2231428 -0.9747858 -3.93953e-4 0.2231428 -0.9747858 -3.93972e-4 0.2231428 -0.9747858 -1.27663e-4 0.3584015 -0.9335675 -1.34896e-4 0.3584016 -0.9335675 -1.27657e-4 0.3584016 -0.9335675 1.8989e-4 0.4538989 -0.8910533 1.89894e-4 0.4538989 -0.8910533 1.89925e-4 0.4538989 -0.8910533 -2.48228e-4 0.3632975 -0.9316732 1.20862e-4 0.5446344 -0.8386737 1.20793e-4 0.5446344 -0.8386737 1.14638e-4 0.5446344 -0.8386737 -3.55078e-5 0.4703941 -0.8824565 1.2551e-4 0.6291525 -0.7772818 1.25513e-4 0.6291525 -0.7772818 1.25536e-4 0.6291525 -0.7772818 -7.35892e-5 0.5556285 -0.8314307 -7.36206e-5 0.5556285 -0.8314307 -7.36282e-5 0.5556285 -0.8314307 2.18493e-4 0.7074338 -0.7067795 2.18466e-4 0.7074338 -0.7067795 2.17122e-4 0.7074338 -0.7067795 -2.60934e-4 0.6499742 -0.7599563 -2.60896e-4 0.6499742 -0.7599563 -2.60885e-4 0.6499743 -0.7599563 7.2623e-5 0.7771038 -0.6293725 -4.55864e-4 0.7543193 -0.6565077 1.16478e-4 0.8382762 -0.545246 1.16519e-4 0.8382762 -0.545246 1.16557e-4 0.8382762 -0.545246 8.22474e-6 0.8344147 -0.5511373 8.16589e-6 0.8344146 -0.5511373 8.22993e-6 0.8344147 -0.5511373 8.9028e-5 0.8908672 -0.454264 8.90316e-5 0.8908672 -0.4542639 8.90407e-5 0.8908672 -0.454264 -1.00128e-4 0.8852398 -0.465135 -1.00093e-4 0.8852398 -0.465135 -1.00121e-4 0.8852398 -0.465135 -1.0212e-4 0.932779 -0.360449 -1.02191e-4 0.932779 -0.360449 -1.02084e-4 0.932779 -0.360449 1.26125e-6 0.9660787 -0.2582477 -7.61869e-5 0.9334258 -0.3587705 -7.61504e-5 0.9334258 -0.3587705 -7.61717e-5 0.9334258 -0.3587705 -2.79468e-4 0.9709278 -0.2393726 1.49536e-4 0.9877417 -0.1560972 1.49545e-4 0.9877417 -0.1560972 1.52716e-4 0.9877417 -0.1560972 -3.19482e-4 0.9939233 -0.110075 -3.19549e-4 0.9939233 -0.110075 -3.19576e-4 0.9939233 -0.110075 1.90536e-4 0.9986427 -0.05208432 1.90552e-4 0.9986427 -0.05208432 1.9056e-4 0.9986427 -0.05208432 -2.90835e-4 0.9997032 0.02436417 -2.90856e-4 0.9997032 0.02436417 -2.90829e-4 0.9997032 0.02436417 7.78555e-5 0.9986411 0.05211567 7.78543e-5 0.9986411 0.05211567 7.78537e-5 0.9986411 0.05211567 -1.09078e-4 0.9876912 0.1564167 -1.0908e-4 0.9876912 0.1564167 -1.09067e-4 0.9876912 0.1564167 -1.89642e-4 0.9868809 0.1614496 -1.89629e-4 0.9868809 0.1614496 -1.89678e-4 0.986881 0.1614496 1.2706e-4 0.9659577 0.2587003 1.2703e-4 0.9659577 0.2587003 1.31051e-4 0.9659577 0.2587003 -3.96047e-4 0.9535666 0.3011819 -3.96046e-4 0.9535666 0.3011819 -3.95989e-4 0.9535666 0.3011819 1.80781e-4 0.9338023 0.3577896 1.80825e-4 0.9338022 0.3577896 1.80817e-4 0.9338023 0.3577896 -3.42479e-4 0.8965578 0.4429268 -3.42489e-4 0.8965578 0.4429267 -3.42521e-4 0.8965578 0.4429267 9.65711e-5 0.8389052 0.5442776 9.65643e-5 0.8389052 0.5442776 9.65777e-5 0.8389053 0.5442776 -1.26409e-4 0.8907868 0.4544214 -1.26465e-4 0.8907868 0.4544214 -1.23339e-4 0.8907868 0.4544214 -4.90073e-4 0.8138858 0.5810247 1.84035e-4 0.7770437 0.6294466 2.05064e-4 0.7071188 0.7070947 -1.12361e-4 0.735484 0.6775421 -1.12439e-4 0.735484 0.6775421 -1.12391e-4 0.735484 0.6775421 1.70852e-4 0.6293599 0.777114 1.70889e-4 0.6293599 0.777114 1.64481e-4 0.6293599 0.777114 -1.39914e-4 0.6760127 0.73689 -1.39955e-4 0.6760127 0.73689 -1.3992e-4 0.6760127 0.73689 9.02151e-5 0.5441699 0.8389751 -6.79902e-5 0.6117621 0.7910419 -6.80024e-5 0.6117621 0.7910419 -6.80009e-5 0.6117621 0.7910419 5.54086e-5 0.5421022 0.8403126 1.62781e-4 0.454218 0.8908906 1.62753e-4 0.454218 0.8908906 1.62767e-4 0.454218 0.8908906 -3.349e-5 0.4676795 0.8838981 1.98584e-4 0.3581895 0.9336489 1.98582e-4 0.3581895 0.9336489 1.98621e-4 0.3581895 0.9336489 -1.42277e-4 0.3898612 0.9208737 2.11589e-4 0.2586655 0.9659669 -1.54764e-4 0.3111736 0.9503531 1.48586e-4 0.15634 0.9877034 1.48536e-4 0.15634 0.9877034 1.48552e-4 0.15634 0.9877034 -1.00645e-4 0.2298191 0.9732334 -1.00632e-4 0.2298191 0.9732334 -1.00604e-4 0.2298191 0.9732334 -7.02324e-5 0.1409208 0.9900209 -7.02766e-5 0.1409208 0.9900209 -7.02653e-5 0.1409208 0.9900209 7.41409e-5 0.0522986 0.9986315 -1.25757e-5 0.04694813 0.9988974 -1.25724e-5 0.04694813 0.9988974 -1.25453e-5 0.04694813 0.9988974 1.96657e-5 0.03278851 -0.9994624 1.63928e-5 0.03278851 -0.9994624 1.63812e-5 0.03278851 -0.9994624 0 0.03263741 -0.9994673 0 0.09784841 -0.9952014 2.2755e-5 0.09813976 -0.9951727 2.28096e-5 0.09813976 -0.9951727 2.28097e-5 0.09813976 -0.9951727 1.94402e-5 0.1629709 -0.9866309 1.93856e-5 0.1629709 -0.9866309 1.91732e-5 0.2270767 -0.973877 1.32713e-5 0.2270024 -0.9738943 1.31708e-5 0.2270024 -0.9738943 0 0.2270025 -0.9738942 1.3702e-5 0.290145 -0.9569828 1.37137e-5 0.290145 -0.9569828 1.3671e-5 0.290145 -0.9569828 0 0.2904658 -0.9568853 1.60675e-5 0.3523445 -0.9358705 1.60614e-5 0.3523444 -0.9358705 1.60116e-5 0.3523445 -0.9358705 1.84065e-5 0.3524184 -0.9358425 1.79199e-5 0.4126343 -0.9108968 1.79201e-5 0.4126395 -0.9108944 7.04701e-6 0.4710239 -0.8821206 7.06068e-6 0.4710239 -0.8821206 7.02279e-6 0.4710239 -0.8821206 1.73373e-5 0.4714466 -0.8818947 1.67275e-5 0.5281636 -0.8491427 1.54853e-5 0.5284674 -0.8489536 1.54938e-5 0.5284674 -0.8489536 1.43236e-5 0.5284674 -0.8489536 1.37118e-5 0.5822236 -0.8130288 1.37919e-5 0.5822237 -0.8130288 1.38205e-5 0.5822236 -0.8130288 1.6005e-5 0.5827202 -0.8126729 1.52081e-5 0.6344311 -0.7729794 1.52356e-5 0.634438 -0.7729738 1.43709e-5 0.6837309 -0.7297343 1.43435e-5 0.6837239 -0.7297409 1.34722e-5 0.7297441 -0.6837204 1.34452e-5 0.7297454 -0.683719 1.24904e-5 0.7728965 -0.6345322 1.07035e-5 0.7728422 -0.6345984 9.81853e-6 0.8125219 -0.5829308 1.40517e-5 0.8125219 -0.5829308 1.40535e-5 0.8125219 -0.5829308 1.07661e-5 0.8131319 -0.5820797 1.07175e-5 0.8131319 -0.5820796 1.14695e-5 0.8131319 -0.5820796 1.04011e-5 0.849208 -0.5280585 1.03874e-5 0.8492081 -0.5280585 7.95937e-6 0.8817954 -0.4716323 9.28241e-6 0.8818292 -0.471569 8.12013e-6 0.9108979 -0.4126319 4.18133e-6 0.9110698 -0.4122523 4.18331e-6 0.9110698 -0.4122523 4.20553e-6 0.9110698 -0.4122523 1.3601e-5 0.9357423 -0.3526844 1.35875e-5 0.9357424 -0.3526844 1.36382e-5 0.9357424 -0.3526844 5.45123e-6 0.9360483 -0.3518719 5.46151e-6 0.9360482 -0.3518719 5.44973e-6 0.9360483 -0.3518719 5.71385e-6 0.9569261 -0.2903319 3.15078e-6 0.973777 -0.2275047 3.21246e-6 0.973777 -0.2275047 3.11095e-6 0.973777 -0.2275047 4.8983e-6 0.9569132 -0.2903741 2.28274e-6 0.9866668 -0.1627537 2.23501e-6 0.9866668 -0.1627537 2.75297e-6 0.9866668 -0.1627537 3.81431e-6 0.9740784 -0.2262106 0 0.9952104 -0.09775656 0 0.9865559 -0.1634248 2.11423e-6 0.9865559 -0.1634248 2.10895e-6 0.9865558 -0.1634247 3.01936e-7 0.9994626 -0.03277903 2.99469e-7 0.9994626 -0.03277903 6.6322e-7 0.9994626 -0.03277903 1.92602e-6 0.9951988 -0.09787392 6.74036e-7 0.999448 -0.03322422 8.00996e-7 0.999448 -0.03322422 7.5412e-7 0.999448 -0.03322422 -6.6332e-7 0.9994478 0.03322935 -5.79554e-7 0.9994478 0.03322935 -6.40627e-7 0.9994478 0.03322935 -5.91992e-7 0.999464 0.03273624 -6.35505e-7 0.999464 0.03273624 -6.04718e-7 0.999464 0.03273624 -1.92399e-6 0.9952091 0.09777045 -1.64889e-6 0.9952119 0.09774178 -3.41037e-6 0.9865794 0.1632829 -3.39415e-6 0.9865794 0.1632829 -2.74708e-6 0.9865794 0.1632829 -2.7505e-6 0.9866364 0.1629382 -3.81772e-6 0.9740784 0.2262107 -4.41566e-6 0.9737771 0.2275047 -4.88453e-6 0.9737771 0.2275047 -4.94133e-6 0.9737771 0.2275047 -5.71385e-6 0.9569261 0.2903319 -2.30944e-6 0.9567868 0.2907906 -2.3357e-6 0.9567868 0.2907906 -2.32102e-6 0.9567868 0.2907906 -6.93576e-6 0.9358606 0.3523706 -6.92893e-6 0.9361306 0.3516526 -5.85312e-6 0.9361306 0.3516526 -5.88796e-6 0.9361306 0.3516526 -8.12013e-6 0.9108979 0.4126319 -6.9601e-6 0.9108721 0.412689 -1.0034e-5 0.881864 0.4715039 -9.95047e-6 0.881864 0.4715039 -1.00602e-5 0.881864 0.4715039 -9.29235e-6 0.8817851 0.4716516 -6.68996e-6 0.8817851 0.4716516 -6.71977e-6 0.8817851 0.4716516 -1.03781e-5 0.8495042 0.527582 -8.32791e-6 0.8491498 0.528152 -8.3514e-6 0.8491498 0.528152 -8.32566e-6 0.8491498 0.528152 -1.14695e-5 0.8128528 0.5824694 -9.16108e-6 0.8125734 0.5828589 -9.11179e-6 0.8125734 0.5828589 -9.16503e-6 0.8125734 0.582859 -1.2492e-5 0.7728422 0.6345984 -1.24919e-5 0.7728353 0.6346066 -1.34725e-5 0.7297454 0.683719 -1.3445e-5 0.7297384 0.6837266 -1.43712e-5 0.6837317 0.7297335 -1.4371e-5 0.6837248 0.72974 -1.52085e-5 0.6344385 0.7729735 -1.52084e-5 0.6344316 0.772979 -1.26645e-5 0.5827193 0.8126735 -1.27276e-5 0.5827193 0.8126735 -1.26817e-5 0.5827193 0.8126735 -1.37548e-5 0.5823242 0.8129566 -1.37406e-5 0.5823242 0.8129566 -1.37378e-5 0.5823242 0.8129568 -1.11404e-5 0.5283382 0.8490341 -1.12164e-5 0.5283382 0.8490341 -1.12118e-5 0.5283382 0.8490341 -1.67293e-5 0.5280601 0.8492071 -1.63118e-5 0.4712115 0.8820202 -1.63531e-5 0.4712115 0.8820202 -1.63281e-5 0.4712115 0.8820202 0 0.4714462 0.8818948 -1.43532e-5 0.4127292 0.9108538 -1.43528e-5 0.4127293 0.9108538 -1.43265e-5 0.4127292 0.9108538 -1.79202e-5 0.4126337 0.9108971 -1.48285e-5 0.3520299 0.9359889 -1.4847e-5 0.3520299 0.9359889 -1.48334e-5 0.3520299 0.9359889 -1.84139e-5 0.3522991 0.9358875 -1.39838e-5 0.3522991 0.9358876 -1.39554e-5 0.3522991 0.9358876 -1.87971e-5 0.2904652 0.9568855 -1.88517e-5 0.2904652 0.9568855 -1.91734e-5 0.2270761 0.9738771 -1.91734e-5 0.2270762 0.9738771 -2.76225e-5 0.1626417 0.9866852 -2.75983e-5 0.1626417 0.9866852 -2.76217e-5 0.1626417 0.9866852 -1.94405e-5 0.1629705 0.9866309 -1.95753e-5 0.09784948 0.9952013 -1.9575e-5 0.09784811 0.9952014 -1.9667e-5 0.03263777 0.9994673 -1.96667e-5 0.03263729 0.9994673 1.96662e-5 0.03274071 -0.9994639 2.25884e-5 0.03274071 -0.9994639 2.26243e-5 0.03274071 -0.9994639 0 0.03263747 -0.9994673 2.29859e-5 0.09818196 -0.9951686 2.3002e-5 0.0981819 -0.9951685 2.29461e-5 0.09818196 -0.9951686 9.92227e-6 0.0981388 -0.9951727 1.00148e-5 0.0981388 -0.9951728 9.90319e-6 0.0981388 -0.9951728 2.79336e-5 0.1626406 -0.9866854 2.79228e-5 0.1626406 -0.9866854 2.79158e-5 0.1626406 -0.9866854 1.94408e-5 0.1629716 -0.9866308 1.92282e-5 0.2270761 -0.9738771 1.44465e-5 0.227095 -0.9738726 1.44879e-5 0.227095 -0.9738727 0 0.2270951 -0.9738726 3.29286e-5 0.2900092 -0.9570239 3.28595e-5 0.2900092 -0.9570239 3.28908e-5 0.2900092 -0.9570239 0 0.2904667 -0.9568852 1.59366e-5 0.3522421 -0.935909 1.59298e-5 0.3522421 -0.935909 1.58389e-5 0.3522421 -0.935909 1.85656e-5 0.3523204 -0.9358795 1.79204e-5 0.4126357 -0.9108961 1.81389e-5 0.4126358 -0.9108961 1.72604e-5 0.4712768 -0.8819854 1.88659e-5 0.4712768 -0.8819854 1.88753e-5 0.4712768 -0.8819854 1.92457e-5 0.4709805 -0.8821437 1.92866e-5 0.4709805 -0.8821437 1.92528e-5 0.4709805 -0.8821437 1.66187e-5 0.5281683 -0.8491397 1.44332e-5 0.5280589 -0.8492079 1.37634e-5 0.5824723 -0.8128506 1.59467e-5 0.5825725 -0.8127788 1.5072e-5 0.6344345 -0.7729766 1.52905e-5 0.6344354 -0.7729759 1.44291e-5 0.6838806 -0.729594 1.42104e-5 0.6838807 -0.7295939 1.34424e-5 0.7295891 -0.6838859 1.35516e-5 0.7295889 -0.6838859 1.2452e-5 0.7730507 -0.6343445 1.07056e-5 0.7729895 -0.6344188 9.83222e-6 0.8127989 -0.5825445 1.14695e-5 0.8128511 -0.5824716 9.05444e-6 0.849325 -0.5278705 9.07899e-6 0.849325 -0.5278705 1.03858e-5 0.849325 -0.5278705 1.03858e-5 0.8490718 -0.5282776 7.97422e-6 0.8819237 -0.4713924 9.28382e-6 0.8816869 -0.4718353 6.72226e-6 0.8816869 -0.4718353 6.77597e-6 0.8816869 -0.4718353 8.08601e-6 0.9108957 -0.4126367 6.99428e-6 0.9106726 -0.413129 1.07456e-5 0.9106726 -0.413129 1.07726e-5 0.9106726 -0.413129 1.80399e-6 0.9360299 -0.3519206 1.7564e-6 0.9360299 -0.3519206 5.89816e-6 0.9360299 -0.3519206 6.98942e-6 0.9358794 -0.3523207 2.28186e-6 0.9567877 -0.2907872 2.30547e-6 0.9567878 -0.2907873 2.26515e-6 0.9567878 -0.2907873 4.48088e-6 0.9740704 -0.2262453 4.91883e-6 0.9569143 -0.2903707 2.73249e-6 0.9866108 -0.1630924 3.82457e-6 0.9737736 -0.2275191 3.38889e-6 0.9737736 -0.2275191 3.32985e-6 0.9737736 -0.2275191 0 0.9952101 -0.09776061 0 0.986635 -0.1629459 6.6247e-7 0.9994319 -0.03370517 1.91407e-6 0.9951998 -0.09786409 8.58648e-7 0.9994624 -0.0327897 7.04596e-7 0.9994624 -0.0327897 7.48771e-7 0.9994624 -0.0327897 -5.66856e-7 0.9994637 0.03274691 -6.78023e-7 0.9994637 0.03274691 -7.0932e-7 0.9994637 0.03274691 -6.6237e-7 0.9994321 0.03370004 -1.93936e-6 0.9952101 0.09776055 -1.63865e-6 0.9952114 0.09774583 -2.73003e-6 0.986635 0.1629459 -3.22192e-6 0.986631 0.1629703 -4.04693e-6 0.9737736 0.2275191 -3.99172e-6 0.9737736 0.2275192 -4.48021e-6 0.9737736 0.2275191 -4.42558e-6 0.9740782 0.2262118 -5.68398e-6 0.9569143 0.2903707 -4.91811e-6 0.9569271 0.2903286 -6.00653e-6 0.93588 0.3523192 -6.88118e-6 0.9358605 0.3523707 -8.19642e-6 0.9111466 0.4120825 -4.30011e-6 0.9111466 0.4120825 -4.31628e-6 0.9111466 0.4120825 -8.08714e-6 0.9108704 0.4126924 -5.24791e-6 0.8819471 0.4713484 -5.26405e-6 0.8819471 0.4713484 -5.22411e-6 0.8819471 0.4713484 -9.29252e-6 0.8817218 0.4717699 -1.03765e-5 0.8493681 0.527801 -8.91298e-6 0.849115 0.5282081 -8.92884e-6 0.849115 0.5282081 -8.91153e-6 0.849115 0.5282081 -1.15788e-5 0.8128511 0.5824716 -1.13603e-5 0.8128504 0.5824726 -1.24535e-5 0.7729895 0.6344188 -1.24535e-5 0.7729895 0.6344189 -1.35516e-5 0.7295889 0.6838859 -1.33331e-5 0.7295891 0.6838858 -1.44291e-5 0.6838806 0.729594 -1.31796e-5 0.6836358 0.7298233 -1.31607e-5 0.6836358 0.7298234 -1.4429e-5 0.6836358 0.7298234 -1.52905e-5 0.6344354 0.7729759 -1.52904e-5 0.6344346 0.7729766 -1.59565e-5 0.5825717 0.8127794 -1.59651e-5 0.5825717 0.8127794 -1.5984e-5 0.5825717 0.8127794 0 0.5825725 0.8127788 -1.44202e-5 0.5278076 0.849364 -1.44327e-5 0.5278076 0.849364 0 0.5278075 0.8493641 -1.662e-5 0.5280589 0.8492078 -8.25422e-6 0.4713376 0.881953 -8.25815e-6 0.4713376 0.881953 -8.2086e-6 0.4713376 0.881953 -1.97928e-5 0.4712774 0.8819851 -1.98072e-5 0.4712774 0.8819851 -1.98077e-5 0.4712774 0.8819851 -1.51506e-5 0.4126875 0.9108726 -1.51503e-5 0.4126875 0.9108726 -1.52539e-5 0.4126875 0.9108726 -1.79204e-5 0.4126357 0.9108961 -2.04494e-5 0.3522422 0.9359089 -2.04528e-5 0.3522422 0.9359089 -2.04856e-5 0.3522422 0.9359089 -1.85726e-5 0.3522422 0.9359089 -1.7302e-5 0.3522422 0.9359089 -1.71744e-5 0.3522422 0.9359089 -1.09177e-5 0.2900066 0.9570247 -1.0909e-5 0.2900066 0.9570247 -1.09139e-5 0.2900066 0.9570247 -2.62384e-5 0.2901459 0.9569825 -2.62592e-5 0.2901459 0.9569825 -2.62403e-5 0.2901458 0.9569825 -1.63871e-5 0.2272199 0.9738435 -1.90097e-5 0.227076 0.9738771 -1.94408e-5 0.1629716 0.9866308 -1.94408e-5 0.1629716 0.9866308 -1.96846e-5 0.09784877 0.9952013 -1.94659e-5 0.09784877 0.9952013 -1.96669e-5 0.03263747 0.9994673 -1.96669e-5 0.03263747 0.9994673 0 0.03263783 -0.9994673 0 0.09787702 -0.9951986 1.57544e-5 0.09807324 -0.9951792 1.58522e-5 0.09807324 -0.9951792 1.58289e-5 0.09807324 -0.9951792 1.938e-5 0.1629237 -0.9866387 1.94346e-5 0.1629237 -0.9866387 1.91729e-5 0.2270736 -0.9738777 1.3702e-5 0.2902306 -0.9569568 1.37149e-5 0.2902306 -0.9569568 1.36726e-5 0.2902306 -0.9569568 0 0.2905514 -0.9568594 1.60675e-5 0.3522433 -0.9359086 1.6061e-5 0.3522432 -0.9359086 1.60123e-5 0.3522433 -0.9359086 1.84015e-5 0.3523216 -0.935879 1.67277e-5 0.5281699 -0.8491387 1.43236e-5 0.5280604 -0.8492069 1.36935e-5 0.582886 -0.812554 1.38638e-5 0.582886 -0.812554 1.38339e-5 0.582886 -0.812554 1.60405e-5 0.5823239 -0.812957 1.6014e-5 0.5823239 -0.812957 1.60314e-5 0.5823239 -0.812957 1.52083e-5 0.634438 -0.7729738 1.43708e-5 0.6837239 -0.7297408 1.43436e-5 0.6837309 -0.7297343 1.34448e-5 0.7297372 -0.6837278 1.24903e-5 0.7725974 -0.6348962 1.04235e-5 0.7725974 -0.6348963 1.0489e-5 0.7725974 -0.6348962 4.58131e-6 0.7733879 -0.6339333 4.57206e-6 0.7733878 -0.6339332 1.07033e-5 0.7733878 -0.6339332 9.81834e-6 0.8127993 -0.5825439 1.14694e-5 0.812846 -0.5824787 9.28247e-6 0.8818351 -0.4715582 8.12009e-6 0.9108927 -0.4126436 6.93576e-6 0.9358606 -0.3523706 2.22158e-6 0.9107335 -0.4129946 2.22879e-6 0.9107335 -0.4129946 2.23399e-6 0.9107335 -0.4129946 5.93827e-6 0.9358841 -0.3523083 2.55505e-6 0.9738751 -0.2270845 2.52149e-6 0.9738751 -0.2270845 2.62801e-6 0.9738751 -0.2270845 2.75296e-6 0.9866098 -0.1630983 4.44946e-6 0.9739699 -0.2266775 4.80992e-6 0.9739699 -0.2266776 4.83856e-6 0.9739699 -0.2266775 0 0.9952091 -0.09777045 0 0.9866364 -0.1629382 6.57252e-7 0.9994422 -0.033396 1.92603e-6 0.9952002 -0.09786003 -3.81631e-7 0.9994612 0.03282612 -3.27278e-7 0.9994612 0.03282612 -4.22358e-7 0.9994612 0.03282612 6.68067e-7 0.9994581 -0.0329169 7.95027e-7 0.9994581 -0.0329169 7.47842e-7 0.9994581 -0.0329169 -6.57351e-7 0.9994421 0.03340107 -1.92399e-6 0.9952104 0.09775656 -1.64888e-6 0.9952105 0.09775567 -2.74708e-6 0.9866341 0.1629518 -3.39114e-6 0.9738721 0.2270978 -3.48192e-6 0.9738721 0.2270978 -3.81772e-6 0.9738721 0.2270978 -4.45011e-6 0.9740707 0.2262441 -5.35219e-6 0.9567868 0.2907906 -5.3544e-6 0.9567868 0.2907906 -5.71385e-6 0.9567868 0.2907906 -5.71385e-6 0.9570235 0.2900108 -1.28597e-6 0.9570234 0.2900108 -1.28206e-6 0.9570234 0.2900108 -6.93579e-6 0.9358652 0.3523584 -6.92893e-6 0.9358606 0.3523706 -8.21776e-6 0.9110052 0.412395 -8.18626e-6 0.9110053 0.412395 -8.22719e-6 0.9110052 0.412395 -6.95914e-6 0.9108979 0.4126319 -7.96683e-6 0.8817172 0.4717784 -6.4539e-6 0.8817172 0.4717784 -6.47613e-6 0.8817172 0.4717784 -1.01699e-5 0.8817568 0.4717044 -1.01802e-5 0.8817569 0.4717044 -1.01881e-5 0.8817569 0.4717044 -8.91367e-6 0.8492512 0.5279892 -8.93045e-6 0.8492512 0.5279892 -8.91207e-6 0.8492512 0.5279893 -1.14694e-5 0.8128461 0.5824786 -1.14558e-5 0.8128527 0.5824694 -1.13659e-5 0.7731463 0.6342279 -1.13909e-5 0.7731463 0.6342279 -1.13948e-5 0.7731463 0.6342279 -1.2492e-5 0.7728422 0.6345983 -1.34724e-5 0.7297384 0.6837264 -1.43712e-5 0.6840814 0.7294057 -1.15894e-5 0.6840814 0.7294057 -1.16018e-5 0.6840814 0.7294057 -1.43712e-5 0.6837317 0.7297335 -1.52084e-5 0.6344316 0.7729791 -1.15337e-5 0.582401 0.8129017 -1.15307e-5 0.582401 0.8129017 -1.1533e-5 0.582401 0.8129017 0 0.5827137 0.8126776 -2.62426e-5 0.5277761 0.8493837 -2.62446e-5 0.527776 0.8493837 -2.62174e-5 0.5277761 0.8493837 -8.98509e-6 0.5282567 0.8490847 -8.91852e-6 0.5282567 0.8490847 -1.67199e-5 0.5282567 0.8490847 0 0.4126338 0.9108971 -1.3193e-5 0.4127345 0.9108515 -1.31512e-5 0.4127344 0.9108515 -1.79125e-5 0.4127344 0.9108515 -1.36493e-5 0.3522428 0.9359087 -1.3716e-5 0.3522428 0.9359087 -1.37019e-5 0.3522428 0.9359087 -1.8463e-5 0.3523727 0.9358598 -1.38068e-5 0.3523727 0.9358598 -1.38198e-5 0.3523727 0.9358597 -1.4403e-5 0.2902336 0.9569558 -1.44317e-5 0.2902336 0.9569558 -1.88575e-5 0.2902336 0.9569558 -1.88026e-5 0.2905508 0.9568597 -1.94346e-5 0.162921 0.9866392 -1.93803e-5 0.1629233 0.9866387 -1.96357e-5 0.09787815 0.9951985 -1.9581e-5 0.09787815 0.9951985 1.68256e-5 0.0327807 -0.9994627 1.96064e-5 0.0327807 -0.9994627 1.96317e-5 0.0327807 -0.9994627 2.28895e-5 0.09818196 -0.9951686 2.29053e-5 0.09818196 -0.9951685 2.28821e-5 0.09818196 -0.9951686 1.58033e-5 0.09804332 -0.9951822 1.59e-5 0.09804332 -0.9951822 1.58781e-5 0.09804332 -0.9951822 1.94408e-5 0.1629716 -0.9866308 1.92275e-5 0.2272199 -0.9738436 1.53481e-5 0.2271456 -0.9738608 1.53705e-5 0.2271456 -0.9738608 1.53965e-5 0.2271456 -0.9738608 0 0.2903279 -0.9569272 0 0.2903276 -0.9569274 1.50978e-5 0.3521972 -0.9359259 1.50914e-5 0.3521972 -0.9359259 1.51703e-5 0.3521972 -0.9359259 1.83472e-5 0.3523204 -0.9358795 1.79204e-5 0.4126358 -0.9108961 1.72604e-5 0.4712768 -0.8819854 1.88659e-5 0.4712768 -0.8819854 1.88753e-5 0.4712768 -0.8819854 1.51852e-5 0.4711496 -0.8820533 1.51957e-5 0.4711496 -0.8820533 1.51609e-5 0.4711496 -0.8820533 1.68374e-5 0.5281683 -0.8491397 1.42145e-5 0.5280589 -0.8492079 1.37634e-5 0.5824722 -0.8128508 1.59467e-5 0.5825725 -0.8127788 1.5072e-5 0.6344347 -0.7729765 1.52905e-5 0.6344355 -0.7729759 1.4429e-5 0.6838807 -0.7295939 1.35516e-5 0.7295891 -0.6838859 4.54093e-6 0.7299167 -0.6835362 4.54875e-6 0.7299166 -0.6835362 4.52067e-6 0.7299166 -0.6835362 1.13603e-5 0.8128511 -0.5824716 9.05444e-6 0.849325 -0.5278705 9.07899e-6 0.849325 -0.5278705 1.03858e-5 0.849325 -0.5278705 1.03858e-5 0.8490718 -0.5282775 1.33392e-5 0.8817314 -0.471752 1.33281e-5 0.8817314 -0.471752 1.34489e-5 0.8817314 -0.471752 7.50794e-6 0.9110082 -0.4123882 7.53947e-6 0.9110082 -0.4123882 8.19642e-6 0.9110082 -0.4123882 8.08714e-6 0.910732 -0.412998 8.24269e-6 0.910732 -0.412998 8.29493e-6 0.910732 -0.412998 4.50322e-6 0.9360299 -0.3519206 4.50603e-6 0.9360299 -0.3519206 3.30224e-6 0.9568296 -0.2906497 3.31877e-6 0.9568296 -0.2906497 3.33879e-6 0.9568296 -0.2906497 4.42558e-6 0.9740781 -0.2262119 3.22482e-6 0.9866068 -0.1631169 4.48021e-6 0.9737628 -0.2275658 3.23182e-6 0.9737628 -0.2275658 3.17747e-6 0.9737628 -0.2275658 0 0.9952099 -0.09776222 0 0.9866352 -0.1629452 6.62381e-7 0.9994321 -0.03370064 1.94145e-6 0.9952 -0.09786224 6.83784e-7 0.999464 -0.03273886 5.7053e-7 0.999464 -0.03273886 4.77125e-7 0.999464 -0.03273892 -6.62481e-7 0.999467 0.03264814 -7.83009e-7 0.999467 0.03264814 -8.16228e-7 0.999467 0.03264814 -6.62482e-7 0.9994319 0.03370571 -1.91208e-6 0.9952102 0.09775876 -1.66599e-6 0.9952113 0.09774744 -2.73008e-6 0.9866352 0.1629452 -2.78468e-6 0.9866346 0.1629486 -4.14915e-6 0.9737845 0.2274728 -4.33796e-6 0.9737845 0.2274728 -3.82463e-6 0.9737845 0.2274728 -3.09882e-6 0.9739618 0.2267125 -3.04752e-6 0.9739618 0.2267125 -3.05033e-6 0.9739618 0.2267125 -5.68325e-6 0.9569276 0.2903267 -5.73789e-6 0.9570245 0.2900071 -5.21888e-6 0.9570245 0.2900071 -5.21939e-6 0.9570245 0.2900071 -6.99053e-6 0.9358609 0.3523699 -6.8813e-6 0.9358603 0.3523714 -8.08616e-6 0.9108964 0.4126353 -6.99439e-6 0.9108698 0.4126937 -7.98078e-6 0.8817221 0.4717693 -7.87144e-6 0.8817214 0.4717706 -8.84745e-6 0.849368 0.5278011 -1.03778e-5 0.8493258 0.5278691 -1.14695e-5 0.8128513 0.5824715 -1.14695e-5 0.8128504 0.5824727 -1.79546e-6 0.7732935 0.6340484 -1.85533e-6 0.7732935 0.6340484 -1.81538e-6 0.7732934 0.6340483 -1.4504e-5 0.7298185 0.683641 -1.45355e-5 0.7298185 0.683641 -1.4518e-5 0.7298185 0.683641 -1.34424e-5 0.7295891 0.6838858 -1.42104e-5 0.6838807 0.7295939 -1.22871e-5 0.6834608 0.7299872 -1.22547e-5 0.6834609 0.7299872 -1.4429e-5 0.6834608 0.7299872 -1.5072e-5 0.6344355 0.7729759 -1.52904e-5 0.6344347 0.7729765 -1.59565e-5 0.5826496 0.8127236 -1.59661e-5 0.5826495 0.8127235 -1.59871e-5 0.5826496 0.8127236 -1.44202e-5 0.5278076 0.8493641 -1.44327e-5 0.5278076 0.8493641 0 0.5278075 0.8493641 -1.662e-5 0.5283439 0.8490306 -1.45586e-5 0.5283439 0.8490306 -1.45652e-5 0.5283439 0.8490306 -1.07197e-5 0.4711684 0.8820434 -1.06765e-5 0.4711683 0.8820433 -1.07103e-5 0.4711684 0.8820434 -1.51506e-5 0.4126876 0.9108726 -1.51503e-5 0.4126876 0.9108726 -1.51224e-5 0.4126876 0.9108726 -1.79204e-5 0.4126357 0.9108961 -2.06679e-5 0.3522421 0.9359089 -2.06713e-5 0.3522421 0.9359089 -2.07041e-5 0.3522421 0.9359089 -1.83541e-5 0.3522422 0.9359089 -2.04892e-5 0.3522422 0.9359089 -2.04391e-5 0.3522422 0.9359089 -1.87973e-5 0.2904667 0.9568852 -1.14703e-5 0.2901458 0.9569826 -1.15106e-5 0.2901458 0.9569826 -1.14787e-5 0.2901458 0.9569826 -1.92282e-5 0.227076 0.9738771 -1.90097e-5 0.2270759 0.9738771 -1.94659e-5 0.09784877 0.9952013 1.48906e-5 0.03263753 -0.9994673 1.48906e-5 0.03263747 -0.9994673 1.45728e-5 0.09784877 -0.9952013 1.60488e-5 0.09823429 -0.9951634 1.60696e-5 0.09823429 -0.9951634 1.6037e-5 0.09823429 -0.9951634 -6.29685e-6 0.1626423 -0.9866852 -6.31432e-6 0.1626423 -0.9866851 -6.29535e-6 0.1626423 -0.9866852 2.17604e-5 0.162978 -0.9866298 2.1609e-5 0.162978 -0.9866298 1.48873e-5 0.1629781 -0.9866298 1.45579e-5 0.2272199 -0.9738436 1.22423e-5 0.2270761 -0.9738771 1.22469e-5 0.2903279 -0.9569273 2.57037e-5 0.2901457 -0.9569826 2.57012e-5 0.2901457 -0.9569826 2.56847e-5 0.2901457 -0.9569826 1.38914e-5 0.3523204 -0.9358795 1.38914e-5 0.3523206 -0.9358794 1.35682e-5 0.4126358 -0.9108962 1.35682e-5 0.4126359 -0.9108961 1.3234e-5 0.4715728 -0.8818272 1.32339e-5 0.4715722 -0.8818275 1.25827e-5 0.5281679 -0.8491401 1.0928e-5 0.5280591 -0.8492078 1.02554e-5 0.582472 -0.8128508 1.22393e-5 0.5825724 -0.8127789 1.1577e-5 0.6340643 -0.7732804 1.04596e-5 0.6340643 -0.7732804 1.04555e-5 0.6340643 -0.7732804 1.12463e-5 0.6344357 -0.7729757 1.09316e-5 0.6833951 -0.7300488 2.01943e-5 0.6838799 -0.7295947 1.88536e-5 0.7300148 -0.6834315 1.14276e-5 0.7298192 -0.6836402 1.14312e-5 0.7298192 -0.6836403 1.02605e-5 0.7298192 -0.6836403 9.42792e-6 0.7730504 -0.6343447 8.10565e-6 0.7729893 -0.6344192 7.44438e-6 0.8127994 -0.5825437 8.76674e-6 0.8128511 -0.5824717 8.91117e-6 0.8495278 -0.527544 8.9695e-6 0.8495277 -0.527544 7.78077e-6 0.8495277 -0.527544 7.94631e-6 0.8488178 -0.5286856 8.07893e-6 0.8488178 -0.5286855 8.11322e-6 0.8488178 -0.5286856 6.12032e-6 0.8819246 -0.4713906 5.12946e-6 0.9108961 -0.4126359 6.94645e-6 0.8815954 -0.4720059 7.26271e-6 0.8815954 -0.4720059 7.21389e-6 0.8815954 -0.4720059 5.12733e-6 0.9358605 -0.352371 6.28859e-6 0.9108703 -0.4126931 4.63048e-6 0.9358802 -0.3523187 3.81138e-6 0.9567878 -0.2907871 3.78128e-6 0.9567878 -0.2907871 3.77895e-6 0.9567878 -0.2907871 4.49573e-6 0.9739621 -0.226711 4.53542e-6 0.9739621 -0.226711 4.43814e-6 0.9739621 -0.226711 5.7656e-6 0.9570534 -0.2899118 5.80632e-6 0.9570534 -0.2899118 5.80974e-6 0.9570534 -0.2899118 4.65191e-6 0.986556 -0.1634235 4.64635e-6 0.986556 -0.1634235 4.68061e-6 0.986556 -0.1634235 2.813e-6 0.973806 -0.2273803 3.97205e-6 0.973806 -0.2273803 4.17634e-6 0.9738061 -0.2273804 1.81764e-6 0.9951773 -0.09809267 1.79858e-6 0.9951773 -0.09809267 1.84143e-6 0.9951773 -0.09809267 1.88556e-6 0.9867933 -0.1619843 1.95904e-6 0.9867933 -0.1619843 1.86725e-6 0.9867933 -0.1619843 4.96412e-7 0.999432 -0.03370308 1.48905e-6 0.9952099 -0.09776133 -6.99268e-7 0.9994639 0.03274238 -7.09974e-7 0.9994639 0.03274238 -8.21156e-7 0.9994639 0.03274238 4.18378e-7 0.9994608 -0.03283816 5.58228e-7 0.9994608 -0.03283816 5.26307e-7 0.9994608 -0.03283816 -5.06754e-7 0.999432 0.03370308 -1.66e-6 0.9951786 0.09808051 -1.60149e-6 0.9951786 0.09808051 -1.59726e-6 0.9951786 0.09808051 -1.24088e-6 0.9952102 0.09775871 -1.91548e-6 0.9868059 0.161908 -1.96997e-6 0.9868059 0.161908 -2.04254e-6 0.9868059 0.161908 -3.66866e-6 0.9865568 0.163419 -3.6527e-6 0.9865568 0.163419 -3.67399e-6 0.9865568 0.163419 -3.59536e-6 0.9737653 0.2275549 -3.7721e-6 0.9737653 0.2275549 -3.81138e-6 0.9737653 0.2275549 -4.70731e-6 0.9739699 0.2266775 -4.66097e-6 0.9739699 0.2266775 -6.7843e-6 0.9739699 0.2266775 -2.46753e-6 0.9568297 0.2906494 -2.4936e-6 0.9568297 0.2906494 -2.45227e-6 0.9568297 0.2906494 -1.5176e-5 0.9571555 0.2895747 -1.51538e-5 0.9571555 0.2895747 -1.5135e-5 0.9571555 0.2895747 -5.13243e-6 0.9357293 0.3527193 -4.71543e-6 0.9358974 0.3522731 -5.39844e-6 0.9358974 0.3522731 -5.39901e-6 0.9358974 0.3522731 -6.11718e-6 0.911051 0.4122939 -1.14172e-5 0.9108961 0.4126359 -8.18803e-6 0.8818802 0.4714735 -8.15839e-6 0.8818802 0.4714735 -8.18265e-6 0.8818802 0.4714735 -8.45256e-6 0.8816522 0.4718999 -8.46415e-6 0.8816522 0.4718999 -8.48729e-6 0.8816522 0.4719 -7.93915e-6 0.8495457 0.5275152 -9.10761e-6 0.8495457 0.5275152 -9.10928e-6 0.8495457 0.5275152 -1.17957e-5 0.8489624 0.5284535 -1.1736e-5 0.8489624 0.5284535 -7.93914e-6 0.8489624 0.5284535 -8.77432e-6 0.8128811 0.5824296 -8.29823e-6 0.8128812 0.5824296 -8.28363e-6 0.8128811 0.5824296 -1.73681e-5 0.8128511 0.5824717 -1.04121e-5 0.7729871 0.6344218 -1.04511e-5 0.7729871 0.6344218 -1.04385e-5 0.7729871 0.6344218 -9.2636e-6 0.7729893 0.6344192 -1.02526e-5 0.7300863 0.683355 -1.02526e-5 0.7300857 0.6833557 -1.09248e-5 0.68388 0.7295946 -1.09248e-5 0.6838806 0.729594 -1.1577e-5 0.6344356 0.7729759 -2.31697e-5 0.6337997 0.7734974 -2.41477e-5 0.5825724 0.8127789 -1.59957e-5 0.5826494 0.8127236 -1.58694e-5 0.5826494 0.8127237 -1.59183e-5 0.5826494 0.8127237 -1.72239e-5 0.5280114 0.8492374 -1.71549e-5 0.5280114 0.8492374 -1.25766e-5 0.5280114 0.8492374 -2.54985e-5 0.5280584 0.8492082 -1.5281e-5 0.4711682 0.8820434 -1.5265e-5 0.4711682 0.8820434 -1.52872e-5 0.4711682 0.8820434 -1.3234e-5 0.4715727 0.8818272 -1.35682e-5 0.4126359 0.9108961 -1.35682e-5 0.4126359 0.9108962 -1.38914e-5 0.3523206 0.9358794 -2.39489e-5 0.3520064 0.9359976 -2.3978e-5 0.3520065 0.9359976 -2.39762e-5 0.3520065 0.9359976 -2.57007e-5 0.2901457 0.9569826 -2.57403e-5 0.2901456 0.9569825 -2.57015e-5 0.2901457 0.9569826 -1.42322e-5 0.2904668 0.9568851 -1.45584e-5 0.2270761 0.9738771 -1.78057e-5 0.2267491 0.9739532 -1.77917e-5 0.2267491 0.9739532 -1.78014e-5 0.2267491 0.9739532 -1.48848e-5 0.1629716 0.9866307 -1.4554e-5 0.1629716 0.9866309 -2.09845e-5 0.09818267 0.9951684 -2.09963e-5 0.09818267 0.9951684 -2.09533e-5 0.09818267 0.9951684 -1.4904e-5 0.09784877 0.9952013 -1.48906e-5 0.03263747 0.9994673 1.48771e-5 0.03260791 -0.9994683 1.49185e-5 0.03260791 -0.9994683 1.63317e-5 0.09788256 -0.9951981 1.63423e-5 0.09788256 -0.995198 1.62351e-5 0.09788256 -0.9951981 1.48242e-5 0.09816879 -0.9951698 1.90902e-5 0.09816879 -0.9951698 1.90606e-5 0.09816879 -0.9951698 1.40177e-5 0.1626445 -0.9866847 1.40009e-5 0.1626446 -0.9866847 1.39435e-5 0.1626445 -0.9866847 1.60759e-5 0.1629317 -0.9866374 1.61401e-5 0.1629317 -0.9866374 1.46764e-5 0.1629317 -0.9866374 1.45165e-5 0.2272194 -0.9738436 1.24491e-5 0.2270755 -0.9738772 1.22091e-5 0.2904145 -0.956901 1.26105e-5 0.2900888 -0.9569998 1.2648e-5 0.2900888 -0.9569998 1.26474e-5 0.2900888 -0.9569998 1.39328e-5 0.3518732 -0.9360477 1.17074e-5 0.3518732 -0.9360477 1.17061e-5 0.3518732 -0.9360477 1.39328e-5 0.3523219 -0.9358789 1.35682e-5 0.4126359 -0.9108961 1.31411e-5 0.4714451 -0.8818955 1.56217e-5 0.4714452 -0.8818955 1.56546e-5 0.4714452 -0.8818955 1.05169e-5 0.4713605 -0.8819408 1.04756e-5 0.4713605 -0.8819408 1.0474e-5 0.4713605 -0.8819408 1.26523e-5 0.5276184 -0.8494815 1.28715e-5 0.5279256 -0.8492907 1.28049e-5 0.5279256 -0.8492907 1.08547e-5 0.5279256 -0.8492907 1.0382e-5 0.5823379 -0.8129469 1.33275e-5 0.582338 -0.8129469 1.33283e-5 0.5823379 -0.8129469 1.21183e-5 0.5827208 -0.8126724 1.1515e-5 0.6340624 -0.773282 1.44081e-5 0.6340624 -0.7732819 1.4438e-5 0.6340624 -0.7732819 1.15356e-5 0.6344331 -0.7729779 9.01712e-6 0.6837376 -0.7297279 9.01728e-6 0.6837376 -0.7297279 9.04731e-6 0.6837376 -0.7297279 2.01897e-5 0.6837226 -0.729742 1.89196e-5 0.7295801 -0.6838955 8.07914e-6 0.7295801 -0.6838955 8.14091e-6 0.7295801 -0.6838955 1.01799e-5 0.7297444 -0.6837201 9.45705e-6 0.7728973 -0.6345311 8.10416e-6 0.7728465 -0.6345931 7.43402e-6 0.812797 -0.5825473 8.68401e-6 0.8128486 -0.5824752 7.87515e-6 0.8492077 -0.5280591 7.8648e-6 0.8492077 -0.528059 6.02642e-6 0.8817991 -0.4716252 7.51109e-6 0.9112093 -0.4119439 7.49069e-6 0.9112093 -0.4119438 5.27422e-6 0.9112093 -0.4119439 7.02816e-6 0.8818329 -0.4715622 6.14899e-6 0.9107366 -0.4129877 5.55684e-6 0.9107366 -0.4129877 5.56536e-6 0.9107367 -0.4129878 7.45654e-6 0.9356246 -0.3529967 7.50182e-6 0.9356246 -0.3529967 7.43498e-6 0.9356246 -0.3529967 5.95692e-6 0.9360758 -0.3517988 6.00117e-6 0.9360757 -0.3517987 5.98215e-6 0.9360758 -0.3517988 4.32623e-6 0.9569286 -0.2903235 2.85505e-6 0.9738 -0.2274063 2.78177e-6 0.9738 -0.2274063 2.70089e-6 0.9738 -0.2274063 2.60076e-6 0.9570827 -0.2898153 2.62469e-6 0.9570826 -0.2898152 2.68157e-6 0.9570827 -0.2898153 2.31018e-6 0.9866901 -0.1626118 2.27596e-6 0.9866902 -0.1626118 2.0844e-6 0.9866901 -0.1626118 2.88797e-6 0.9739229 -0.2268794 4.21269e-6 0.9739229 -0.2268794 4.29485e-6 0.9739229 -0.2268794 2.42299e-6 0.9866828 -0.1626569 2.63668e-6 0.9866828 -0.1626569 2.57571e-6 0.9866828 -0.1626569 1.45674e-6 0.9952104 -0.09775608 4.84077e-7 0.9994722 -0.03248685 1.45674e-6 0.9952105 -0.09775608 -4.84151e-7 0.9994721 0.0324918 4.84077e-7 0.9994722 -0.03248685 -4.84151e-7 0.999472 0.0324918 -1.83008e-6 0.9951776 0.09808999 -1.83986e-6 0.9951776 0.09808999 -1.45674e-6 0.9951776 0.09809005 -1.24845e-6 0.9952118 0.0977413 -3.28635e-6 0.9866876 0.1626278 -3.27154e-6 0.9866876 0.1626278 -3.28215e-6 0.9866876 0.1626278 -2.08253e-6 0.9866909 0.1626072 -1.90275e-6 0.9866909 0.1626072 -1.89068e-6 0.9866909 0.1626073 -3.00941e-6 0.9739664 0.2266926 -2.97626e-6 0.9739664 0.2266926 -2.89056e-6 0.9739664 0.2266926 -3.90439e-6 0.9737671 0.2275473 -3.89398e-6 0.9737671 0.2275473 -3.87996e-6 0.9737671 0.2275473 -8.63285e-7 0.9567953 0.2907625 -7.76547e-7 0.9567953 0.2907625 -7.60179e-7 0.9567953 0.2907625 -5.57853e-6 0.9570677 0.2898648 -5.58326e-6 0.9570677 0.2898647 -5.53964e-6 0.9570677 0.2898647 -6.88751e-6 0.93556 0.3531678 -6.89677e-6 0.9355601 0.3531678 -5.25143e-6 0.93556 0.3531678 -5.25656e-6 0.9361106 0.3517059 -5.29923e-6 0.9361106 0.3517059 -5.27767e-6 0.9361106 0.3517059 -7.10606e-6 0.9107395 0.4129815 -7.17269e-6 0.9107395 0.4129815 -6.14304e-6 0.9107395 0.4129816 -1.14223e-5 0.9112093 0.4119439 -6.4824e-6 0.9112093 0.4119439 -6.56869e-6 0.9112093 0.4119439 -1.30555e-5 0.8817992 0.4716252 -9.66996e-6 0.8818226 0.4715815 -9.67115e-6 0.8818226 0.4715815 -9.69626e-6 0.8818226 0.4715815 -7.8577e-6 0.8495038 0.5275825 -9.1191e-6 0.8490483 0.5283154 -9.09864e-6 0.8490483 0.5283154 -9.09074e-6 0.8490482 0.5283153 -8.68401e-6 0.8128486 0.5824753 -1.73727e-5 0.8128787 0.5824331 -1.14098e-5 0.8128787 0.5824331 -1.14584e-5 0.8128787 0.5824332 -1.89166e-5 0.7728465 0.634593 -7.50797e-6 0.7731401 0.6342353 -7.5576e-6 0.7731401 0.6342353 -7.51674e-6 0.7731401 0.6342353 -2.03805e-5 0.7297444 0.6837201 -1.32835e-5 0.7297821 0.6836799 -1.3325e-5 0.7297821 0.6836799 -1.33191e-5 0.7297821 0.6836799 -1.08809e-5 0.6837227 0.729742 -1.08811e-5 0.6837333 0.729732 -1.15227e-5 0.634539 0.7728909 -1.41665e-5 0.634539 0.7728909 -1.41334e-5 0.634539 0.7728909 -1.32036e-5 0.6340624 0.7732819 -1.31809e-5 0.6340624 0.7732819 -1.3195e-5 0.6340624 0.7732819 -1.43494e-5 0.5827978 0.8126172 -1.44085e-5 0.5827978 0.8126173 -1.43965e-5 0.5827978 0.8126172 -1.73119e-5 0.5823212 0.8129589 -1.73347e-5 0.5823212 0.8129589 -1.7305e-5 0.5823212 0.8129588 -1.26464e-5 0.5282844 0.8490675 -1.35453e-5 0.5279974 0.849246 -1.36019e-5 0.5279974 0.849246 -1.35275e-5 0.5279974 0.849246 -1.44902e-5 0.471421 0.8819084 -1.4499e-5 0.471421 0.8819084 -1.44845e-5 0.471421 0.8819084 -1.39175e-5 0.4715631 0.8818324 -1.39045e-5 0.4715631 0.8818324 -1.39446e-5 0.4715631 0.8818324 -1.16654e-5 0.4126359 0.9108961 -1.35691e-5 0.4125098 0.9109532 -1.39742e-5 0.352322 0.9358789 -2.0376e-5 0.3520078 0.9359971 -2.0351e-5 0.3520078 0.9359971 -2.03309e-5 0.3520078 0.9359971 -1.23803e-5 0.2902265 0.9569581 -1.24025e-5 0.2902265 0.956958 -1.42775e-5 0.2902265 0.9569581 -1.42364e-5 0.2905535 0.9568588 -1.4517e-5 0.2270755 0.9738772 -1.4517e-5 0.2270755 0.9738772 -1.47152e-5 0.1629251 0.9866386 -1.46735e-5 0.1629217 0.986639 -1.38055e-5 0.09821248 0.9951655 -1.38187e-5 0.09821248 0.9951655 -1.38024e-5 0.09821248 0.9951655 -1.48257e-5 0.09787851 0.9951984 -1.48771e-5 0.03260791 0.9994683 1.29053e-5 0.03248584 -0.9994723 1.48906e-5 0.03263747 -0.9994673 1.49025e-5 0.09804332 -0.9951822 1.09046e-5 0.09804332 -0.9951822 1.08912e-5 0.09804332 -0.9951822 1.42667e-5 0.09804332 -0.9951822 1.42833e-5 0.09804332 -0.9951822 1.44485e-5 0.09804332 -0.9951822 1.38565e-5 0.162836 -0.9866532 1.3749e-5 0.162836 -0.9866532 1.38121e-5 0.162836 -0.9866532 1.94787e-5 0.1629781 -0.9866298 1.95868e-5 0.1629781 -0.9866298 1.48873e-5 0.1629781 -0.9866297 1.25732e-5 0.2270761 -0.9738771 1.19159e-5 0.2903277 -0.9569272 1.45632e-5 0.2904666 -0.9568852 2.31981e-5 0.3518718 -0.9360482 2.31439e-5 0.3518718 -0.9360482 2.31546e-5 0.3518718 -0.9360482 1.29031e-5 0.471065 -0.8820986 1.90003e-5 0.471065 -0.8820986 1.90718e-5 0.471065 -0.8820986 1.29138e-5 0.528168 -0.8491399 1.05968e-5 0.528059 -0.8492077 1.02554e-5 0.5824721 -0.8128507 1.22393e-5 0.5825724 -0.8127789 1.1577e-5 0.6340643 -0.7732803 1.17734e-5 0.6340643 -0.7732803 1.17424e-5 0.6340643 -0.7732803 1.1577e-5 0.6344356 -0.7729759 2.01943e-5 0.68388 -0.7295946 1.88536e-5 0.7300148 -0.6834313 1.02605e-5 0.7295898 -0.6838852 9.59332e-6 0.7730504 -0.6343447 7.94023e-6 0.7729893 -0.6344192 7.44438e-6 0.8127996 -0.5825435 8.60133e-6 0.8128511 -0.5824717 7.91544e-6 0.8495278 -0.527544 7.97675e-6 0.8495278 -0.5275439 7.78077e-6 0.8495278 -0.5275439 7.94631e-6 0.849071 -0.5282788 6.94646e-6 0.8819583 -0.4713276 6.1231e-6 0.9108703 -0.4126931 7.11185e-6 0.8815501 -0.4720906 6.22297e-6 0.8815501 -0.4720906 6.25446e-6 0.8815501 -0.4720906 5.12733e-6 0.9358605 -0.352371 6.1231e-6 0.9108703 -0.4126932 4.4651e-6 0.9358801 -0.3523186 4.85562e-6 0.9568297 -0.2906494 4.83848e-6 0.9568296 -0.2906494 4.90142e-6 0.9568296 -0.2906494 4.08204e-6 0.9739621 -0.226711 4.07573e-6 0.9739621 -0.226711 4.02314e-6 0.9739621 -0.226711 5.49097e-6 0.9570118 -0.2900494 5.47211e-6 0.9570118 -0.2900494 5.50571e-6 0.9570118 -0.2900494 2.06888e-6 0.9866108 -0.1630925 2.89574e-6 0.9737951 -0.227427 3.74247e-6 0.9737951 -0.227427 3.83562e-6 0.9737951 -0.227427 1.48905e-6 0.9952102 -0.09775871 2.469e-6 0.9867624 -0.1621736 2.0694e-6 0.9867624 -0.1621736 2.03885e-6 0.9867623 -0.1621736 4.96337e-7 0.9994321 -0.03369796 1.44769e-6 0.9952099 -0.09776133 -4.96306e-7 0.9994606 0.03284329 -4.23017e-7 0.9994606 0.03284329 -4.80496e-7 0.9994606 0.03284329 4.87392e-7 0.9994639 -0.03274238 3.22828e-7 0.9994639 -0.03274238 2.38847e-7 0.9994639 -0.03274238 -5.06754e-7 0.999432 0.03370308 -1.44747e-6 0.9952114 0.09774661 -1.24088e-6 0.9952102 0.09775871 -2.21867e-6 0.9868059 0.161908 -2.17213e-6 0.9868059 0.161908 -2.49891e-6 0.9868059 0.161908 -3.52699e-6 0.9865803 0.1632771 -3.53086e-6 0.9865803 0.1632771 -3.51352e-6 0.9865803 0.1632771 -3.99829e-6 0.9738089 0.2273681 -4.0963e-6 0.9738089 0.2273681 -4.17652e-6 0.9738089 0.2273681 -3.40656e-6 0.9739264 0.2268643 -3.47152e-6 0.9739264 0.2268643 -6.70157e-6 0.9739264 0.2268643 -3.5291e-6 0.9568297 0.2906494 -3.52297e-6 0.9568297 0.2906494 -3.50435e-6 0.9568297 0.2906494 -4.29857e-6 0.9570166 0.2900334 -5.12733e-6 0.9358612 0.3523687 -1.0596e-5 0.9358466 0.3524076 -7.22766e-6 0.9358466 0.3524076 -7.25182e-6 0.9358466 0.3524076 -1.24117e-5 0.9108703 0.4126931 -1.14172e-5 0.9108961 0.412636 -2.32399e-6 0.881948 0.4713469 -2.2816e-6 0.8819479 0.4713468 -2.28208e-6 0.881948 0.4713469 -8.40947e-6 0.8816974 0.4718154 -8.4412e-6 0.8816974 0.4718154 -8.46036e-6 0.8816974 0.4718154 -7.93915e-6 0.8495457 0.5275153 -8.09118e-6 0.8495456 0.5275152 -8.07969e-6 0.8495457 0.5275153 -8.99039e-6 0.849013 0.5283721 -9.07369e-6 0.849013 0.5283721 -7.93914e-6 0.849013 0.5283721 -8.77432e-6 0.8127695 0.5825855 -1.03704e-5 0.8127695 0.5825855 -1.03542e-5 0.8127695 0.5825855 -1.73681e-5 0.8128511 0.5824717 -1.8858e-5 0.7729893 0.6344192 -1.90235e-5 0.7729893 0.6344192 -2.03555e-5 0.7295898 0.6838852 -1.00872e-5 0.7300857 0.6833557 -1.09248e-5 0.6838806 0.729594 -1.24856e-5 0.6340643 0.7732803 -1.24962e-5 0.6340643 0.7732803 -1.2538e-5 0.6340643 0.7732803 -1.04018e-5 0.5828832 0.812556 -1.10706e-5 0.5828832 0.812556 -1.10088e-5 0.5828832 0.812556 -1.22468e-5 0.58187 0.8132819 -1.69659e-5 0.5280928 0.8491867 -1.70281e-5 0.5280928 0.8491867 -1.29076e-5 0.5280928 0.8491867 -2.51674e-5 0.5280585 0.8492081 -1.79097e-5 0.4711683 0.8820434 -1.78937e-5 0.4711683 0.8820434 -1.78998e-5 0.4711683 0.8820434 -1.12481e-5 0.4716907 0.8817642 -1.15826e-5 0.4126359 0.9108961 -1.35691e-5 0.4128156 0.9108148 -1.02057e-5 0.4128156 0.9108148 -1.02298e-5 0.4128156 0.9108148 -2.34055e-5 0.3518719 0.9360482 -2.33935e-5 0.3518719 0.9360482 -2.3391e-5 0.3518719 0.9360482 -1.42322e-5 0.2904666 0.9568852 -1.57362e-5 0.2901456 0.9569826 -1.57282e-5 0.2901456 0.9569826 -1.57366e-5 0.2901456 0.9569826 -4.14101e-5 0.22661 0.9739856 -4.14687e-5 0.22661 0.9739857 -4.14427e-5 0.22661 0.9739856 -1.45584e-5 0.2270759 0.9738771 -1.4554e-5 0.1629716 0.9866307 -2.56898e-5 0.1626406 0.9866855 -2.56679e-5 0.1626406 0.9866855 -2.56464e-5 0.1626406 0.9866855 -2.16599e-5 0.09818267 0.9951684 -2.17039e-5 0.09818267 0.9951684 -2.16792e-5 0.09818267 0.9951684 -1.4904e-5 0.09784877 0.9952013 -1.48906e-5 0.03263753 0.9994673 -1.48906e-5 0.03263747 0.9994673 1.48907e-5 0.03263759 -0.9994673 1.48907e-5 0.03263759 -0.9994673 1.60756e-5 0.1629284 -0.9866379 1.61398e-5 0.1629284 -0.986638 1.46761e-5 0.1629284 -0.986638 1.42778e-5 0.2905535 -0.9568589 1.39326e-5 0.3518663 -0.9360504 1.17071e-5 0.3518663 -0.9360503 1.17059e-5 0.3518663 -0.9360504 1.31478e-5 0.4714502 -0.8818927 1.37114e-5 0.4711453 -0.8820557 1.37243e-5 0.4711453 -0.8820556 1.37238e-5 0.4711453 -0.8820556 1.26655e-5 0.5281692 -0.8491392 1.08452e-5 0.5280596 -0.8492074 1.03821e-5 0.5826207 -0.8127442 1.21181e-5 0.5827108 -0.8126797 1.15152e-5 0.6344434 -0.7729694 1.15356e-5 0.634433 -0.772978 1.08877e-5 0.683237 -0.7301967 2.019e-5 0.6837333 -0.729732 1.89196e-5 0.7301699 -0.6832657 1.01798e-5 0.7297338 -0.6837314 9.45718e-6 0.7729077 -0.6345186 2.20675e-6 0.773049 -0.6343464 2.19727e-6 0.7730491 -0.6343464 2.21662e-6 0.7730491 -0.6343464 7.43402e-6 0.812797 -0.5825471 8.68401e-6 0.8128486 -0.5824753 7.87515e-6 0.8492077 -0.528059 7.86489e-6 0.8488626 -0.5286136 4.37297e-6 0.8488626 -0.5286136 4.36647e-6 0.8488626 -0.5286136 5.27427e-6 0.910901 -0.412625 7.02809e-6 0.8818241 -0.4715787 4.78802e-6 0.9110056 -0.412394 4.78158e-6 0.9110056 -0.412394 4.77007e-6 0.9110056 -0.412394 4.50192e-6 0.9358614 -0.3523687 5.24547e-6 0.9358802 -0.3523187 4.88592e-6 0.9570618 -0.2898842 4.89388e-6 0.9570618 -0.2898842 4.3262e-6 0.9570618 -0.2898842 2.95833e-6 0.9739632 -0.226706 2.95211e-6 0.9739633 -0.226706 2.96524e-6 0.9739632 -0.226706 3.70873e-6 0.9567486 -0.2909162 1.04562e-6 0.9567486 -0.2909162 1.04072e-6 0.9567486 -0.2909162 2.40611e-6 0.9865539 -0.1634364 2.43283e-6 0.9865539 -0.1634364 2.42813e-6 0.9865539 -0.1634364 2.88799e-6 0.9737969 -0.2274195 4.09339e-6 0.9737969 -0.2274195 4.06679e-6 0.9737969 -0.2274195 2.42299e-6 0.9866861 -0.1626363 2.63668e-6 0.9866861 -0.1626363 2.57572e-6 0.9866861 -0.1626363 5.02153e-7 0.9994316 -0.03371381 1.87162e-6 0.9952432 -0.09742212 1.84936e-6 0.9952432 -0.09742212 1.82171e-6 0.9952432 -0.09742212 -5.02118e-7 0.9994624 0.03278744 -4.24757e-7 0.9994624 0.03278744 -4.85429e-7 0.9994624 0.03278744 4.84797e-7 0.999461 -0.03283023 6.26308e-7 0.999461 -0.03283023 5.9233e-7 0.999461 -0.03283023 -5.0223e-7 0.9994314 0.03371894 -3.28635e-6 0.9866909 0.1626072 -3.27155e-6 0.9866909 0.1626072 -3.28216e-6 0.9866909 0.1626072 -1.9451e-6 0.9865782 0.16329 -1.93778e-6 0.9865782 0.16329 -1.92043e-6 0.9865782 0.16329 -3.02039e-6 0.9737969 0.2274195 -3.1134e-6 0.9737969 0.2274195 -2.89057e-6 0.9737969 0.2274195 -3.29926e-6 0.9739087 0.2269404 -3.30124e-6 0.9739087 0.2269404 -3.29492e-6 0.9739087 0.2269404 2.1044e-5 0.9571786 0.2894981 2.0958e-5 0.9571786 0.2894981 2.1005e-5 0.9571786 0.2894981 -4.32623e-6 0.9569286 0.2903235 -5.25143e-6 0.9357292 0.3527193 -5.2566e-6 0.9357293 0.3527193 -6.14299e-6 0.911048 0.4123004 -1.14224e-5 0.910901 0.412625 -1.19855e-6 0.8820251 0.4712026 -1.2387e-6 0.8820251 0.4712026 -1.20991e-6 0.8820251 0.4712026 -4.3092e-6 0.8818138 0.471598 -4.33975e-6 0.8818138 0.471598 -4.3187e-6 0.8818138 0.471598 -9.26398e-6 0.8488804 0.528585 -9.17915e-6 0.8488804 0.528585 -9.11088e-6 0.8488804 0.528585 -1.73727e-5 0.8129904 0.5822772 -1.19398e-5 0.8129904 0.5822772 -1.19196e-5 0.8129904 0.5822772 -1.89163e-5 0.7728362 0.6346057 -2.03674e-7 0.7726339 0.6348519 -2.01587e-7 0.7726339 0.6348519 -1.70734e-7 0.7726338 0.6348519 -2.03802e-5 0.7297338 0.6837313 -1.0172e-5 0.7302408 0.68319 -1.08811e-5 0.6837333 0.7297321 -1.08809e-5 0.6837227 0.7297419 -1.15229e-5 0.6344753 0.7729432 -1.46491e-5 0.6344753 0.7729433 -1.45346e-5 0.6344753 0.7729432 -2.30299e-5 0.6344329 0.7729779 -1.13254e-5 0.582476 0.812848 -1.12782e-5 0.582476 0.8128479 -1.12778e-5 0.582476 0.812848 -1.21183e-5 0.5827209 0.8126725 -1.15155e-5 0.5280119 0.849237 -1.15387e-5 0.5280119 0.849237 -1.26594e-5 0.5280119 0.849237 -2.53123e-5 0.5280596 0.8492074 -1.44574e-5 0.4713757 0.8819326 -1.44668e-5 0.4713757 0.8819326 -1.44478e-5 0.4713757 0.8819326 -1.12658e-5 0.4715681 0.8818297 -2.03757e-5 0.3520008 0.9359997 -2.03507e-5 0.3520008 0.9359997 -2.03306e-5 0.3520008 0.9359997 -1.42778e-5 0.2905535 0.9568588 -1.52775e-5 0.2900948 0.9569979 -1.52475e-5 0.2900948 0.9569979 -1.52807e-5 0.2900948 0.956998 -1.47149e-5 0.1629217 0.986639 -1.48907e-5 0.03263759 0.9994673 1.97013e-5 0.02382385 -0.9997163 7.42709e-5 0.07016593 -0.9975354 -4.51317e-5 0.02494943 -0.9996888 -4.61299e-5 0.02494943 -0.9996888 -4.61175e-5 0.02494943 -0.9996888 1.18978e-4 0.1173855 -0.9930864 -1.10519e-4 0.07459378 -0.9972141 1.6717e-4 0.1641523 -0.986435 -1.55571e-4 0.1243731 -0.9922356 2.11364e-4 0.2100743 -0.9776854 -1.84905e-4 0.1736968 -0.9847992 2.30641e-4 0.255607 -0.9667809 -2.22392e-4 0.2226495 -0.9748986 0 0.3461253 -0.9381883 2.51983e-4 0.3010588 -0.9536057 -2.5542e-4 0.2707247 -0.9626568 -2.65923e-4 0.3184319 -0.9479458 1.90853e-4 0.3903647 -0.9206604 6.70818e-4 0.3654966 -0.9308125 -4.10441e-4 0.3501326 -0.9367001 -1.90305e-4 0.4110509 -0.9116124 1.99933e-4 0.4345053 -0.9006693 2.01812e-4 0.4769549 -0.8789278 -1.80003e-4 0.4561837 -0.8898856 1.92307e-4 0.5185145 -0.8550689 -1.82398e-4 0.5000396 -0.8660026 1.94805e-4 0.5590344 -0.8291445 1.94846e-4 0.5590344 -0.8291445 1.94824e-4 0.5590344 -0.8291445 -1.86898e-4 0.5426295 -0.8399721 1.86396e-4 0.5983291 -0.8012506 -1.71676e-4 0.5837525 -0.8119318 1.79517e-4 0.6359503 -0.7717301 -1.60272e-4 0.6233824 -0.7819172 1.58117e-4 0.6723056 -0.7402738 -1.53467e-4 0.661841 -0.7496442 1.39403e-4 0.7069514 -0.7072621 -1.47763e-4 0.6982071 -0.7158958 1.28526e-4 0.740215 -0.6723704 -1.37455e-4 0.7328897 -0.6803475 1.11551e-4 0.7715833 -0.6361285 1.116e-4 0.7715833 -0.6361285 1.11522e-4 0.7715833 -0.6361285 -1.17493e-4 0.7662085 -0.642592 9.01395e-5 0.801249 -0.5983312 -9.40859e-5 0.7971359 -0.6038 7.03332e-5 0.8290971 -0.5591046 -7.59005e-5 0.8261743 -0.5634146 3.83257e-5 0.8550812 -0.5184942 3.83142e-5 0.8550812 -0.5184941 3.82962e-5 0.8550812 -0.5184942 -4.92314e-5 0.8532559 -0.5214926 4.3348e-6 0.8787715 -0.4772429 -1.04721e-5 0.9009345 -0.433955 -2.59843e-5 0.8782972 -0.4781152 3.41178e-5 0.9204906 -0.3907647 -7.61461e-6 0.9008933 -0.4340407 1.43998e-5 0.9383013 -0.3458189 -4.47238e-5 0.9215189 -0.3883334 4.99601e-5 0.93843 -0.3454695 1.10887e-4 0.9539698 -0.2999027 -1.02086e-4 0.9397889 -0.3417556 -1.02047e-4 0.9397889 -0.3417556 -1.02111e-4 0.9397889 -0.3417556 1.23493e-4 0.9675284 -0.2527626 -1.10799e-4 0.9555512 -0.2948253 1.35979e-4 0.9789454 -0.2041223 1.35897e-4 0.9789454 -0.2041223 1.3597e-4 0.9789454 -0.2041223 -1.3213e-4 0.9690826 -0.2467367 1.30175e-4 0.9877827 -0.1558382 -1.32018e-4 0.9801264 -0.1983744 -1.32032e-4 0.9801264 -0.1983745 -1.32021e-4 0.9801264 -0.1983744 1.65198e-4 0.9941942 -0.1076005 -1.33374e-4 0.9887893 -0.1493173 1.61155e-4 0.9983109 -0.05809897 -1.57606e-4 0.995043 -0.09944576 1.69388e-4 0.9999555 -0.009442687 -1.63806e-4 0.9987629 -0.04972678 -1.91184e-4 1 0 1.6549e-4 0.999188 0.04029393 -1.89824e-4 0.9987627 0.04972952 1.84189e-4 0.9960013 0.08933967 -1.91671e-4 0.995043 0.09944576 2.01649e-4 0.9903709 0.1384392 -1.98732e-4 0.9887911 0.1493058 1.99598e-4 0.9824736 0.186402 -6.94028e-4 0.9719482 0.2351939 -2.26546e-4 0.9801903 0.1980576 2.05866e-4 0.9717937 0.2358328 -6.5772e-4 0.9656561 0.2598232 -6.57799e-4 0.9656561 0.2598232 -6.57569e-4 0.9656561 0.2598231 -1.48049e-4 0.9690821 0.2467388 -2.62199e-4 0.9559861 0.2934119 -2.62102e-4 0.9559862 0.293412 -2.62132e-4 0.9559862 0.293412 -6.86883e-5 0.9599262 0.2802528 -6.85952e-5 0.9599262 0.2802528 -6.842e-5 0.9599263 0.2802528 -9.09004e-6 0.9610197 0.27648 -9.25828e-6 0.9610197 0.2764799 -9.26683e-6 0.9610197 0.27648 1.11843e-6 0.963026 0.2694085 1.12342e-6 0.963026 0.2694085 1.16305e-6 0.9630261 0.2694085 -3.53644e-4 0.9555558 0.2948104 -3.72489e-4 0.939704 0.3419888 -3.725e-4 0.939704 0.3419888 -3.72513e-4 0.939704 0.3419888 -7.00308e-5 0.9438048 0.3305035 -6.99844e-5 0.9438049 0.3305035 -7.00047e-5 0.9438049 0.3305035 1.10294e-5 0.9477323 0.319067 1.11346e-5 0.9477323 0.319067 1.10801e-5 0.9477323 0.319067 -6.25201e-5 0.9519283 0.306321 -6.25599e-5 0.9519283 0.306321 -6.25419e-5 0.9519283 0.306321 -3.57025e-4 0.9396676 0.3420889 -7.49419e-6 0.9274402 0.3739714 -1.65406e-5 0.9341518 0.356876 -1.65895e-5 0.9341518 0.356876 -1.64672e-5 0.9341518 0.356876 1.17692e-4 0.9097142 0.4152349 -1.79966e-4 0.9194921 0.3931085 -3.99235e-4 0.9215176 0.3883366 -3.0874e-4 0.8792597 0.4763428 5.69491e-5 0.8876758 0.4604691 5.69419e-5 0.8876758 0.4604691 5.69239e-5 0.8876758 0.4604691 -4.62709e-5 0.8974723 0.4410707 -4.6268e-5 0.8974723 0.4410707 -4.6241e-5 0.8974723 0.4410707 -3.95324e-4 0.9008944 0.4340383 3.6699e-5 0.8615931 0.5075995 2.60822e-5 0.8709961 0.49129 -4.13491e-4 0.8782147 0.4782665 -4.58112e-4 0.8259606 0.5637277 -4.58091e-4 0.8259606 0.5637277 -4.58169e-4 0.8259606 0.5637277 1.11702e-4 0.8390024 0.5441277 -2.49362e-4 0.851013 0.5251446 -2.49359e-4 0.851013 0.5251446 -2.49289e-4 0.8510129 0.5251447 -4.60389e-4 0.8531935 0.5215945 -4.60409e-4 0.8531935 0.5215945 -4.60442e-4 0.8531934 0.5215944 -3.88349e-4 0.7976656 0.6030998 1.04545e-4 0.8119401 0.5837407 -4.16169e-4 0.8261569 0.56344 -3.44565e-4 0.767325 0.6412584 -3.4456e-4 0.767325 0.6412584 -3.44446e-4 0.7673249 0.6412584 1.21225e-4 0.7825319 0.6226106 1.21159e-4 0.7825319 0.6226106 1.21198e-4 0.7825319 0.6226105 -4.41581e-4 0.7971566 0.6037725 1.24898e-4 0.7507085 0.6606336 1.2484e-4 0.7507085 0.6606336 1.24831e-4 0.7507086 0.6606337 -4.39569e-4 0.7661833 0.642622 -3.47714e-4 0.7342657 0.6788621 -3.47699e-4 0.7342657 0.6788621 -3.47716e-4 0.7342657 0.6788622 -4.37731e-4 0.7328893 0.6803479 1.40784e-4 0.7162939 0.6977987 -4.29208e-4 0.6982076 0.7158953 -1.92654e-5 0.6937988 0.720169 -5.28725e-6 0.6668305 0.7452095 -4.51542e-4 0.661482 0.7499608 -4.51516e-4 0.661482 0.7499609 -4.51519e-4 0.661482 0.7499609 2.68143e-4 0.639094 0.7691287 -5.47479e-4 0.6234191 0.7818878 8.84286e-5 0.5976932 0.801725 8.84517e-5 0.5976932 0.801725 8.8406e-5 0.5976932 0.801725 -1.27401e-4 0.6163716 0.7874555 -4.96997e-4 0.5837126 0.8119602 -3.14409e-5 0.5480749 0.8364294 -3.13743e-5 0.5480749 0.8364294 -3.14021e-5 0.5480749 0.8364294 9.04348e-6 0.5754547 0.8178337 9.01769e-6 0.5754547 0.8178337 9.04598e-6 0.5754547 0.8178337 -4.07027e-4 0.5426717 0.8399448 -9.9598e-5 0.5091881 0.8606553 -9.95371e-5 0.5091882 0.8606553 -9.9618e-5 0.5091881 0.8606553 4.21267e-5 0.5256877 0.8506777 4.2108e-5 0.5256876 0.8506777 4.21384e-5 0.5256877 0.8506777 -4.84839e-4 0.4999954 0.8660281 4.88701e-5 0.4718114 0.8816995 -8.7721e-5 0.4909395 0.8711938 -8.77947e-5 0.4909395 0.8711938 -8.77301e-5 0.4909394 0.8711937 -4.35972e-4 0.45623 0.8898619 8.40395e-5 0.4299033 0.902875 8.39501e-5 0.4299033 0.9028751 8.39283e-5 0.4299033 0.9028751 -2.04364e-4 0.4516461 0.8921971 -2.04339e-4 0.4516462 0.8921971 -2.04349e-4 0.4516462 0.8921971 -4.17373e-4 0.4110006 0.9116351 8.3187e-5 0.3837417 0.9234405 8.32169e-5 0.3837417 0.9234405 8.3196e-5 0.3837417 0.9234406 -2.04392e-4 0.4068959 0.9134746 -3.9195e-4 0.365549 0.9307921 -8.1044e-5 0.3304758 0.9438145 -8.10738e-5 0.3304758 0.9438145 -8.10641e-5 0.3304758 0.9438145 1.57502e-5 0.3421627 0.9396407 1.57315e-5 0.3421627 0.9396407 1.57195e-5 0.3421627 0.9396407 -8.16955e-5 0.3532138 0.9355427 -8.16558e-5 0.3532138 0.9355427 -8.16066e-5 0.3532138 0.9355427 -3.8098e-4 0.3653052 0.9308877 -3.538e-4 0.3183782 0.9479637 -1.40733e-4 0.2798803 0.960035 -1.40702e-4 0.2798803 0.960035 -1.40688e-4 0.2798803 0.960035 -2.89945e-5 0.28811 0.9575973 -2.89468e-5 0.28811 0.9575974 -2.89115e-5 0.28811 0.9575974 -8.77814e-6 0.2973182 0.9547785 -1.08534e-4 0.3073937 0.9515824 -3.62391e-4 0.3189052 0.9477866 -3.62353e-4 0.3189052 0.9477866 -3.62378e-4 0.3189052 0.9477866 -6.29622e-4 0.2380077 0.9712631 -6.2956e-4 0.2380077 0.9712631 -6.29543e-4 0.2380076 0.9712631 -3.24395e-4 0.2711862 0.9625269 -3.24466e-4 0.2711862 0.9625269 -3.24433e-4 0.2711862 0.9625269 -1.01566e-4 0.2598882 0.9656388 -1.01932e-4 0.2598882 0.9656388 -1.02256e-4 0.2598882 0.9656387 -1.79327e-4 0.2632141 0.9647375 -1.79486e-4 0.2632141 0.9647375 -1.79413e-4 0.2632141 0.9647375 -2.14781e-4 0.2668279 0.9637443 -2.14811e-4 0.2668279 0.9637443 -2.14776e-4 0.2668279 0.9637443 -3.40773e-4 0.2715315 0.9624295 -3.40714e-4 0.2715315 0.9624295 -3.40728e-4 0.2715315 0.9624295 1.6814e-4 0.2379525 0.9712768 -2.92316e-4 0.2227063 0.9748857 2.03288e-4 0.1952362 0.9807564 -3.13713e-4 0.1736388 0.9848095 1.97068e-4 0.1522009 0.9883496 1.66438e-4 0.1086549 0.9940795 -2.98796e-4 0.1243731 0.9922355 -2.36096e-4 0.07459378 0.9972141 8.41566e-5 0.06553471 0.9978503 -1.55059e-4 0.0248667 0.9996908 -1.96636e-5 0.0215826 0.9997671 -1.9704e-5 -0.02338355 0.9997267 3.7941e-5 -0.07058066 0.9975061 -8.51248e-5 -0.02485781 0.999691 9.94399e-5 -0.1173707 0.9930883 -1.30324e-4 -0.07460266 0.9972134 1.44289e-4 -0.1637207 0.9865067 -1.75316e-4 -0.1243584 0.9922374 1.74601e-4 -0.2100744 0.9776855 -2.22318e-4 -0.1736592 0.9848058 1.93505e-4 -0.255666 0.9667652 -2.60485e-4 -0.2226803 0.9748916 0 -0.3458377 0.9382944 2.16315e-4 -0.3011101 0.9535894 -2.91715e-4 -0.2707561 0.962648 -3.01255e-4 -0.3184862 0.9479275 -4.40795e-4 -0.3501418 0.9366967 1.64639e-4 -0.3905545 0.9205799 6.32653e-4 -0.3653864 0.9308558 -2.12953e-4 -0.4110453 0.9116149 1.6417e-4 -0.4344049 0.9007178 1.64162e-4 -0.4344049 0.9007177 1.64177e-4 -0.4344049 0.9007178 -2.16603e-4 -0.4562307 0.8898617 1.68262e-4 -0.4769955 0.8789058 1.68241e-4 -0.4769955 0.8789058 1.68236e-4 -0.4769955 0.8789058 -2.08452e-4 -0.5000985 0.8659686 1.69674e-4 -0.5187349 0.8549352 -2.07253e-4 -0.5423234 0.8401699 -2.11577e-4 -0.5423234 0.8401699 -2.11559e-4 -0.5423234 0.8401699 1.54241e-4 -0.5589031 0.8292331 -2.02973e-4 -0.5837581 0.8119276 -2.02986e-4 -0.5837581 0.8119276 -2.02985e-4 -0.5837582 0.8119276 1.56749e-4 -0.5983701 0.8012198 -1.89206e-4 -0.6234183 0.7818886 1.50015e-4 -0.6359503 0.77173 -1.82112e-4 -0.6618407 0.7496445 1.31672e-4 -0.6723669 0.740218 -1.73174e-4 -0.6982675 0.715837 1.22665e-4 -0.7072614 0.7069522 -1.50054e-4 -0.7328901 0.6803471 1.18487e-4 -0.7402772 0.6723019 -1.41333e-4 -0.7659088 0.6429493 -1.41317e-4 -0.7659088 0.6429493 -1.41339e-4 -0.7659088 0.6429493 9.37275e-5 -0.7715546 0.6361631 -1.17901e-4 -0.7973596 0.6035046 -1.17893e-4 -0.7973596 0.6035046 -1.17921e-4 -0.7973596 0.6035045 6.97637e-5 -0.8011421 0.5984742 6.97771e-5 -0.8011421 0.5984742 6.98219e-5 -0.8011422 0.5984743 -8.46724e-5 -0.8261563 0.5634409 5.01613e-5 -0.8288463 0.5594764 -6.96998e-5 -0.8533689 0.5213077 2.53685e-5 -0.8549227 0.5187554 2.53756e-5 -0.8549227 0.5187554 2.53463e-5 -0.8549227 0.5187554 -3.97049e-5 -0.8782159 0.4782644 5.80429e-6 -0.8789271 0.4769564 -7.30133e-6 -0.9006572 0.4345304 -2.75395e-5 -0.9009408 0.4339422 1.60907e-5 -0.92067 0.3903419 -1.23614e-5 -0.9381803 0.3461471 -4.90058e-5 -0.9215182 0.3883353 4.72987e-5 -0.9383953 0.3455636 -1.04173e-4 -0.9396293 0.3421943 1.10026e-4 -0.9538968 0.3001351 -1.22315e-4 -0.9555566 0.2948079 1.12681e-4 -0.9675664 0.252617 1.1264e-4 -0.9675664 0.252617 1.12644e-4 -0.9675664 0.252617 -1.36895e-4 -0.9690279 0.2469517 -1.3687e-4 -0.9690278 0.2469517 -1.36876e-4 -0.9690278 0.2469517 1.33941e-4 -0.9788424 0.2046154 -1.60463e-4 -0.9802337 0.1978436 -1.60433e-4 -0.9802337 0.1978436 -1.60446e-4 -0.9802337 0.1978436 1.46197e-4 -0.9876976 0.1563767 -1.58058e-4 -0.9888613 0.1488401 1.47611e-4 -0.9941976 0.1075693 1.47661e-4 -0.9941976 0.1075693 1.47642e-4 -0.9941976 0.1075693 -1.66837e-4 -0.995043 0.09944576 1.50592e-4 -0.9982897 0.05846089 -1.74354e-4 -0.998745 0.05008655 1.67414e-4 -0.9999599 0.008957624 -1.74315e-4 -1 0 1.78765e-4 -0.999194 -0.04014265 1.78773e-4 -0.999194 -0.04014265 1.79612e-4 -0.999194 -0.04014265 1.66192e-4 -0.9959903 -0.08946138 -1.8657e-4 -0.9987617 -0.04975205 -1.86599e-4 -0.9987617 -0.04975205 -1.86604e-4 -0.9987616 -0.04975205 1.90087e-4 -0.9903697 -0.1384475 -2.04821e-4 -0.9950432 -0.09944301 2.15727e-4 -0.9824073 -0.1867511 -1.92643e-4 -0.98886 -0.1488489 -0.001313745 -0.9720539 -0.2347542 -2.21514e-4 -0.9802356 -0.1978334 -2.21487e-4 -0.9802357 -0.1978335 -2.21535e-4 -0.9802356 -0.1978334 2.31762e-4 -0.9717892 -0.235851 -6.54713e-4 -0.9660829 -0.2582315 -6.54738e-4 -0.9660829 -0.2582315 -6.54694e-4 -0.9660829 -0.2582315 -2.54062e-4 -0.9566072 -0.2913805 -2.53854e-4 -0.9566073 -0.2913805 -2.53887e-4 -0.9566072 -0.2913805 -5.3808e-5 -0.9592248 -0.2826445 -5.40559e-5 -0.9592248 -0.2826445 -5.39516e-5 -0.9592248 -0.2826445 0 -0.9616016 -0.2744494 0 -0.9616016 -0.2744494 0 -0.9616016 -0.2744494 9.26684e-6 -0.9631273 -0.2690463 9.26109e-6 -0.9631273 -0.2690463 9.23839e-6 -0.9631273 -0.2690463 -1.41682e-4 -0.9690278 -0.2469521 -1.41647e-4 -0.9690278 -0.2469521 -1.41676e-4 -0.9690278 -0.2469521 -3.58582e-4 -0.9395887 -0.3423056 -3.69226e-5 -0.9443483 -0.3289476 3.0091e-5 -0.9473018 -0.3203426 -5.29108e-5 -0.9520527 -0.3059343 -5.28853e-5 -0.9520527 -0.3059343 -5.29243e-5 -0.9520527 -0.3059343 -3.21099e-4 -0.9555516 -0.2948242 1.99621e-5 -0.9272153 -0.374529 1.99565e-5 -0.9272153 -0.374529 2.00775e-5 -0.9272153 -0.374529 -1.60075e-5 -0.9343534 -0.3563479 -3.53163e-4 -0.9397521 -0.3418565 -3.48991e-4 -0.9397522 -0.3418565 -3.48964e-4 -0.9397521 -0.3418565 1.20739e-4 -0.9099681 -0.4146785 1.20785e-4 -0.9099681 -0.4146785 1.20774e-4 -0.909968 -0.4146784 -1.73801e-4 -0.9194694 -0.3931615 -3.95727e-4 -0.9215188 -0.3883338 -2.62383e-4 -0.8796207 -0.4756757 -2.62352e-4 -0.8796207 -0.4756757 -2.62397e-4 -0.8796208 -0.4756758 6.54206e-5 -0.8870269 -0.4617177 6.54646e-5 -0.8870269 -0.4617177 6.54509e-5 -0.8870269 -0.4617177 -2.46271e-5 -0.8975957 -0.44082 -3.87343e-4 -0.9009413 -0.4339408 6.84796e-5 -0.8610573 -0.5085081 4.2769e-5 -0.8713634 -0.4906382 4.27251e-5 -0.8713634 -0.4906382 4.27321e-5 -0.8713635 -0.4906382 -3.89818e-4 -0.8782967 -0.4781157 -3.79455e-4 -0.8260356 -0.5636179 1.35358e-4 -0.8387222 -0.5445596 -2.13245e-4 -0.8506616 -0.5257137 -2.13229e-4 -0.8506616 -0.5257137 -2.13249e-4 -0.8506616 -0.5257137 -4.07444e-4 -0.8532556 -0.5214928 -3.4247e-4 -0.7979444 -0.6027311 -3.42498e-4 -0.7979444 -0.6027311 -3.42465e-4 -0.7979444 -0.6027311 1.5821e-4 -0.81193 -0.583755 -3.63699e-4 -0.8261758 -0.5634124 -3.25344e-4 -0.7670612 -0.6415739 1.46996e-4 -0.7826117 -0.6225104 1.47004e-4 -0.7826117 -0.6225104 1.46977e-4 -0.7826117 -0.6225104 -3.89021e-4 -0.7971359 -0.6037999 1.34451e-4 -0.7508885 -0.6604291 1.34447e-4 -0.7508885 -0.6604291 1.34456e-4 -0.7508885 -0.6604291 -4.14631e-4 -0.7661491 -0.642663 -3.32162e-4 -0.7340869 -0.6790555 -3.32203e-4 -0.7340869 -0.6790555 -3.32278e-4 -0.7340869 -0.6790555 -4.12434e-4 -0.7328894 -0.6803478 1.28626e-4 -0.716073 -0.6980255 1.28665e-4 -0.7160729 -0.6980255 1.28615e-4 -0.716073 -0.6980255 -4.07916e-4 -0.6982663 -0.7158381 7.42342e-6 -0.6938009 -0.7201669 2.2471e-5 -0.6668324 -0.7452078 -4.08938e-4 -0.66184 -0.7496451 2.98902e-4 -0.6390194 -0.7691907 -5.14194e-4 -0.623382 -0.7819173 1.13178e-4 -0.5976092 -0.8017876 -9.67346e-5 -0.6163794 -0.7874495 -4.99139e-4 -0.5835251 -0.812095 -2.86195e-5 -0.5479192 -0.8365314 1.43458e-5 -0.5751803 -0.8180268 -3.93369e-4 -0.5426838 -0.839937 -6.53298e-5 -0.5091852 -0.8606571 7.18647e-5 -0.525692 -0.8506751 -4.67911e-4 -0.5001429 -0.8659428 8.27757e-5 -0.4722398 -0.8814702 8.27852e-5 -0.4722398 -0.8814702 8.27766e-5 -0.4722398 -0.8814702 -6.01279e-5 -0.4914012 -0.8709334 -4.01165e-4 -0.4561828 -0.8898861 1.25903e-4 -0.4303263 -0.9026735 -1.51048e-4 -0.4515327 -0.8922546 -3.81289e-4 -0.411095 -0.9115925 1.07666e-4 -0.3832552 -0.9236425 -1.69288e-4 -0.4070133 -0.9134223 -3.60126e-4 -0.3653343 -0.9308763 -4.64391e-5 -0.3306035 -0.9437698 -4.65085e-5 -0.3306035 -0.9437698 -4.6415e-5 -0.3306035 -0.9437698 4.85084e-5 -0.3421504 -0.9396453 4.85953e-5 -0.3421504 -0.9396453 4.84286e-5 -0.3421504 -0.9396453 -4.83141e-5 -0.3540434 -0.9352291 -4.83541e-5 -0.3540434 -0.9352291 -4.82937e-5 -0.3540434 -0.9352291 -3.5173e-4 -0.3650185 -0.9310002 -3.51764e-4 -0.3650185 -0.9310002 -3.51785e-4 -0.3650185 -0.9310002 -1.13904e-4 -0.2796803 -0.9600932 -1.13836e-4 -0.2796803 -0.9600932 -1.13703e-4 -0.2796803 -0.9600932 -1.72265e-6 -0.2879061 -0.9576587 -1.67605e-6 -0.2879061 -0.9576587 -1.71551e-6 -0.2879061 -0.9576587 2.51551e-5 -0.2976507 -0.9546748 2.51672e-5 -0.2976507 -0.9546749 2.51389e-5 -0.2976507 -0.9546749 -7.10532e-5 -0.3077028 -0.9514825 -3.30022e-4 -0.3183197 -0.9479834 -3.38488e-4 -0.3185403 -0.9479094 -2.06749e-4 -0.237679 -0.9713438 -2.06726e-4 -0.237679 -0.9713438 -2.06734e-4 -0.237679 -0.9713438 -7.34475e-5 -0.2601491 -0.9655685 -7.37302e-5 -0.2601491 -0.9655686 -7.3316e-5 -0.2601491 -0.9655685 -1.08938e-4 -0.2627055 -0.9648761 -1.09108e-4 -0.2627055 -0.9648761 -1.08945e-4 -0.2627055 -0.9648762 -2.44512e-4 -0.2667788 -0.9637578 -2.44467e-4 -0.2667788 -0.9637578 -2.44536e-4 -0.2667789 -0.9637578 -3.41929e-4 -0.2717294 -0.9623737 -3.41968e-4 -0.2717294 -0.9623737 -3.41936e-4 -0.2717294 -0.9623737 -3.14454e-4 -0.270756 -0.962648 2.07854e-4 -0.2379143 -0.9712862 2.3849e-4 -0.1950117 -0.980801 2.38509e-4 -0.1950117 -0.9808009 2.37821e-4 -0.1950117 -0.9808009 -2.54207e-4 -0.2226236 -0.9749045 2.33108e-4 -0.1522008 -0.9883496 -2.79584e-4 -0.1737171 -0.9847956 2.04141e-4 -0.1085874 -0.9940869 -2.62802e-4 -0.1243583 -0.9922373 1.22307e-4 -0.06556701 -0.9978482 -1.97229e-4 -0.07460266 -0.9972134 -1.15434e-4 -0.02527582 -0.9996805 1.96661e-5 -0.02199518 -0.9997581 0 -1 0 -4.19547e-5 0 1 -4.13638e-5 0 1 2.07039e-5 -0.8660224 -0.5000054 1.80033e-5 -0.8660235 -0.5000035 -2.07041e-5 0.8660355 0.4999827 -2.09291e-5 0.8660354 0.4999828 -4.14073e-5 0 1 -2.09288e-5 -0.8660235 0.5000035 -2.07038e-5 -0.8660236 0.5000033 4.17305e-5 0 -1 4.17305e-5 0 -1 3.61195e-5 -0.4999773 -0.8660385 0 -0.5000014 -0.8660246 0 0.4999812 -0.8660362 3.61192e-5 0.5000055 -0.8660223 0 1 0 -3.10558e-5 0.5000055 0.8660223 0 0.4999847 0.8660343 0 0.8660145 0.500019 0 0.8660152 0.5000178 3.54555e-5 0 -1 3.60465e-5 0 -1 -1.77786e-5 0.8660343 0.4999847 -2.09291e-5 0.8660354 0.4999828 1.77782e-5 -0.8660234 -0.5000035 3.60063e-5 0 -1 1.77785e-5 0.8660355 -0.4999828 1.80035e-5 0.8660355 -0.4999828 -3.58151e-5 0 1 -3.57181e-5 0 1 0 -0.5000055 0.8660223 -3.10562e-5 -0.4999847 0.8660343 0 -1 -4.50079e-7 0 -1 3.78214e-7 3.61198e-5 -0.4999812 -0.8660362 0 -0.5000055 -0.8660223 2.92552e-5 0 -1 3.00053e-5 0 -1 -3.45061e-5 0 1 -3.52563e-5 0 1 -1.48907e-5 -0.03263759 0.9994673 -1.48907e-5 -0.03263759 0.9994673 -1.48079e-5 -0.09776091 0.9952099 -1.4849e-5 -0.09775888 0.9952102 -1.46781e-5 -0.1629727 0.9866306 -1.47192e-5 -0.1629693 0.9866312 -1.45173e-5 -0.2270802 0.9738761 -1.4517e-5 -0.2270755 0.9738772 -7.63706e-6 -0.290144 0.956983 -7.64766e-6 -0.290144 0.956983 -7.64819e-6 -0.290144 0.956983 -1.42735e-5 -0.2904651 0.9568856 -1.39742e-5 -0.3523219 0.9358789 -1.39328e-5 -0.3523219 0.9358789 -1.35719e-5 -0.4127474 0.9108456 -1.16279e-5 -0.4126213 0.9109027 -1.14845e-5 -0.4712978 0.8819741 -1.15039e-5 -0.4712978 0.8819742 -1.12606e-5 -0.4712978 0.8819741 -8.7831e-6 -0.4715244 0.8818531 -8.79337e-6 -0.4715244 0.8818531 -8.8321e-6 -0.4715244 0.8818531 -1.551e-5 -0.5279289 0.8492887 -1.55556e-5 -0.5279289 0.8492887 -1.55056e-5 -0.5279289 0.8492887 -1.4236e-5 -0.5281303 0.8491634 -1.42559e-5 -0.5281303 0.8491634 -1.42378e-5 -0.5281304 0.8491634 -1.30366e-5 -0.5826576 0.8127178 -1.30072e-5 -0.5826576 0.8127178 -1.21229e-5 -0.5826576 0.8127178 -1.18471e-5 -0.5821028 0.8131153 -1.19178e-5 -0.5821028 0.8131153 -1.18771e-5 -0.5821028 0.8131152 -2.30299e-5 -0.6344329 0.7729779 -1.15227e-5 -0.6337978 0.7734989 -1.08628e-5 -0.6838814 0.7295933 -1.08628e-5 -0.6838812 0.7295933 -1.01777e-5 -0.7295858 0.6838893 -2.03813e-5 -0.730093 0.683348 -1.89098e-5 -0.7729919 0.634416 -1.89096e-5 -0.7729815 0.6344286 -9.79833e-6 -0.8127213 0.5826528 -9.75618e-6 -0.8127213 0.5826527 -9.87655e-6 -0.8127213 0.5826528 -8.68589e-6 -0.8129293 0.5823624 -6.59964e-6 -0.8491306 0.5281831 -6.64223e-6 -0.8491306 0.5281831 -7.87328e-6 -0.8491306 0.5281831 -8.29656e-6 -0.8494691 0.5276384 -8.01114e-6 -0.8494691 0.5276384 -7.94082e-6 -0.8494691 0.5276384 -8.92078e-6 -0.8818275 0.4715721 -8.86757e-6 -0.8818275 0.4715721 -8.93128e-6 -0.8818275 0.4715721 -6.07729e-6 -0.910983 0.4124441 -6.1304e-6 -0.910983 0.4124441 -1.14292e-5 -0.910983 0.412444 -1.30217e-5 -0.8818579 0.4715154 -6.60251e-6 -0.8818579 0.4715154 -6.4522e-6 -0.8818579 0.4715154 -7.19497e-6 -0.9107487 0.4129613 -7.21321e-6 -0.9107487 0.4129613 -7.19723e-6 -0.9107487 0.4129613 -6.17686e-6 -0.9357088 0.3527734 -6.08502e-6 -0.9357088 0.3527734 -6.12456e-6 -0.9357088 0.3527734 -5.24794e-6 -0.9359117 0.3522351 -7.67676e-6 -0.9359117 0.352235 -7.71387e-6 -0.9359117 0.352235 1.30679e-7 -0.9567893 0.2907821 0 -0.9567893 0.2907821 0 -0.9567893 0.2907821 -2.3584e-6 -0.9571848 0.289478 -3.06822e-6 -0.9571848 0.289478 -3.1278e-6 -0.9571848 0.289478 -2.90032e-6 -0.9738786 0.2270695 -2.92428e-6 -0.9738874 0.2270316 -2.94633e-6 -0.9738874 0.2270316 -2.92097e-6 -0.9738874 0.2270316 -3.19841e-6 -0.9865782 0.16329 -3.22633e-6 -0.9865782 0.16329 -3.22487e-6 -0.9865782 0.16329 -1.75683e-6 -0.9867144 0.1624653 -1.86766e-6 -0.9867144 0.1624653 -1.82366e-6 -0.9867144 0.1624653 -1.45674e-6 -0.9952104 0.09775602 -1.24845e-6 -0.9952118 0.0977413 -4.72231e-7 -0.9994779 0.03230887 -4.58537e-7 -0.9994779 0.03230887 -4.88671e-7 -0.9994779 0.03230887 -4.8867e-7 -0.9994617 0.03280919 4.88597e-7 -0.9994735 -0.03244763 5.73382e-7 -0.9994735 -0.03244763 5.96192e-7 -0.9994735 -0.03244763 4.88596e-7 -0.9994619 -0.03280419 1.45674e-6 -0.9952105 -0.09775608 1.45674e-6 -0.9952104 -0.09775602 2.43e-6 -0.9866046 -0.1631299 2.22246e-6 -0.9866667 -0.1627537 2.22498e-6 -0.9866667 -0.1627537 2.24244e-6 -0.9866667 -0.1627537 2.90032e-6 -0.9738786 -0.2270694 3.38419e-6 -0.9738661 -0.2271232 1.57457e-6 -0.9567486 -0.2909161 1.71227e-6 -0.9567486 -0.2909162 1.66032e-6 -0.9567486 -0.2909161 4.22433e-6 -0.9570676 -0.2898648 4.27677e-6 -0.9570677 -0.2898647 4.20976e-6 -0.9570677 -0.2898647 5.65093e-6 -0.9357581 -0.3526427 5.89418e-6 -0.9357581 -0.3526427 5.82796e-6 -0.9357581 -0.3526427 7.58433e-6 -0.9359252 -0.3521991 7.59567e-6 -0.9359252 -0.3521991 5.23755e-6 -0.9359252 -0.3521991 6.16213e-6 -0.9106633 -0.4131493 5.66597e-6 -0.9106634 -0.4131494 5.69105e-6 -0.9106633 -0.4131493 6.2124e-6 -0.910986 -0.4124373 6.12457e-6 -0.910986 -0.4124373 6.3816e-6 -0.910986 -0.4124373 7.76228e-6 -0.8818916 -0.4714523 7.68315e-6 -0.8818916 -0.4714523 7.62803e-6 -0.8818916 -0.4714523 6.38509e-6 -0.8818717 -0.4714896 6.36948e-6 -0.8818718 -0.4714896 7.01241e-6 -0.8818718 -0.4714896 7.88046e-6 -0.849451 -0.5276675 5.2589e-6 -0.849451 -0.5276675 5.51075e-6 -0.849451 -0.5276675 1.06892e-5 -0.8491631 -0.5281308 1.06716e-5 -0.8491631 -0.5281308 1.06763e-5 -0.8491631 -0.5281308 9.75302e-6 -0.8129591 -0.5823208 9.71401e-6 -0.8129591 -0.5823208 9.755e-6 -0.8129591 -0.5823208 8.51043e-6 -0.8125817 -0.5828475 8.42618e-6 -0.8125816 -0.5828475 7.43704e-6 -0.8125816 -0.5828475 8.10462e-6 -0.7730426 -0.6343542 7.09116e-6 -0.7732959 -0.6340454 7.07719e-6 -0.7732959 -0.6340454 7.12504e-6 -0.7732959 -0.6340454 1.01711e-5 -0.7300221 -0.6834236 1.89281e-5 -0.7295858 -0.6838893 2.01863e-5 -0.6833958 -0.7300482 1.17709e-5 -0.684126 -0.7293638 1.17969e-5 -0.684126 -0.7293638 1.18143e-5 -0.684126 -0.7293638 1.44478e-5 -0.6340624 -0.773282 1.44545e-5 -0.6340624 -0.773282 1.44381e-5 -0.6340624 -0.7732819 1.15356e-5 -0.634433 -0.772978 1.02345e-5 -0.5820805 -0.8131312 1.02337e-5 -0.5820805 -0.8131312 1.0259e-5 -0.5820805 -0.8131312 1.03787e-5 -0.5825805 -0.8127731 1.08357e-5 -0.5277512 -0.849399 1.26567e-5 -0.5276512 -0.8494612 1.31377e-5 -0.4718288 -0.8816902 1.25749e-5 -0.471237 -0.8820067 1.25312e-5 -0.471237 -0.8820067 1.31377e-5 -0.471237 -0.8820067 1.35719e-5 -0.4127473 -0.9108456 1.35719e-5 -0.4127474 -0.9108456 1.39328e-5 -0.3523219 -0.9358789 1.42327e-5 -0.2903261 -0.9569278 1.32268e-5 -0.2900064 -0.9570248 1.32822e-5 -0.2900064 -0.9570248 1.22462e-5 -0.2900064 -0.9570248 1.24487e-5 -0.2272194 -0.9738437 1.45173e-5 -0.2270802 -0.9738761 1.47217e-5 -0.162692 -0.986677 1.59162e-5 -0.1626919 -0.9866769 1.60068e-5 -0.162692 -0.986677 9.31314e-6 -0.1628845 -0.9866452 9.25053e-6 -0.1628845 -0.9866452 9.25111e-6 -0.1628845 -0.9866452 1.92557e-5 -0.09814327 -0.9951723 1.93111e-5 -0.09814327 -0.9951724 1.93207e-5 -0.09814327 -0.9951723 2.047e-5 -0.09804993 -0.9951816 2.04332e-5 -0.09804993 -0.9951815 1.48064e-5 -0.09804993 -0.9951815 1.48907e-5 -0.03263759 -0.9994673 1.35785e-5 -0.03297293 -0.9994564 1.36197e-5 -0.03297293 -0.9994564 1.36037e-5 -0.03297293 -0.9994564 -1.48952e-5 -0.03264743 0.999467 -1.48952e-5 -0.03264743 0.999467 -1.4886e-5 -0.09773057 0.9952129 -1.45552e-5 -0.09773057 0.995213 -1.4554e-5 -0.1629716 0.9866309 -1.4554e-5 -0.1629716 0.9866307 -3.66809e-5 -0.2266097 0.9739857 -3.66708e-5 -0.2266097 0.9739856 -3.66737e-5 -0.2266097 0.9739857 -1.45584e-5 -0.2270761 0.9738771 -2.31592e-5 -0.2901456 0.9569826 -2.31536e-5 -0.2901456 0.9569826 -2.31842e-5 -0.2901456 0.9569826 -1.42322e-5 -0.2904667 0.9568851 -1.38954e-5 -0.3524205 0.9358418 -1.38954e-5 -0.3524203 0.9358419 -1.35682e-5 -0.4126359 0.9108961 -1.15834e-5 -0.4125099 0.9109531 -1.12571e-5 -0.4714779 0.881878 -1.06926e-5 -0.4714779 0.881878 -1.06499e-5 -0.4714779 0.881878 -1.86895e-5 -0.4716319 0.8817956 -1.87451e-5 -0.471632 0.8817955 -2.61712e-5 -0.471632 0.8817955 -1.92809e-5 -0.5277104 0.8494244 -1.9235e-5 -0.5277104 0.8494244 -1.92577e-5 -0.5277104 0.8494244 -1.40987e-5 -0.5283279 0.8490405 -1.41794e-5 -0.5283279 0.8490405 -1.42908e-5 -0.5283279 0.8490405 -1.59431e-5 -0.5826501 0.8127232 -1.58885e-5 -0.58265 0.8127232 -1.10822e-5 -0.5826501 0.8127232 -1.12467e-5 -0.5821428 0.8130866 -1.12193e-5 -0.5821428 0.8130866 -1.12279e-5 -0.5821428 0.8130866 -1.12489e-5 -0.6345836 0.7728543 -1.28487e-5 -0.6340653 0.7732796 -1.28409e-5 -0.6340653 0.7732796 -1.28067e-5 -0.6340653 0.7732796 -1.05914e-5 -0.6837294 0.7297357 -1.09224e-5 -0.6837286 0.7297364 -1.00971e-5 -0.729741 0.6837237 -2.03439e-5 -0.7297781 0.6836841 -1.29539e-5 -0.7297782 0.6836841 -1.29074e-5 -0.7297782 0.683684 -9.69335e-6 -0.7734494 0.6338582 -9.80612e-6 -0.7734494 0.6338582 -1.88544e-5 -0.7734494 0.6338582 -1.88544e-5 -0.77284 0.6346009 -8.36141e-6 -0.8126426 0.5827626 -8.41863e-6 -0.8126426 0.5827626 -8.41897e-6 -0.8126426 0.5827626 -1.06188e-5 -0.813003 0.5822595 -1.06109e-5 -0.813003 0.5822595 -1.0655e-5 -0.813003 0.5822595 -9.12421e-6 -0.849273 0.5279542 -9.08556e-6 -0.849273 0.5279542 -7.9366e-6 -0.849273 0.5279542 -1.24077e-5 -0.8493489 0.5278321 -1.23903e-5 -0.8493489 0.5278321 -1.24001e-5 -0.8493489 0.5278322 -6.00536e-6 -0.8818214 0.4715836 -6.05574e-6 -0.8818214 0.4715836 -6.02136e-6 -0.8818214 0.4715836 -6.94639e-6 -0.8817981 0.4716271 -1.24117e-5 -0.9108703 0.4126931 -1.14172e-5 -0.9108961 0.412636 -5.97758e-6 -0.9358558 0.3523834 -5.97288e-6 -0.9358558 0.3523834 -5.91228e-6 -0.9358558 0.3523834 -1.06005e-5 -0.9358592 0.3523742 -6.42251e-6 -0.9358592 0.3523742 -6.39346e-6 -0.9358592 0.3523742 -5.86616e-6 -0.9569399 0.290286 -5.89536e-6 -0.9569399 0.2902861 -8.68787e-6 -0.9569399 0.290286 -4.2982e-6 -0.9569329 0.2903094 -2.89514e-6 -0.9738768 0.227077 -6.79094e-6 -0.9738147 0.2273433 -2.06702e-6 -0.986635 0.162946 -3.67292e-6 -0.9866892 0.1626175 -3.65591e-6 -0.9866892 0.1626175 -3.62305e-6 -0.9866892 0.1626175 -1.48408e-6 -0.9952429 0.09742468 -1.49094e-6 -0.9952429 0.09742468 -1.44769e-6 -0.9952429 0.09742474 -1.24069e-6 -0.9952114 0.09774661 -4.8609e-7 -0.9994722 0.03248918 -4.75748e-7 -0.999472 0.0324918 4.86016e-7 -0.9994723 -0.03248423 4.86016e-7 -0.9994722 -0.03248685 1.44769e-6 -0.9952429 -0.09742468 1.48409e-6 -0.9952429 -0.09742468 1.49094e-6 -0.9952429 -0.09742468 2.17867e-6 -0.995177 -0.09809523 2.15357e-6 -0.995177 -0.09809523 1.48905e-6 -0.995177 -0.09809523 2.48303e-6 -0.9866068 -0.1631169 3.24549e-6 -0.9866885 -0.1626221 3.28075e-6 -0.9866884 -0.1626221 3.25998e-6 -0.9866884 -0.1626221 2.89514e-6 -0.9738768 -0.2270771 3.39196e-6 -0.9738696 -0.2271081 3.19943e-6 -0.9569817 -0.2901484 3.22592e-6 -0.9569817 -0.2901484 3.19556e-6 -0.9569817 -0.2901484 3.72392e-6 -0.9569278 -0.2903259 5.49071e-6 -0.9569278 -0.2903259 5.44763e-6 -0.9569278 -0.2903259 6.64896e-6 -0.9358239 -0.3524681 6.72828e-6 -0.9358239 -0.3524681 6.65438e-6 -0.9358239 -0.3524681 4.67103e-6 -0.9358558 -0.3523834 4.75953e-6 -0.9358558 -0.3523834 5.12951e-6 -0.9358558 -0.3523834 6.1231e-6 -0.9108703 -0.4126931 7.72501e-6 -0.8816735 -0.4718601 7.74527e-6 -0.8816735 -0.4718601 7.74265e-6 -0.8816735 -0.4718601 6.94547e-6 -0.8818318 -0.4715642 7.94376e-6 -0.8493056 -0.5279018 1.08175e-5 -0.8493056 -0.5279018 1.08272e-5 -0.8493056 -0.5279018 6.56112e-6 -0.8492549 -0.5279831 6.48492e-6 -0.8492549 -0.5279831 6.48872e-6 -0.8492549 -0.5279831 8.27079e-6 -0.8129516 -0.5823312 8.30198e-6 -0.8129517 -0.5823312 8.29574e-6 -0.8129516 -0.5823312 1.24109e-5 -0.8126401 -0.5827661 1.23745e-5 -0.8126401 -0.5827661 7.4474e-6 -0.81264 -0.5827661 8.26851e-6 -0.7729011 -0.6345265 1.26823e-5 -0.7735101 -0.6337839 1.26642e-5 -0.7735102 -0.6337839 1.26686e-5 -0.7735102 -0.6337839 1.46054e-5 -0.7295762 -0.6838996 1.45442e-5 -0.7295762 -0.6838996 1.45258e-5 -0.7295762 -0.6838996 1.887e-5 -0.729741 -0.6837237 2.02025e-5 -0.6838029 -0.7296668 1.43157e-5 -0.6838029 -0.7296668 1.42681e-5 -0.6838029 -0.7296668 1.09224e-5 -0.6837294 -0.7297357 1.04567e-5 -0.6342137 -0.7731578 1.04942e-5 -0.6342138 -0.7731578 1.04583e-5 -0.6342137 -0.7731578 1.15797e-5 -0.6345835 -0.7728543 1.22404e-5 -0.5824721 -0.8128507 7.78147e-6 -0.5821834 -0.8130576 7.79916e-6 -0.5821834 -0.8130576 1.02545e-5 -0.5821834 -0.8130576 1.0585e-5 -0.528356 -0.849023 1.80238e-5 -0.5283559 -0.849023 1.79836e-5 -0.5283559 -0.849023 1.29015e-5 -0.5275142 -0.8495463 1.84274e-5 -0.47136 -0.881941 1.83859e-5 -0.47136 -0.881941 1.83648e-5 -0.47136 -0.881941 1.5691e-5 -0.471529 -0.8818506 1.56976e-5 -0.471529 -0.8818507 1.29135e-5 -0.471529 -0.8818507 1.35682e-5 -0.4126358 -0.9108962 1.35682e-5 -0.4126359 -0.9108961 2.31808e-5 -0.3519717 -0.9360107 2.31681e-5 -0.3519717 -0.9360107 2.31588e-5 -0.3519717 -0.9360107 1.38954e-5 -0.3524205 -0.9358417 1.42328e-5 -0.2903277 -0.9569272 2.67084e-5 -0.2900081 -0.9570243 2.67009e-5 -0.2900081 -0.9570243 2.66761e-5 -0.2900081 -0.9570243 2.94381e-5 -0.2267535 -0.9739523 2.9449e-5 -0.2267535 -0.9739523 2.94617e-5 -0.2267535 -0.9739523 1.45584e-5 -0.2270761 -0.9738771 1.45565e-5 -0.1627888 -0.986661 1.3162e-5 -0.1627888 -0.986661 1.31894e-5 -0.1627888 -0.986661 1.94802e-5 -0.1629779 -0.9866298 1.95863e-5 -0.1629779 -0.9866297 1.94864e-5 -0.1629779 -0.9866297 1.42784e-5 -0.09821009 -0.9951657 1.42652e-5 -0.09821009 -0.9951657 1.43063e-5 -0.09821009 -0.9951657 1.628e-5 -0.09792381 -0.9951939 1.62508e-5 -0.09792381 -0.9951939 1.48845e-5 -0.09792381 -0.9951939 1.48952e-5 -0.03249573 -0.999472 1.29091e-5 -0.03264743 -0.999467 -1.48625e-5 -0.03266662 0.9994663 -1.82928e-5 -0.03300267 0.9994553 -1.82984e-5 -0.03300267 0.9994553 -1.83343e-5 -0.03300267 0.9994553 -1.48493e-5 -0.09776091 0.9952099 -1.47149e-5 -0.1629217 0.986639 -1.46735e-5 -0.1629217 0.986639 -1.32185e-5 -0.2268189 0.973937 -1.32126e-5 -0.2268189 0.973937 -1.32128e-5 -0.2268189 0.973937 -1.44799e-5 -0.227141 0.9738619 -1.42321e-5 -0.2904651 0.9568856 -1.42738e-5 -0.2899205 0.9570508 -1.23174e-5 -0.2899205 0.9570508 -1.23064e-5 -0.2899205 0.9570508 -1.39739e-5 -0.352315 0.9358816 -1.36096e-5 -0.4126359 0.9108961 -1.16247e-5 -0.4125098 0.9109532 -1.4077e-5 -0.4711695 0.8820428 -1.41082e-5 -0.4711694 0.8820427 -1.12752e-5 -0.4711694 0.8820427 -1.44569e-5 -0.4712687 0.8819898 -1.45193e-5 -0.4712687 0.8819898 -1.44396e-5 -0.4712687 0.8819897 -1.21548e-5 -0.528419 0.8489837 -1.21289e-5 -0.5284191 0.8489837 -1.21629e-5 -0.528419 0.8489837 -1.26665e-5 -0.5280597 0.8492074 -1.30846e-5 -0.5823359 0.8129484 -1.30945e-5 -0.5823359 0.8129484 -1.21227e-5 -0.5823359 0.8129484 -2.42097e-5 -0.5825704 0.8127803 -1.15229e-5 -0.6338081 0.7734903 -2.0381e-5 -0.7300823 0.6833592 -1.89098e-5 -0.7729919 0.634416 -8.68578e-6 -0.8129193 0.5823765 -6.59972e-6 -0.8491401 0.5281677 -6.64232e-6 -0.8491401 0.5281678 -7.87336e-6 -0.8491401 0.5281677 -7.75955e-6 -0.8815614 0.4720694 -7.79081e-6 -0.8815614 0.4720694 -7.76328e-6 -0.8815614 0.4720694 -7.48777e-6 -0.9107711 0.4129118 -7.51386e-6 -0.910771 0.4129118 -7.54067e-6 -0.9107711 0.4129118 -1.30367e-5 -0.8819224 0.4713948 -7.25439e-6 -0.9112173 0.4119262 -7.17758e-6 -0.9112173 0.4119262 -7.2214e-6 -0.9112173 0.4119262 -6.4098e-6 -0.9359046 0.3522537 -6.38957e-6 -0.9359046 0.3522536 -6.38798e-6 -0.9359046 0.3522536 -5.24794e-6 -0.9357596 0.3526388 -6.59539e-6 -0.9357596 0.3526388 -6.47202e-6 -0.9357596 0.3526388 -2.9003e-6 -0.9738739 0.2270896 -2.92428e-6 -0.9738921 0.2270115 -2.94638e-6 -0.9738921 0.2270115 -2.921e-6 -0.9738921 0.2270115 -3.27688e-6 -0.9866909 0.1626073 -3.28218e-6 -0.9866909 0.1626072 -2.07994e-6 -0.9866909 0.1626072 -2.08253e-6 -0.9865816 0.1632694 -1.95046e-6 -0.9865816 0.1632694 -1.90984e-6 -0.9865816 0.1632694 -1.24844e-6 -0.995177 0.09809625 -1.11524e-6 -0.995177 0.09809625 -1.07579e-6 -0.995177 0.09809625 -4.72374e-7 -0.9994608 0.03283536 -4.4799e-7 -0.9994608 0.03283536 -5.0223e-7 -0.9994608 0.03283536 -5.0223e-7 -0.9994322 0.03369778 5.02153e-7 -0.999461 -0.03283023 5.95648e-7 -0.999461 -0.03283023 6.1332e-7 -0.999461 -0.03283023 5.02154e-7 -0.9994323 -0.03369265 1.45674e-6 -0.9952085 -0.09777706 2.43001e-6 -0.9866861 -0.1626362 2.62265e-6 -0.9866861 -0.1626362 2.58381e-6 -0.9866861 -0.1626362 2.58323e-6 -0.9865338 -0.1635577 2.57307e-6 -0.9865338 -0.1635577 2.0844e-6 -0.9865338 -0.1635577 2.9003e-6 -0.9738739 -0.2270895 3.3842e-6 -0.9738708 -0.2271031 5.79306e-6 -0.9359707 -0.352078 5.82903e-6 -0.9359707 -0.352078 5.79533e-6 -0.9359707 -0.352078 7.35393e-6 -0.9357393 -0.3526926 7.38004e-6 -0.9357393 -0.3526926 5.23755e-6 -0.9357393 -0.3526926 6.14899e-6 -0.9111519 -0.4120706 5.54622e-6 -0.911152 -0.4120707 5.4642e-6 -0.911152 -0.4120707 7.84835e-6 -0.9106952 -0.4130792 7.87668e-6 -0.9106951 -0.4130792 5.27422e-6 -0.9106951 -0.4130792 6.01612e-6 -0.8819561 -0.4713316 6.38724e-6 -0.8816511 -0.471902 6.4034e-6 -0.8816511 -0.471902 7.03008e-6 -0.8816511 -0.471902 6.07554e-6 -0.849451 -0.5276675 5.29735e-6 -0.849451 -0.5276675 1.05716e-5 -0.8491473 -0.5281562 1.05322e-5 -0.8491473 -0.5281562 1.05607e-5 -0.8491473 -0.5281562 9.684e-6 -0.8129491 -0.5823348 9.7139e-6 -0.8129491 -0.5823348 9.75489e-6 -0.8129491 -0.5823348 8.42456e-6 -0.8126375 -0.5827696 8.34705e-6 -0.8126375 -0.5827696 7.43704e-6 -0.8126375 -0.5827696 8.10473e-6 -0.7730531 -0.6343415 7.79873e-6 -0.7732047 -0.6341565 7.78895e-6 -0.7732048 -0.6341565 7.82245e-6 -0.7732048 -0.6341565 1.01709e-5 -0.7300115 -0.683435 1.89281e-5 -0.7295858 -0.6838893 2.01863e-5 -0.6838856 -0.7295893 1.27134e-5 -0.6838856 -0.7295894 1.26773e-5 -0.6838856 -0.7295893 1.08835e-5 -0.6838812 -0.7295934 1.15152e-5 -0.6344434 -0.7729694 1.15356e-5 -0.634433 -0.7729779 1.21163e-5 -0.5828599 -0.8125728 9.95638e-6 -0.5828599 -0.8125728 9.97484e-6 -0.5828598 -0.8125728 1.50365e-5 -0.5822977 -0.8129757 1.50299e-5 -0.5822977 -0.8129758 1.03785e-5 -0.5822976 -0.8129758 1.0865e-5 -0.5281692 -0.8491393 1.26458e-5 -0.5280596 -0.8492074 1.31513e-5 -0.4715734 -0.8818269 1.58871e-5 -0.471066 -0.8820981 1.59199e-5 -0.471066 -0.882098 1.31306e-5 -0.471066 -0.882098 1.39326e-5 -0.352315 -0.9358816 1.4233e-5 -0.290332 -0.9569261 1.44023e-5 -0.2900064 -0.9570248 1.43853e-5 -0.2900064 -0.9570248 1.24522e-5 -0.227285 -0.9738283 1.45215e-5 -0.2271457 -0.9738608 1.47174e-5 -0.1626446 -0.9866847 1.59098e-5 -0.1626446 -0.9866847 1.58554e-5 -0.1626446 -0.9866847 1.37467e-5 -0.1629284 -0.9866379 1.39152e-5 -0.1629284 -0.986638 1.39666e-5 -0.1629284 -0.986638 1.9256e-5 -0.09814536 -0.9951721 1.93114e-5 -0.09814536 -0.9951722 1.9321e-5 -0.09814536 -0.9951721 1.49042e-5 -0.03266733 -0.9994664 1.49039e-5 -0.03266662 -0.9994663 -1.4886e-5 -0.09773057 0.995213 -1.48848e-5 -0.1629716 0.9866309 -1.4554e-5 -0.1629716 0.9866307 -1.45584e-5 -0.2270761 0.9738771 -1.93335e-5 -0.2900079 0.9570243 -1.93489e-5 -0.2900079 0.9570243 -1.93468e-5 -0.2900079 0.9570243 -1.42322e-5 -0.2904669 0.9568851 -1.38954e-5 -0.3524205 0.9358417 -1.38954e-5 -0.3524202 0.9358419 -1.35682e-5 -0.4126359 0.9108962 -1.06758e-5 -0.4714206 0.8819086 -1.06617e-5 -0.4714206 0.8819085 -1.32512e-5 -0.4714206 0.8819086 -2.61581e-5 -0.4716557 0.8817828 -2.21718e-5 -0.4716557 0.8817828 -2.21844e-5 -0.4716557 0.8817828 -1.97775e-5 -0.5277918 0.8493738 -1.97934e-5 -0.5277918 0.8493739 -1.98128e-5 -0.5277918 0.8493738 -1.42372e-5 -0.5283278 0.8490405 -1.42253e-5 -0.5283278 0.8490405 -1.42908e-5 -0.5283278 0.8490405 -1.60216e-5 -0.5823383 0.8129466 -1.60867e-5 -0.5823383 0.8129466 -1.22469e-5 -0.5823383 0.8129466 -2.41477e-5 -0.5825724 0.8127789 -2.31595e-5 -0.6345836 0.7728543 -1.15876e-5 -0.6339489 0.773375 -1.09224e-5 -0.6837293 0.7297357 -1.17835e-5 -0.6839734 0.7295069 -1.18037e-5 -0.6839734 0.7295069 -1.09224e-5 -0.6839734 0.7295069 -1.28604e-5 -0.7296477 0.6838233 -1.28455e-5 -0.7296477 0.6838233 -1.27392e-5 -0.7296477 0.6838233 -1.02547e-5 -0.7297781 0.6836841 -7.97522e-6 -0.7297781 0.6836841 -7.95853e-6 -0.7297782 0.6836841 -8.82988e-6 -0.7734168 0.6338979 -8.62473e-6 -0.7734168 0.633898 -9.60048e-6 -0.7734168 0.6338979 -1.88544e-5 -0.77284 0.6346009 -9.67425e-6 -0.8127238 0.5826491 -9.63211e-6 -0.8127239 0.5826491 -9.75249e-6 -0.8127238 0.5826491 -8.77898e-6 -0.8129217 0.582373 -1.13718e-5 -0.8492729 0.5279542 -1.13653e-5 -0.8492729 0.5279542 -7.77126e-6 -0.8492729 0.5279542 -7.9366e-6 -0.8490957 0.5282391 -7.38809e-6 -0.8817536 0.4717103 -7.4248e-6 -0.8817536 0.4717103 -7.1175e-6 -0.8817536 0.4717103 -1.14077e-5 -0.9110509 0.4122939 -1.30658e-5 -0.8817981 0.4716273 -6.12225e-6 -0.9108961 0.4126359 -7.40845e-6 -0.9355887 0.353092 -7.6017e-6 -0.9355887 0.3530919 -7.6296e-6 -0.9355887 0.3530919 -5.70823e-6 -0.9360111 0.3519705 -3.12252e-6 -0.9360111 0.3519704 -3.13329e-6 -0.9360111 0.3519704 -3.81346e-6 -0.9569817 0.2901484 -3.78849e-6 -0.9569817 0.2901484 -8.60513e-6 -0.9569817 0.2901484 -1.04421e-5 -0.9570997 0.289759 -1.02476e-5 -0.9570997 0.289759 -1.02465e-5 -0.9570997 0.289759 -2.89514e-6 -0.9738768 0.227077 -2.85699e-6 -0.9738909 0.2270166 -2.87908e-6 -0.9738909 0.2270166 -2.85371e-6 -0.9738909 0.2270166 -1.91303e-6 -0.9865803 0.1632771 -1.92644e-6 -0.9865803 0.1632771 -1.86074e-6 -0.9865803 0.1632771 -3.28681e-6 -0.9866892 0.1626175 -3.28921e-6 -0.9866892 0.1626175 -3.30143e-6 -0.9866892 0.1626175 -1.44769e-6 -0.9952102 0.09775871 -1.24069e-6 -0.9951786 0.09808051 -2.02712e-6 -0.9951786 0.09808051 -2.03319e-6 -0.9951786 0.09808051 -4.13631e-7 -0.9994723 0.03248423 -4.8609e-7 -0.9994721 0.0324918 4.13631e-7 -0.9994723 -0.03248423 4.8609e-7 -0.9994721 -0.0324918 1.48905e-6 -0.9952102 -0.09775871 1.44769e-6 -0.9952099 -0.09776133 2.40026e-6 -0.9866068 -0.1631169 3.95943e-6 -0.9867041 -0.1625275 4.00558e-6 -0.9867041 -0.1625275 3.95322e-6 -0.9867041 -0.1625275 2.89514e-6 -0.9738768 -0.227077 4.30319e-6 -0.9569271 -0.2903282 5.16369e-6 -0.9569271 -0.2903282 5.18317e-6 -0.9569271 -0.2903282 4.23949e-6 -0.9569824 -0.2901461 4.29195e-6 -0.9569824 -0.2901461 4.22494e-6 -0.9569824 -0.2901461 4.41918e-6 -0.9358577 -0.3523784 4.48635e-6 -0.9358577 -0.3523784 4.65394e-6 -0.9358577 -0.3523784 6.20021e-6 -0.9358389 -0.3524283 6.05867e-6 -0.9358388 -0.3524283 5.29498e-6 -0.9358388 -0.3524283 6.28859e-6 -0.9108703 -0.4126931 5.12946e-6 -0.9108961 -0.4126359 5.95326e-6 -0.8818317 -0.4715642 7.11179e-6 -0.881798 -0.4716272 7.77826e-6 -0.8492549 -0.5279831 9.12012e-6 -0.8492549 -0.5279831 9.04962e-6 -0.8492549 -0.5279831 8.06504e-6 -0.8493055 -0.5279017 7.97734e-6 -0.8493055 -0.5279018 8.39531e-6 -0.8493055 -0.5279018 9.62196e-6 -0.8129516 -0.5823314 9.65186e-6 -0.8129515 -0.5823314 9.69285e-6 -0.8129516 -0.5823314 8.52079e-6 -0.8125842 -0.582844 8.43655e-6 -0.8125841 -0.582844 7.4474e-6 -0.8125841 -0.582844 8.10314e-6 -0.7729012 -0.6345264 1.25093e-5 -0.7734494 -0.6338582 1.25871e-5 -0.7734493 -0.6338582 1.24995e-5 -0.7734493 -0.6338582 1.28561e-5 -0.7298384 -0.6836197 1.28221e-5 -0.7298384 -0.6836198 1.28118e-5 -0.7298384 -0.6836197 2.02025e-5 -0.6837329 -0.7297323 1.50515e-5 -0.6837329 -0.7297323 1.50099e-5 -0.6837329 -0.7297323 7.52895e-6 -0.6839742 -0.7295063 7.52471e-6 -0.6839742 -0.7295063 7.50985e-6 -0.6839742 -0.7295063 1.05256e-5 -0.6342136 -0.773158 1.05169e-5 -0.6342136 -0.773158 1.04583e-5 -0.6342136 -0.773158 1.15797e-5 -0.6345837 -0.7728543 9.02606e-6 -0.5821833 -0.8130576 8.99415e-6 -0.5821833 -0.8130576 1.02545e-5 -0.5821833 -0.8130576 1.09158e-5 -0.5281931 -0.8491244 1.51527e-5 -0.5281931 -0.8491244 1.51259e-5 -0.5281931 -0.8491244 1.25707e-5 -0.5275142 -0.8495463 1.62804e-5 -0.4714444 -0.8818958 1.62415e-5 -0.4714444 -0.8818958 1.63096e-5 -0.4714444 -0.8818958 1.525e-5 -0.4714444 -0.8818958 1.52618e-5 -0.4714444 -0.8818958 1.32446e-5 -0.4714444 -0.8818958 1.38954e-5 -0.3524203 -0.9358419 1.42262e-5 -0.3524205 -0.9358417 1.42328e-5 -0.2903279 -0.9569273 2.00473e-5 -0.2901455 -0.9569826 2.00489e-5 -0.2901456 -0.9569826 2.00637e-5 -0.2901456 -0.9569826 1.22419e-5 -0.22722 -0.9738435 1.45584e-5 -0.2270761 -0.9738771 1.4554e-5 -0.1629716 -0.9866307 2.25813e-5 -0.1629779 -0.9866297 2.2613e-5 -0.1629779 -0.9866297 2.2666e-5 -0.1629779 -0.9866297 2.94413e-5 -0.09773057 -0.995213 1.20008e-5 -0.09811466 -0.9951752 1.19578e-5 -0.09811466 -0.9951752 1.48845e-5 -0.09811466 -0.9951752 1.96727e-5 -0.03298276 -0.9994559 1.96307e-5 -0.03298276 -0.9994559 1.96404e-5 -0.03298276 -0.9994559 1.48952e-5 -0.03264743 -0.999467 -1.16946e-5 -0.0329827 0.9994559 -1.16532e-5 -0.0329827 0.9994559 -1.16615e-5 -0.0329827 0.9994559 -2.74591e-5 -0.0329827 0.9994559 -2.74421e-5 -0.0329827 0.9994559 -2.74277e-5 -0.0329827 0.9994559 -1.96609e-5 -0.09773057 0.9952129 -1.96609e-5 -0.09773057 0.995213 -1.94408e-5 -0.1629716 0.9866308 -1.94408e-5 -0.1629716 0.9866308 -1.92282e-5 -0.227076 0.9738771 -1.90097e-5 -0.2270759 0.9738771 -1.87973e-5 -0.2904669 0.9568852 -1.87973e-5 -0.2904667 0.9568852 -2.05384e-5 -0.3523419 0.9358714 -2.06148e-5 -0.3523419 0.9358714 -1.83593e-5 -0.3523419 0.9358714 -1.29652e-5 -0.3522972 0.9358882 -1.30233e-5 -0.3522972 0.9358882 -1.30564e-5 -0.3522971 0.9358882 -1.9615e-5 -0.4126878 0.9108726 -1.94996e-5 -0.4126878 0.9108726 -1.95244e-5 -0.4126878 0.9108726 0 -0.4126358 0.9108961 -1.3488e-5 -0.4715473 0.8818408 -1.34675e-5 -0.4715473 0.8818409 -1.34947e-5 -0.4715473 0.8818408 -6.80966e-6 -0.47136 0.881941 -6.79026e-6 -0.47136 0.881941 -6.76258e-6 -0.47136 0.881941 -1.50746e-5 -0.5277101 0.8494245 -1.50266e-5 -0.5277101 0.8494246 -1.50895e-5 -0.5277101 0.8494245 -1.18188e-5 -0.5279212 0.8492934 -1.18109e-5 -0.5279212 0.8492934 -1.18152e-5 -0.5279212 0.8492934 0 -0.5825725 0.8127788 -1.59666e-5 -0.5825716 0.8127794 -1.59726e-5 -0.5825716 0.8127794 -1.59565e-5 -0.5825716 0.8127794 -1.50756e-5 -0.6345838 0.7728542 -1.5294e-5 -0.6345837 0.7728542 -1.42073e-5 -0.6837288 0.7297362 -1.44259e-5 -0.6837297 0.7297354 -1.04209e-5 -0.7295114 0.6839687 -1.04426e-5 -0.7295114 0.6839687 -1.04101e-5 -0.7295114 0.6839687 -1.50125e-5 -0.7300685 0.6833741 -1.50078e-5 -0.7300685 0.6833741 -1.4985e-5 -0.7300685 0.6833741 -9.94128e-6 -0.7731446 0.6342299 -9.96879e-6 -0.7731446 0.6342299 -1.24511e-5 -0.7731446 0.6342299 7.78986e-6 -0.7730528 0.6343417 7.79299e-6 -0.7730528 0.6343417 7.77446e-6 -0.7730528 0.6343417 -1.14756e-5 -0.812779 0.5825722 -5.3634e-6 -0.812779 0.5825721 -5.36118e-6 -0.8127791 0.5825721 -1.10844e-5 -0.8127799 0.582571 -1.09865e-5 -0.8127799 0.582571 -1.10713e-5 -0.8127799 0.582571 -8.84462e-6 -0.8490962 0.5282384 -5.57204e-6 -0.8820017 0.4712462 -5.65398e-6 -0.8820017 0.4712462 -7.97962e-6 -0.8820018 0.4712463 -8.76952e-6 -0.849307 0.5278993 -8.79247e-6 -0.849307 0.5278993 -8.82884e-6 -0.849307 0.5278993 -7.67839e-6 -0.8818216 0.4715831 -7.70414e-6 -0.8818216 0.4715831 -7.68603e-6 -0.8818216 0.4715831 -8.19656e-6 -0.9108705 0.4126923 -6.88415e-6 -0.9108957 0.4126366 -6.15005e-6 -0.9359232 0.3522043 -6.0865e-6 -0.9359232 0.3522043 -6.13188e-6 -0.9359232 0.3522043 -6.88424e-6 -0.9359401 0.3521596 -7.6691e-6 -0.93594 0.3521596 -7.5742e-6 -0.9359401 0.3521596 -3.74712e-6 -0.95701 0.2900547 -3.76281e-6 -0.95701 0.2900547 -5.73739e-6 -0.95701 0.2900547 -4.47936e-6 -0.9738767 0.2270779 -5.68275e-6 -0.9568431 0.2906052 -3.82441e-6 -0.9738696 0.2271081 -2.30771e-6 -0.9865804 0.1632763 -2.28478e-6 -0.9865804 0.1632763 -2.3317e-6 -0.9865804 0.1632763 -2.78468e-6 -0.9866346 0.1629486 -1.91208e-6 -0.9952102 0.09775876 -1.66599e-6 -0.9952113 0.09774744 -5.77838e-7 -0.9994437 0.03335255 -4.86656e-7 -0.9994437 0.03335255 -6.11906e-7 -0.9994437 0.03335255 -6.51917e-7 -0.9994875 0.03201103 -7.61651e-7 -0.9994875 0.03201103 -7.21501e-7 -0.9994875 0.03201103 6.11809e-7 -0.9994439 -0.03334766 5.77695e-7 -0.9994439 -0.03334766 4.86559e-7 -0.9994439 -0.03334766 4.82955e-7 -0.9994831 -0.03214979 5.03057e-7 -0.9994831 -0.03214979 5.01992e-7 -0.9994831 -0.03214979 1.94145e-6 -0.9952 -0.09786224 0 -0.9952099 -0.09776222 2.11416e-6 -0.986557 -0.1634182 2.08606e-6 -0.9865569 -0.1634181 2.10544e-6 -0.986557 -0.1634182 3.34521e-6 -0.986661 -0.1627885 3.35006e-6 -0.986661 -0.1627885 3.33315e-6 -0.986661 -0.1627885 4.47937e-6 -0.9738774 -0.2270746 4.47929e-6 -0.9738767 -0.2270776 5.68347e-6 -0.9570245 -0.2900071 5.39781e-6 -0.9570245 -0.2900071 5.43466e-6 -0.9570245 -0.2900071 4.91768e-6 -0.956843 -0.2906056 6.80829e-6 -0.9357563 -0.3526473 6.89684e-6 -0.9357563 -0.3526474 6.87345e-6 -0.9357563 -0.3526473 2.89458e-6 -0.9360584 -0.3518449 2.92061e-6 -0.9360584 -0.3518449 6.88413e-6 -0.9360584 -0.3518449 8.08713e-6 -0.9108698 -0.4126937 8.28496e-6 -0.9110089 -0.4123867 8.25795e-6 -0.911009 -0.4123868 8.35318e-6 -0.911009 -0.4123868 9.28249e-6 -0.8818317 -0.4715644 9.28249e-6 -0.8818317 -0.4715644 1.03825e-5 -0.8492546 -0.5279836 9.019e-6 -0.8492546 -0.5279836 9.07241e-6 -0.8492546 -0.5279836 8.99471e-6 -0.8492555 -0.5279824 9.0564e-6 -0.8492555 -0.5279824 9.04925e-6 -0.8492555 -0.5279824 7.89369e-6 -0.8128402 -0.5824869 7.88002e-6 -0.8128401 -0.5824869 7.86918e-6 -0.8128402 -0.5824869 9.38541e-6 -0.8128349 -0.5824942 9.38553e-6 -0.8128349 -0.5824942 9.83622e-6 -0.8128349 -0.5824942 1.07023e-5 -0.7729017 -0.634526 1.13341e-5 -0.7731446 -0.63423 1.13472e-5 -0.7731446 -0.63423 1.12972e-5 -0.7731446 -0.63423 7.31316e-6 -0.7299702 -0.683479 7.30888e-6 -0.7299702 -0.683479 7.33691e-6 -0.7299702 -0.683479 1.33358e-5 -0.7297408 -0.6837239 1.44259e-5 -0.6837298 -0.7297354 1.44258e-5 -0.6837288 -0.7297363 1.50756e-5 -0.6345838 -0.7728542 1.5294e-5 -0.6345838 -0.7728542 1.59481e-5 -0.5824722 -0.8128507 1.37622e-5 -0.5825725 -0.8127788 1.44171e-5 -0.5280308 -0.8492254 1.87109e-5 -0.5280307 -0.8492253 1.87304e-5 -0.5280308 -0.8492253 1.66029e-5 -0.5275141 -0.8495464 1.80323e-5 -0.4716558 -0.8817828 1.8056e-5 -0.4716558 -0.8817828 1.80436e-5 -0.4716558 -0.8817828 1.72742e-5 -0.4719517 -0.8816244 1.79204e-5 -0.4126358 -0.9108961 1.79204e-5 -0.4126361 -0.910896 1.83593e-5 -0.3522074 -0.9359221 1.34971e-5 -0.3522074 -0.9359221 1.35361e-5 -0.3522074 -0.9359221 0 -0.3524204 -0.9358419 0 -0.2903277 -0.9569274 0 -0.2903279 -0.9569272 0 -0.2272199 -0.9738436 1.43483e-5 -0.2270991 -0.9738717 1.436e-5 -0.2270991 -0.9738717 1.42956e-5 -0.2270991 -0.9738717 8.56873e-6 -0.1626407 -0.9866854 8.57591e-6 -0.1626407 -0.9866854 8.53503e-6 -0.1626407 -0.9866854 1.94408e-5 -0.1629716 -0.9866308 1.96609e-5 -0.09806454 -0.9951801 1.63215e-5 -0.09806454 -0.9951801 1.63309e-5 -0.09806454 -0.9951801 1.60764e-5 -0.09811484 -0.9951752 1.60252e-5 -0.09811484 -0.9951752 1.60529e-5 -0.09811484 -0.9951752 0 -0.03264743 -0.999467 1.99796e-5 -0.03269505 -0.9994654 1.99328e-5 -0.03269505 -0.9994654 1.99848e-5 -0.03269505 -0.9994654 -1.9667e-5 -0.03263777 0.9994673 3.38915e-6 -0.03297191 0.9994563 3.38325e-6 -0.03297191 0.9994563 3.35372e-6 -0.03297191 0.9994563 -1.95576e-5 -0.09776097 0.9952099 -1.9612e-5 -0.0977596 0.9952101 -1.94349e-5 -0.1629233 0.9866387 -1.938e-5 -0.1629211 0.9866392 -1.91792e-5 -0.2271443 0.9738612 -1.91245e-5 -0.2271442 0.9738612 -1.88517e-5 -0.2901442 0.956983 -1.4341e-5 -0.2901442 0.9569829 -1.43535e-5 -0.2901442 0.9569829 -2.13982e-7 -0.2901485 0.9569817 -2.00192e-7 -0.2901485 0.9569817 -2.12058e-7 -0.2901485 0.9569817 -1.36511e-5 -0.3523728 0.9358598 -1.37617e-5 -0.3523728 0.9358597 -1.84084e-5 -0.3523728 0.9358598 -1.44462e-5 -0.3521081 0.9359594 -1.44923e-5 -0.3521081 0.9359594 -1.44856e-5 -0.3521081 0.9359594 -1.31554e-5 -0.4127344 0.9108515 -1.31472e-5 -0.4127344 0.9108515 -1.30859e-5 -0.4127344 0.9108515 0 -0.4126338 0.9108971 -1.36259e-5 -0.4715479 0.8818405 -1.36521e-5 -0.4715478 0.8818405 -1.36331e-5 -0.4715479 0.8818405 -1.73562e-5 -0.4715296 0.8818503 -1.621e-5 -0.4715296 0.8818503 -1.61706e-5 -0.4715296 0.8818503 -1.15592e-5 -0.5278424 0.8493424 -1.15881e-5 -0.5278425 0.8493424 -1.14983e-5 -0.5278424 0.8493424 0 -0.5276525 0.8494604 0 -0.5825747 0.8127773 -1.22847e-5 -0.5826451 0.8127267 -1.23632e-5 -0.5826451 0.8127268 -1.6011e-5 -0.5826451 0.8127267 -1.52085e-5 -0.6344385 0.7729734 -1.52084e-5 -0.6344316 0.772979 -1.43471e-5 -0.6838853 0.7295895 -1.43469e-5 -0.6838783 0.7295961 -1.34423e-5 -0.7295919 0.6838829 -1.34695e-5 -0.7295848 0.6838904 -1.24944e-5 -0.772993 0.6344146 -1.24806e-5 -0.7729862 0.634423 -1.14482e-5 -0.812613 0.5828037 -9.44495e-6 -0.812613 0.5828037 -9.45486e-6 -0.812613 0.5828037 -7.28914e-6 -0.8127248 0.5826478 -7.23877e-6 -0.8127248 0.5826478 -7.27596e-6 -0.8127248 0.5826478 -7.00475e-6 -0.8492121 0.528052 -7.00603e-6 -0.8492121 0.528052 -1.03987e-5 -0.8492121 0.528052 -8.51369e-6 -0.881992 0.4712646 -8.51018e-6 -0.8819919 0.4712645 -9.29246e-6 -0.881992 0.4712646 -9.45114e-6 -0.8492121 0.5280522 -9.41991e-6 -0.8492121 0.5280522 -9.47625e-6 -0.8492121 0.5280522 -7.95437e-6 -0.8816927 0.4718241 -8.12126e-6 -0.9108721 0.412689 -6.9591e-6 -0.9108926 0.4126435 -4.76987e-6 -0.9359914 0.352023 -4.72255e-6 -0.9359914 0.352023 -4.76301e-6 -0.9359914 0.352023 -6.91749e-6 -0.9357887 0.3525614 -6.00015e-6 -0.9357887 0.3525614 -5.90195e-6 -0.9357887 0.3525614 -5.45043e-6 -0.9568325 0.2906402 -5.46044e-6 -0.9568325 0.2906401 -5.41246e-6 -0.9568325 0.2906401 -4.46902e-6 -0.9738778 0.227073 -5.71385e-6 -0.9569261 0.290332 -3.83115e-6 -0.9738669 0.2271199 -2.74708e-6 -0.9866341 0.1629518 -2.7505e-6 -0.9866364 0.1629382 -1.92399e-6 -0.9952104 0.09775656 -1.64889e-6 -0.9952119 0.09774178 -6.45412e-7 -0.999462 0.03280031 -4.15825e-7 -0.9994729 0.03246492 -3.96368e-7 -0.9994729 0.03246492 -4.49452e-7 -0.9994729 0.03246492 6.45314e-7 -0.9994621 -0.03279531 3.47804e-7 -0.9994731 -0.03245991 3.8499e-7 -0.9994731 -0.03245991 3.67484e-7 -0.9994731 -0.03245991 1.92603e-6 -0.9952002 -0.09786003 0 -0.9952104 -0.09775656 0 -0.986634 -0.1629518 2.75297e-6 -0.9866122 -0.1630847 3.83058e-6 -0.9738747 -0.2270863 3.34868e-6 -0.9739461 -0.2267798 3.37567e-6 -0.973946 -0.2267798 3.32331e-6 -0.973946 -0.2267798 5.7147e-6 -0.9569172 -0.2903613 4.89759e-6 -0.9569261 -0.2903319 6.65633e-6 -0.9359764 -0.3520628 6.69251e-6 -0.9359764 -0.3520628 6.70782e-6 -0.9359764 -0.3520628 6.7828e-6 -0.9358395 -0.3524268 6.73664e-6 -0.9358394 -0.3524268 6.91749e-6 -0.9358394 -0.3524268 1.69117e-6 -0.9107335 -0.4129945 1.70609e-6 -0.9107335 -0.4129945 1.70859e-6 -0.9107335 -0.4129945 8.97734e-6 -0.9110904 -0.4122069 8.97929e-6 -0.9110903 -0.4122068 8.98336e-6 -0.9110903 -0.4122068 5.44196e-6 -0.8816915 -0.4718263 5.42318e-6 -0.8816915 -0.4718263 5.42091e-6 -0.8816915 -0.4718263 9.285e-6 -0.8819234 -0.471393 1.04081e-5 -0.8493458 -0.5278369 5.37026e-6 -0.8493458 -0.5278369 5.47059e-6 -0.8493458 -0.5278369 1.25086e-5 -0.8493205 -0.5278776 1.25425e-5 -0.8493205 -0.5278776 1.26051e-5 -0.8493205 -0.5278776 1.11352e-5 -0.8128409 -0.5824859 1.105e-5 -0.8128408 -0.5824859 1.10686e-5 -0.8128409 -0.5824859 9.48455e-6 -0.8125831 -0.5828455 9.34729e-6 -0.8125831 -0.5828455 1.09142e-5 -0.8125831 -0.5828455 1.07041e-5 -0.7730525 -0.6343421 1.24805e-5 -0.7729914 -0.6344165 1.34694e-5 -0.7295906 -0.6838843 1.29023e-5 -0.729813 -0.6836469 1.28628e-5 -0.729813 -0.6836469 1.28757e-5 -0.729813 -0.6836469 1.43468e-5 -0.6838844 -0.7295905 1.4374e-5 -0.6838775 -0.7295969 1.52083e-5 -0.6344379 -0.772974 1.52354e-5 -0.6344312 -0.7729794 1.60024e-5 -0.5824742 -0.8128492 1.37073e-5 -0.5825745 -0.8127774 1.43112e-5 -0.5277559 -0.8493962 1.72741e-5 -0.5280598 -0.8492073 1.72651e-5 -0.5280598 -0.8492073 1.72872e-5 -0.5280598 -0.8492073 1.51175e-5 -0.4712763 -0.8819857 1.50822e-5 -0.4712763 -0.8819857 1.50077e-5 -0.4712763 -0.8819857 1.02705e-5 -0.4713609 -0.8819405 1.02814e-5 -0.4713609 -0.8819405 1.73559e-5 -0.4713609 -0.8819405 1.79199e-5 -0.4126342 -0.9108968 1.79199e-5 -0.4126343 -0.9108968 1.84083e-5 -0.3522433 -0.9359085 2.05219e-5 -0.3522433 -0.9359085 2.0515e-5 -0.3522433 -0.9359085 0 -0.3523216 -0.935879 0 -0.2904658 -0.9568853 0 -0.2271448 -0.9738611 2.18436e-5 -0.2270671 -0.9738791 2.19382e-5 -0.2270671 -0.9738791 2.18464e-5 -0.2270671 -0.9738791 1.938e-5 -0.1629237 -0.9866387 1.94343e-5 -0.1629215 -0.986639 1.95571e-5 -0.0980938 -0.9951772 2.27596e-5 -0.0980938 -0.9951772 2.27728e-5 -0.0980938 -0.9951772 1.36945e-5 -0.09824126 -0.9951627 1.37334e-5 -0.09824126 -0.9951627 1.37045e-5 -0.09824126 -0.9951627 0 -0.03263741 -0.9994673 1.62398e-5 -0.03274059 -0.9994639 1.62646e-5 -0.03274059 -0.9994639 1.62003e-5 -0.03274059 -0.9994639 -1.92223e-5 -0.03298276 0.9994559 -1.92231e-5 -0.03298276 0.9994559 -1.96729e-5 -0.03298276 0.9994559 -1.91266e-5 -0.03298276 0.9994559 -1.91421e-5 -0.03298276 0.9994559 -1.91521e-5 -0.03298276 0.9994559 -1.96609e-5 -0.09773051 0.9952129 -1.94424e-5 -0.09773057 0.995213 -1.9009e-5 -0.2272199 0.9738436 -1.63876e-5 -0.227076 0.9738771 -2.23031e-5 -0.2901457 0.9569825 -2.23219e-5 -0.2901458 0.9569825 -2.23246e-5 -0.2901457 0.9569825 -1.87981e-5 -0.2903277 0.9569274 -1.70015e-5 -0.352342 0.9358714 -1.71325e-5 -0.352342 0.9358714 -1.83593e-5 -0.352342 0.9358714 -2.0487e-5 -0.3521177 0.9359558 -2.0476e-5 -0.3521177 0.9359558 -2.04841e-5 -0.3521176 0.9359558 -1.96738e-5 -0.4126878 0.9108726 -1.9656e-5 -0.4126878 0.9108726 0 -0.4126357 0.9108961 -8.38764e-6 -0.4714446 0.8818958 -8.37067e-6 -0.4714446 0.8818958 -8.37423e-6 -0.4714446 0.8818958 -1.48563e-5 -0.5277101 0.8494245 -1.48083e-5 -0.5277101 0.8494246 -1.48711e-5 -0.5277101 0.8494245 -1.59666e-5 -0.5825717 0.8127794 -1.59726e-5 -0.5825717 0.8127794 -1.59565e-5 -0.5825717 0.8127794 -1.5294e-5 -0.6345837 0.7728543 -1.86729e-5 -0.6840786 0.7294083 -1.87255e-5 -0.6840786 0.7294083 -1.44258e-5 -0.6840786 0.7294083 -1.44259e-5 -0.6837297 0.7297354 -1.51697e-5 -0.7295113 0.6839687 -1.5145e-5 -0.7295113 0.6839688 -1.51456e-5 -0.7295113 0.6839687 -1.09691e-5 -0.7300686 0.6833739 -1.10034e-5 -0.7300686 0.6833739 -1.097e-5 -0.7300686 0.683374 -9.43932e-6 -0.7732054 0.6341558 -9.47233e-6 -0.7732054 0.6341558 -1.24511e-5 -0.7732054 0.6341558 -1.24511e-5 -0.7728404 0.6346005 -1.13663e-5 -0.8128909 0.5824162 -6.70926e-6 -0.8128909 0.5824162 -6.61065e-6 -0.8128909 0.5824162 -1.11936e-5 -0.8127799 0.582571 -1.10958e-5 -0.8127799 0.582571 -1.11806e-5 -0.8127799 0.582571 -1.03731e-5 -0.8490954 0.5282395 -6.7118e-6 -0.8818214 0.4715837 -6.71454e-6 -0.8818214 0.4715837 -9.29119e-6 -0.8818214 0.4715837 -1.03731e-5 -0.8490962 0.5282382 -9.29119e-6 -0.8815952 0.4720064 -6.31348e-6 -0.9107313 0.4129995 -6.29337e-6 -0.9107313 0.4129995 -6.28946e-6 -0.9107313 0.4129995 -2.91183e-6 -0.9111473 0.412081 -2.85375e-6 -0.9111473 0.412081 -2.93034e-6 -0.9111473 0.412081 -6.83957e-6 -0.9357902 0.3525577 -6.81769e-6 -0.9357902 0.3525577 -6.75673e-6 -0.9357902 0.3525577 -6.88412e-6 -0.9360921 0.351755 -7.57388e-6 -0.9360921 0.351755 -7.61392e-6 -0.9360921 0.351755 -4.2736e-6 -0.9569689 0.2901906 -4.2401e-6 -0.9569689 0.2901906 -5.79277e-6 -0.9569689 0.2901906 -4.89326e-6 -0.9739537 0.2267475 -4.85731e-6 -0.9739537 0.2267475 -4.47929e-6 -0.9739537 0.2267475 -4.8084e-6 -0.956843 0.2906056 -4.47929e-6 -0.9738767 0.2270775 -2.73003e-6 -0.986635 0.1629459 -3.22192e-6 -0.986631 0.1629703 -1.93936e-6 -0.9952101 0.09776055 -1.63865e-6 -0.9952114 0.09774583 -6.94485e-7 -0.9994565 0.03296726 -7.33581e-7 -0.9994565 0.03296726 -7.35535e-7 -0.9994565 0.03296726 -6.42008e-7 -0.9994721 0.03248959 3.28734e-7 -0.9994565 -0.03296726 4.4938e-7 -0.9994565 -0.03296726 4.65475e-7 -0.9994565 -0.03296726 6.35178e-7 -0.9994721 -0.03248959 1.91407e-6 -0.9951999 -0.09786409 0 -0.9952101 -0.09776061 0 -0.986635 -0.1629459 3.48873e-6 -0.9866655 -0.1627613 3.50017e-6 -0.9866655 -0.1627613 3.46881e-6 -0.9866655 -0.1627613 3.82378e-6 -0.9738767 -0.2270776 4.47995e-6 -0.9738697 -0.2271078 5.73812e-6 -0.9570245 -0.2900071 5.45245e-6 -0.9570245 -0.2900071 5.48931e-6 -0.9570245 -0.2900071 4.62448e-6 -0.9567454 -0.2909266 4.65715e-6 -0.9567454 -0.2909266 4.91768e-6 -0.9567454 -0.2909266 5.20313e-6 -0.9357563 -0.3526474 5.01488e-6 -0.9357563 -0.3526474 5.05943e-6 -0.9357563 -0.3526474 5.15142e-6 -0.9360921 -0.351755 5.13946e-6 -0.9360921 -0.351755 6.88412e-6 -0.9360921 -0.351755 6.11097e-6 -0.9106719 -0.4131304 6.09415e-6 -0.9106719 -0.4131304 6.09221e-6 -0.9106719 -0.4131304 6.97258e-6 -0.9110348 -0.4123296 7.01031e-6 -0.9110348 -0.4123296 6.89671e-6 -0.9110348 -0.4123296 7.97202e-6 -0.8818317 -0.4715644 9.28373e-6 -0.8817979 -0.4716275 1.25074e-5 -0.8492546 -0.5279836 1.25365e-5 -0.8492546 -0.5279836 5.50639e-6 -0.8492553 -0.5279824 5.59184e-6 -0.8492553 -0.5279824 5.57472e-6 -0.8492553 -0.5279824 7.78439e-6 -0.8128402 -0.5824869 7.77071e-6 -0.8128401 -0.5824869 7.75988e-6 -0.8128402 -0.5824869 9.33247e-6 -0.8128908 -0.5824162 9.33258e-6 -0.8128908 -0.5824163 9.72693e-6 -0.8128908 -0.5824163 1.07023e-5 -0.7729015 -0.6345261 1.13341e-5 -0.7731446 -0.6342299 1.13472e-5 -0.7731446 -0.6342299 1.13661e-5 -0.7731446 -0.6342299 1.34452e-5 -0.7299703 -0.6834788 1.00578e-5 -0.7299703 -0.6834788 1.00502e-5 -0.7299703 -0.6834788 1.34452e-5 -0.7297408 -0.6837239 1.42073e-5 -0.6837298 -0.7297354 1.44258e-5 -0.6837289 -0.7297362 1.50756e-5 -0.6345837 -0.7728543 1.59481e-5 -0.5824723 -0.8128506 1.41987e-5 -0.5280308 -0.8492254 1.84925e-5 -0.5280307 -0.8492253 1.85119e-5 -0.5280308 -0.8492253 1.68213e-5 -0.5275141 -0.8495464 1.80323e-5 -0.4716559 -0.8817827 1.8056e-5 -0.4716559 -0.8817827 1.80436e-5 -0.4716559 -0.8817827 1.74929e-5 -0.4719517 -0.8816245 1.79204e-5 -0.4126357 -0.9108961 1.81389e-5 -0.4126361 -0.910896 3.94366e-5 -0.2900094 -0.9570238 3.94166e-5 -0.2900094 -0.9570238 3.94532e-5 -0.2900094 -0.9570238 0 -0.2904669 -0.956885 0 -0.2270761 -0.9738771 1.53533e-5 -0.2269083 -0.9739162 1.52769e-5 -0.2269083 -0.9739162 1.53006e-5 -0.2269083 -0.9739162 2.80628e-5 -0.1626406 -0.9866854 2.80221e-5 -0.1626406 -0.9866854 2.80358e-5 -0.1626406 -0.9866854 1.94408e-5 -0.1629716 -0.9866308 1.96609e-5 -0.09806454 -0.9951801 1.63215e-5 -0.09806448 -0.9951801 1.63309e-5 -0.09806448 -0.9951801 2.29117e-5 -0.03265511 -0.9994667 2.28567e-5 -0.03265511 -0.9994667 2.29223e-5 -0.03265511 -0.9994667 -1.16404e-5 -0.03297305 0.9994562 -1.16477e-5 -0.03297305 0.9994562 -1.16397e-5 -0.03297305 0.9994562 -1.96667e-5 -0.03263729 0.9994673 -1.95573e-5 -0.0977596 0.9952101 -1.96122e-5 -0.09776097 0.9952099 -1.93859e-5 -0.1629705 0.9866309 -1.94408e-5 -0.1629728 0.9866306 -1.91734e-5 -0.2270762 0.9738771 -1.91734e-5 -0.2270761 0.9738771 -8.16653e-6 -0.2900066 0.9570246 -8.18649e-6 -0.2900066 0.9570246 -8.21023e-6 -0.2900066 0.9570246 -7.37608e-6 -0.2901443 0.9569829 -7.37821e-6 -0.2901443 0.956983 -7.39514e-6 -0.2901443 0.956983 -1.38959e-5 -0.3521979 0.9359256 -1.39468e-5 -0.3521979 0.9359256 -1.84086e-5 -0.3521979 0.9359256 -1.28431e-5 -0.4126267 0.9109002 -1.28861e-5 -0.4126267 0.9109002 -1.28682e-5 -0.4126267 0.9109002 0 -0.4127494 0.9108447 -1.85558e-5 -0.4718004 0.8817055 -1.86275e-5 -0.4718004 0.8817055 -1.85409e-5 -0.4718004 0.8817055 -1.73517e-5 -0.4713227 0.8819608 -1.36598e-5 -0.4713228 0.8819608 -1.36195e-5 -0.4713227 0.8819608 -1.10767e-5 -0.5280053 0.8492411 -1.10344e-5 -0.5280053 0.8492411 -1.10486e-5 -0.5280053 0.8492411 -9.97169e-6 -0.6836405 0.7298189 -9.93294e-6 -0.6836405 0.7298189 -9.95535e-6 -0.6836405 0.7298189 -1.34422e-5 -0.7295849 0.6838904 -1.34697e-5 -0.7295918 0.6838829 -1.14482e-5 -0.8128923 0.5824141 -9.69817e-6 -0.8128923 0.5824142 -9.64411e-6 -0.8128923 0.5824141 -7.4971e-6 -0.8127528 0.5826089 -7.44925e-6 -0.8127528 0.5826089 -7.48458e-6 -0.8127528 0.5826089 -1.03987e-5 -0.8489589 0.528459 -9.29246e-6 -0.8817208 0.4717718 -9.26162e-6 -0.8492627 0.5279707 -9.22415e-6 -0.8492627 0.5279707 -9.29176e-6 -0.8492627 0.5279707 -7.90728e-6 -0.8820937 0.471074 -7.70655e-6 -0.8820937 0.471074 -7.75177e-6 -0.8820938 0.4710741 -6.95914e-6 -0.9108979 0.4126319 -6.91749e-6 -0.9359577 0.3521128 -6.00189e-6 -0.9359576 0.3521128 -6.03357e-6 -0.9359577 0.3521128 -5.71387e-6 -0.9569299 0.290319 -4.46901e-6 -0.9738747 0.2270863 -5.71385e-6 -0.9568285 0.2906531 -3.33756e-6 -0.9568285 0.290653 -3.33698e-6 -0.9568285 0.2906531 -3.83116e-6 -0.97387 0.2271066 -2.74709e-6 -0.9866364 0.1629382 -2.75049e-6 -0.9865559 0.1634248 -2.12852e-6 -0.9865558 0.1634248 -2.10928e-6 -0.9865559 0.1634248 -1.92399e-6 -0.9952091 0.09777045 -5.50071e-7 -0.9994729 0.03246492 -5.83932e-7 -0.9994729 0.03246492 -6.45412e-7 -0.9994729 0.03246492 -6.45412e-7 -0.9994624 0.0327863 6.45314e-7 -0.9994731 -0.03245991 7.43124e-7 -0.9994731 -0.03245997 7.11523e-7 -0.9994731 -0.03245991 6.45315e-7 -0.9994626 -0.03278136 1.92602e-6 -0.9951988 -0.09787392 0 -0.9866364 -0.1629382 2.75296e-6 -0.9866098 -0.1630983 3.83059e-6 -0.9739539 -0.2267462 4.2195e-6 -0.9739539 -0.2267462 4.21855e-6 -0.9739539 -0.2267462 4.46967e-6 -0.9738669 -0.2271199 6.91749e-6 -0.93616 -0.3515743 8.12126e-6 -0.9108721 -0.412689 6.96597e-6 -0.9108979 -0.4126319 7.9458e-6 -0.881957 -0.4713299 6.86174e-6 -0.8816972 -0.4718157 6.90046e-6 -0.8816973 -0.4718157 9.285e-6 -0.8816973 -0.4718157 1.04081e-5 -0.8491181 -0.5282033 5.55462e-6 -0.8491181 -0.5282033 5.63149e-6 -0.8491181 -0.5282033 9.44004e-6 -0.8127806 -0.58257 9.3155e-6 -0.8127806 -0.58257 9.82252e-6 -0.8127806 -0.58257 1.07042e-5 -0.7730473 -0.6343485 1.24808e-5 -0.772993 -0.6344146 1.34697e-5 -0.7295917 -0.683883 1.29024e-5 -0.7298143 -0.6836454 1.29273e-5 -0.7298143 -0.6836454 1.2876e-5 -0.7298143 -0.6836454 1.43469e-5 -0.6838784 -0.7295961 1.30615e-5 -0.6835346 -0.7299181 1.30829e-5 -0.6835346 -0.7299181 1.4811e-5 -0.6835346 -0.7299181 1.52081e-5 -0.6344311 -0.7729794 1.52356e-5 -0.634438 -0.7729738 8.10455e-6 -0.5827469 -0.8126537 8.10768e-6 -0.5827469 -0.8126538 8.11567e-6 -0.5827469 -0.8126537 2.08333e-5 -0.5821782 -0.8130612 2.08506e-5 -0.5821782 -0.8130612 2.0831e-5 -0.5821782 -0.8130612 1.43113e-5 -0.5277622 -0.8493923 1.67159e-5 -0.5276464 -0.8494642 1.5113e-5 -0.4711539 -0.8820511 1.50778e-5 -0.4711539 -0.882051 1.50045e-5 -0.4711539 -0.8820511 1.73512e-5 -0.4718246 -0.8816925 1.79249e-5 -0.4127499 -0.9108445 1.79249e-5 -0.41275 -0.9108445 1.84081e-5 -0.3522387 -0.9359103 2.05217e-5 -0.3522387 -0.9359102 2.05148e-5 -0.3522387 -0.9359103 1.64339e-5 -0.2901452 -0.9569827 1.64244e-5 -0.2901451 -0.9569827 1.64145e-5 -0.2901452 -0.9569827 0 -0.2904698 -0.9568842 0 -0.2270736 -0.9738777 2.18173e-5 -0.2269091 -0.973916 2.18209e-5 -0.2269091 -0.9739159 2.18227e-5 -0.2269091 -0.9739159 1.94402e-5 -0.1629709 -0.9866309 1.93859e-5 -0.1629732 -0.9866305 1.36945e-5 -0.09823989 -0.9951628 1.37334e-5 -0.09823989 -0.9951628 1.37045e-5 -0.09823989 -0.9951628 1.62401e-5 -0.03274106 -0.9994639 1.62648e-5 -0.03274106 -0.9994639 1.62006e-5 -0.03274106 -0.9994639 0 0.6784647 0.734633 7.25079e-7 0.678469 0.7346291 -2.27186e-5 0.6784346 0.7346609 3.03748e-5 0.6784651 0.7346326 -7.25572e-6 0.6784525 0.7346444 0 0.6784493 0.7346472 0 0.6784567 -0.7346405 -2.58725e-5 0.6784355 -0.73466 2.07778e-5 0.6784495 -0.7346471 3.01664e-5 0.6784656 -0.7346323 3.16483e-5 0.6784658 -0.734632 3.08897e-5 0.6950054 -0.7190045 -9.50148e-5 0.6960982 -0.7179467 -2.10971e-4 0.7300192 -0.6834266 1.72432e-4 0.7266209 -0.6870387 -2.72418e-4 0.7622415 -0.6472929 -2.724e-4 0.7622414 -0.6472928 -2.72406e-4 0.7622414 -0.6472928 2.8858e-4 0.7577884 -0.6525005 2.88571e-4 0.7577883 -0.6525005 2.88578e-4 0.7577883 -0.6525005 -3.27241e-4 0.792866 -0.6093961 3.11786e-4 0.787522 -0.6162866 -4.35675e-4 0.8216304 -0.5700206 3.47612e-4 0.8154396 -0.5788421 3.47625e-4 0.8154397 -0.5788421 3.47593e-4 0.8154396 -0.5788421 -4.7253e-4 0.848145 -0.529764 -4.72489e-4 0.848145 -0.529764 -4.72456e-4 0.848145 -0.529764 3.8052e-4 0.8409934 -0.5410454 3.72939e-4 0.8409931 -0.5410459 3.72905e-4 0.8409931 -0.5410459 -6.09597e-4 0.8727481 -0.4881706 -6.09617e-4 0.8727481 -0.4881706 -6.09585e-4 0.8727481 -0.4881706 3.2385e-4 0.863465 -0.5044088 3.23892e-4 0.863465 -0.5044088 3.23902e-4 0.863465 -0.5044088 4.83965e-4 0.8838615 -0.4677487 -5.32362e-4 0.8955249 -0.4450111 4.14345e-4 0.9032804 -0.4290504 -4.83354e-4 0.9161111 -0.400924 -4.83386e-4 0.9161112 -0.4009241 -4.8338e-4 0.9161112 -0.4009241 3.87546e-4 0.9209024 -0.389793 3.87546e-4 0.9209024 -0.389793 3.87544e-4 0.9209024 -0.389793 -3.60764e-4 0.9345017 -0.3559587 -3.60777e-4 0.9345017 -0.3559587 -3.60783e-4 0.9345017 -0.3559587 2.09132e-4 0.9372505 -0.3486567 -7.85388e-5 0.9505922 -0.3104426 2.5342e-4 0.9520112 -0.3060632 2.53414e-4 0.9520112 -0.3060632 2.53402e-4 0.9520112 -0.3060632 -1.24814e-4 0.9645758 -0.2638059 2.19361e-4 0.9656331 -0.2599093 -1.7438e-4 0.976252 -0.2166385 -1.59049e-4 0.9762262 -0.2167547 -1.59091e-4 0.9762261 -0.2167547 -1.59076e-4 0.9762261 -0.2167547 1.65902e-4 0.9850165 -0.1724604 1.65959e-4 0.9850165 -0.1724605 1.65918e-4 0.9850165 -0.1724605 -1.67948e-4 0.9855234 -0.1695401 -1.67973e-4 0.9855234 -0.1695401 -1.67975e-4 0.9855233 -0.1695401 1.77214e-4 0.9920827 -0.1255866 1.77178e-4 0.9920827 -0.1255866 1.77199e-4 0.9920827 -0.1255866 -2.78006e-4 0.9926628 -0.1209157 2.05497e-4 0.9969144 -0.07849735 2.0551e-4 0.9969144 -0.07849735 2.05574e-4 0.9969144 -0.07849729 -2.55956e-4 0.9973499 -0.07275408 2.43708e-4 0.9995049 -0.03146243 -3.19213e-4 0.9997116 -0.02401685 -3.19218e-4 0.9997116 -0.02401685 -3.19221e-4 0.9997116 -0.02401685 2.82906e-4 0.9998947 0.01451861 2.82998e-4 0.9998947 0.01451861 2.83033e-4 0.9998947 0.01451861 -4.17221e-4 0.9997035 0.02434808 -4.83601e-4 0.9973483 0.07277566 3.63896e-4 0.9981663 0.06053036 -5.49191e-4 0.9926634 0.1209095 3.87924e-4 0.9943971 0.1057084 -5.50977e-4 0.9856181 0.1689873 5.08296e-4 0.9883474 0.1522144 5.08288e-4 0.9883474 0.1522144 5.0819e-4 0.9883475 0.1522144 -5.69979e-4 0.9763216 0.2163236 -5.69935e-4 0.9763216 0.2163236 -5.69943e-4 0.9763216 0.2163236 4.77593e-4 0.980213 0.1979449 -4.99877e-4 0.9645767 0.2638024 6.19344e-4 0.9699207 0.2434207 -5.35668e-4 0.9507472 0.3099672 -5.35702e-4 0.9507471 0.3099671 -5.3569e-4 0.9507471 0.3099671 5.48239e-4 0.9574021 0.2887578 5.48219e-4 0.9574021 0.2887578 5.48222e-4 0.9574021 0.2887578 -5.64842e-4 0.9343852 0.3562641 5.9753e-4 0.9431344 0.3324112 -5.68563e-4 0.9160919 0.4009683 -5.6857e-4 0.9160919 0.4009683 -5.68583e-4 0.9160919 0.4009683 4.49118e-4 0.9266904 0.3758254 -5.98629e-4 0.8954075 0.4452473 -5.98687e-4 0.8954074 0.4452473 -5.98693e-4 0.8954076 0.4452473 5.59492e-4 0.9079344 0.4191123 5.59483e-4 0.9079343 0.4191123 5.59588e-4 0.9079343 0.4191123 -5.11363e-4 0.8728479 0.4879924 4.91856e-4 0.8867528 0.4622439 -5.26355e-4 0.8480994 0.5298369 4.71813e-4 0.8645132 0.50261 -5.1098e-4 0.8213604 0.5704094 -5.10038e-4 0.8213604 0.5704094 -5.1095e-4 0.8213604 0.5704094 4.7995e-4 0.8392162 0.5437979 3.99563e-4 0.8129352 0.5823541 -4.38018e-4 0.7928987 0.6093535 3.44168e-4 0.7856342 0.6186913 -3.34933e-4 0.7624296 0.6470711 2.49936e-4 0.757131 0.6532632 -2.4598e-4 0.7300235 0.6834221 1.37933e-4 0.7266274 0.6870319 -1.2368e-4 0.6961016 0.7179434 0 0.6950324 0.7189785 -1.85464e-5 -0.05229902 0.9986315 2.33286e-4 -0.1567713 0.9876349 -4.67046e-4 -0.07758724 0.9969856 -3.38972e-5 -0.258661 0.9659682 -5.03991e-4 -0.234358 0.9721502 -2.2559e-6 -0.3581496 0.9336642 2.17797e-4 -0.4537025 0.8911532 2.17804e-4 -0.4537026 0.8911533 2.17803e-4 -0.4537026 0.8911533 -6.10992e-4 -0.3892576 0.9211288 2.28459e-4 -0.5447291 0.838612 2.28383e-4 -0.5447291 0.838612 2.21573e-4 -0.5447292 0.838612 -2.40963e-4 -0.509768 0.8603119 1.4357e-4 -0.6294591 0.7770337 -3.43234e-4 -0.6052625 0.7960258 -3.43213e-4 -0.6052625 0.7960258 -3.43237e-4 -0.6052625 0.7960259 -2.30597e-4 -0.7070947 0.7071189 1.95493e-4 -0.777031 0.6294624 -4.08332e-4 -0.7125928 0.7015778 1.37685e-4 -0.8909154 0.4541695 1.37682e-4 -0.8909154 0.4541695 1.37723e-4 -0.8909153 0.4541695 -2.49518e-4 -0.8387648 0.544494 -2.4956e-4 -0.8387648 0.544494 -2.49524e-4 -0.8387648 0.544494 -8.54061e-4 -0.8243426 0.5660907 1.73714e-4 -0.933655 0.3581737 1.73681e-4 -0.933655 0.3581737 1.73283e-4 -0.933655 0.3581737 -2.07102e-4 -0.9006714 0.4345012 -2.07119e-4 -0.9006714 0.4345011 -2.07146e-4 -0.9006714 0.4345012 1.97229e-4 -0.9660894 0.2582079 1.97207e-4 -0.9660894 0.2582079 2.00127e-4 -0.9660894 0.2582079 -3.4969e-4 -0.9451344 0.3266819 -4.6729e-4 -0.9785963 0.2057887 -4.67324e-4 -0.9785964 0.2057887 -4.67241e-4 -0.9785964 0.2057887 1.95725e-4 -0.9877033 0.1563397 1.9574e-4 -0.9877034 0.1563397 1.9574e-4 -0.9877034 0.1563397 -4.01116e-4 -0.997653 0.0684728 -6.12156e-5 -0.9986236 0.05244988 4.88848e-5 -0.9986411 -0.05211496 4.88288e-5 -0.9986411 -0.05211496 4.88605e-5 -0.9986411 -0.05211496 -5.86379e-4 -0.9962349 -0.08669281 2.15665e-4 -0.9876998 -0.156362 2.15673e-4 -0.9876999 -0.156362 2.21198e-4 -0.9876999 -0.1563621 -5.30169e-4 -0.9700661 -0.2428404 -5.30193e-4 -0.9700661 -0.2428404 -5.30158e-4 -0.9700661 -0.2428404 8.00629e-5 -0.9334228 -0.3587785 -1.76897e-4 -0.9659943 -0.2585633 -6.10304e-4 -0.9186423 -0.3950901 -6.10341e-4 -0.9186423 -0.39509 -6.10326e-4 -0.9186423 -0.3950901 2.36282e-4 -0.8909798 -0.454043 2.36319e-4 -0.8909798 -0.454043 2.3166e-4 -0.8909798 -0.454043 -4.33625e-4 -0.8416569 -0.5400125 1.67655e-4 -0.7770919 -0.6293872 -2.91953e-4 -0.8384423 -0.5449904 1.94606e-4 -0.7071067 -0.7071069 -6.22496e-4 -0.7435769 -0.6686502 -6.22458e-4 -0.7435769 -0.6686502 -6.22494e-4 -0.7435769 -0.6686502 -2.57308e-4 -0.6294535 -0.7770381 2.28947e-4 -0.5448695 -0.8385209 2.29041e-4 -0.5448695 -0.8385209 2.29029e-4 -0.5448695 -0.838521 -4.42295e-4 -0.6233623 -0.781933 5.04448e-5 -0.4540883 -0.8909568 5.04565e-5 -0.4540883 -0.8909568 5.18569e-5 -0.4540883 -0.8909568 -5.95939e-4 -0.4864087 -0.8737313 -3.68522e-5 -0.3582715 -0.9336175 2.53381e-4 -0.2585271 -0.9660041 -5.58641e-4 -0.3332052 -0.9428542 2.4985e-4 -0.1564363 -0.987688 2.4982e-4 -0.1564363 -0.9876881 2.47636e-4 -0.1564363 -0.987688 -2.10019e-4 -0.201635 -0.9794608 1.85464e-5 -0.05229824 -0.9986316 -3.98703e-4 -0.0758953 -0.9971158 -3.98754e-4 -0.0758953 -0.9971158 -3.98766e-4 -0.0758953 -0.9971158 1.90213e-5 -0.0233581 -0.9997272 1.44888e-4 -0.0249167 -0.9996895 2.58654e-4 -0.07472032 -0.9972046 -1.036e-4 -0.06991171 -0.9975533 3.53994e-4 -0.1243405 -0.9922395 -2.03499e-4 -0.1163869 -0.9932039 4.20697e-4 -0.1736462 -0.9848081 -2.87805e-4 -0.1627418 -0.9866687 -3.59806e-4 -0.2083836 -0.9780471 4.86605e-4 -0.2225007 -0.9749324 -4.07407e-4 -0.253986 -0.9672078 5.20192e-4 -0.2708714 -0.9626154 5.45598e-4 -0.3184399 -0.947943 -4.40251e-4 -0.2987072 -0.9543447 5.47439e-4 -0.3653563 -0.9308677 -4.57949e-4 -0.3429736 -0.939345 5.41235e-4 -0.4113285 -0.9114871 -4.52589e-4 -0.3863614 -0.9223474 5.12487e-4 -0.4562131 -0.8898705 -4.26903e-4 -0.4290252 -0.9032925 4.66236e-4 -0.5000402 -0.8660022 -3.88803e-4 -0.4706903 -0.8822985 4.02021e-4 -0.5424912 -0.8400614 -3.28981e-4 -0.5113458 -0.8593751 -2.60128e-4 -0.5508673 -0.8345929 -5.59277e-4 -0.5837882 -0.8119058 1.0459e-4 -0.6094577 -0.7928187 0.001935124 -0.5944614 -0.8041218 0.001935124 -0.5944614 -0.8041218 0.001935124 -0.5944614 -0.8041219 1.59173e-4 -0.611082 -0.7915675 2.28788e-4 -0.6127296 -0.7902927 3.87929e-4 -0.5877355 -0.8090531 7.5503e-4 -0.5907651 -0.8068434 7.55143e-4 -0.5907651 -0.8068433 7.54919e-4 -0.5907651 -0.8068434 2.99216e-4 -0.6141169 -0.789215 2.99143e-4 -0.6141169 -0.789215 2.99294e-4 -0.6141169 -0.789215 5.1072e-4 -0.6171379 -0.7868549 6.76641e-4 -0.6186683 -0.7856522 6.76655e-4 -0.6186683 -0.7856521 6.76632e-4 -0.6186683 -0.7856521 9.16075e-4 -0.6214337 -0.7834663 9.16021e-4 -0.6214336 -0.7834663 9.16079e-4 -0.6214337 -0.7834663 0.001152515 -0.6234908 -0.78183 0.00106728 -0.6234391 -0.7818713 0.001597046 -0.6267175 -0.779245 4.09424e-4 -0.6317675 -0.7751579 4.09638e-4 -0.6317675 -0.7751579 4.09445e-4 -0.6317675 -0.7751579 1.38511e-4 -0.6362862 -0.7714532 1.11425e-5 -0.6405066 -0.7679526 1.11262e-5 -0.6405068 -0.7679527 1.1068e-5 -0.6405066 -0.7679526 2.83604e-5 -0.6465866 -0.7628406 2.76249e-4 -0.6509251 -0.7591421 2.76204e-4 -0.6509251 -0.7591419 2.76162e-4 -0.6509251 -0.7591419 1.86904e-5 -0.5892504 -0.8079506 5.15553e-4 -0.6545827 -0.7559902 8.93234e-4 -0.6581992 -0.7528433 0.001368105 -0.6616714 -0.7497928 0.001345574 -0.6615332 -0.7499147 7.36438e-4 -0.666619 -0.7453984 3.64668e-4 -0.670536 -0.7418769 8.25767e-5 -0.6753291 -0.7375165 -1.32841e-5 -0.6802751 -0.732957 -1.32292e-5 -0.6802751 -0.7329569 -1.32854e-5 -0.6802751 -0.732957 9.0204e-5 -0.6853389 -0.7282242 9.01802e-5 -0.685339 -0.7282242 9.01776e-5 -0.685339 -0.7282243 4.27736e-4 -0.6902538 -0.7235673 0.001481831 -0.6982747 -0.7158284 9.58111e-4 -0.694956 -0.7190517 0.001210451 -0.6998414 -0.7142972 5.76207e-4 -0.7048178 -0.7093883 7.69581e-5 -0.710769 -0.7034255 -4.52867e-5 -0.7178289 -0.6962196 -4.53039e-5 -0.7178289 -0.6962196 -4.52876e-5 -0.7178289 -0.6962196 3.11568e-4 -0.7245301 -0.6892432 9.10576e-4 -0.7297018 -0.6837649 0.001424789 -0.7330158 -0.6802101 0.001242876 -0.7340226 -0.679124 0.001242935 -0.7340226 -0.6791239 0.001242935 -0.7340226 -0.6791239 5.35667e-4 -0.7392163 -0.6734679 7.87342e-5 -0.744685 -0.6674161 -8.95394e-7 -0.749264 -0.6622715 -9.21677e-7 -0.749264 -0.6622715 -9.52454e-7 -0.749264 -0.6622714 3.69497e-5 -0.7526896 -0.6583756 2.05747e-4 -0.7562714 -0.6542581 5.37367e-4 -0.7603408 -0.6495242 5.3737e-4 -0.7603408 -0.6495242 5.37362e-4 -0.7603408 -0.6495242 0.001225888 -0.7661061 -0.642713 0.001579105 -0.7643855 -0.6447576 8.94641e-4 -0.7686108 -0.6397162 4.70178e-4 -0.7721532 -0.6354362 1.6988e-4 -0.776019 -0.6307095 4.41732e-5 -0.7791185 -0.6268767 4.42434e-5 -0.7791185 -0.6268767 4.42904e-5 -0.7791185 -0.6268767 1.13673e-5 -0.7809941 -0.6245384 1.13482e-5 -0.7809941 -0.6245384 1.12744e-5 -0.7809942 -0.6245384 8.00233e-6 -0.7830984 -0.6218979 8.06774e-6 -0.7830983 -0.6218979 8.08798e-6 -0.7830984 -0.6218979 4.55641e-5 -0.7844541 -0.620187 4.55771e-5 -0.7844541 -0.620187 4.55556e-5 -0.7844541 -0.620187 1.21436e-4 -0.7861377 -0.6180515 1.21339e-4 -0.7861377 -0.6180515 1.21379e-4 -0.7861377 -0.6180515 7.36889e-4 -0.7970575 -0.6039029 1.87246e-4 -0.7882733 -0.6153253 1.87284e-4 -0.7882733 -0.6153253 1.87242e-4 -0.7882733 -0.6153253 0.001786172 -0.7922132 -0.6102419 0.00143975 -0.7937061 -0.6082998 0.001439929 -0.7937061 -0.6082998 0.001440048 -0.7937061 -0.6082997 0.001296103 -0.7951008 -0.606476 0.001296043 -0.7951008 -0.606476 0.001296043 -0.7951008 -0.606476 0.001054108 -0.7965251 -0.6046047 0.001054167 -0.7965251 -0.6046047 0.001054048 -0.7965251 -0.6046047 8.93897e-4 -0.7966267 -0.604471 8.93955e-4 -0.7966266 -0.604471 8.9398e-4 -0.7966268 -0.604471 6.18438e-4 -0.7978284 -0.6028844 6.18352e-4 -0.7978284 -0.6028844 6.18371e-4 -0.7978285 -0.6028844 1.37742e-5 -0.8087691 -0.5881265 5.13729e-4 -0.810674 -0.5854977 5.13287e-4 -0.8106741 -0.5854976 5.13268e-4 -0.8106741 -0.5854976 5.14627e-4 -0.8262414 -0.5633161 -5.98508e-4 -0.8069939 -0.5905596 5.18421e-4 -0.8533326 -0.5213666 -4.89548e-4 -0.8368095 -0.547494 5.06277e-4 -0.8782215 -0.4782541 -4.83104e-4 -0.8629394 -0.5053073 5.00581e-4 -0.9009394 -0.433945 -4.81592e-4 -0.8867791 -0.4621932 4.96364e-4 -0.9214762 -0.3884348 -4.78731e-4 -0.9085156 -0.4178508 4.8348e-4 -0.9396904 -0.342026 -4.75552e-4 -0.9281023 -0.3723252 4.792e-4 -0.955591 -0.294696 -4.7245e-4 -0.9453361 -0.3260973 4.75892e-4 -0.9690723 -0.2467765 -4.60655e-4 -0.9602938 -0.2789905 4.68618e-4 -0.9801774 -0.1981219 -4.55782e-4 -0.972905 -0.2312048 -4.46152e-4 -0.9831391 -0.1828588 4.6288e-4 -0.9888283 -0.1490588 -4.40807e-4 -0.9909741 -0.1340532 4.55184e-4 -0.9950346 -0.09952926 -4.31538e-4 -0.9963894 -0.08490043 4.34666e-4 -0.9987682 -0.04961836 4.34667e-4 -0.9987683 -0.04961836 4.34665e-4 -0.9987683 -0.04961836 -4.36976e-4 -0.9993681 -0.03554463 4.2536e-4 -1 0 -4.30886e-4 -0.9999042 0.01383763 4.34008e-4 -0.9987678 0.04962623 4.34032e-4 -0.9987678 0.04962623 4.34029e-4 -0.9987678 0.04962623 -4.09834e-4 -0.9980034 0.06315982 4.19911e-4 -0.9950348 0.09952771 -4.03413e-4 -0.9936583 0.1124418 4.08094e-4 -0.98883 0.1490476 -3.97261e-4 -0.986881 0.1614491 3.93753e-4 -0.9801779 0.1981188 3.78863e-4 -0.9690654 0.2468041 -3.94506e-4 -0.9777001 0.210006 3.76396e-4 -0.9555898 0.2946997 -3.7714e-4 -0.9661592 0.2579462 -3.68429e-4 -0.9522258 0.305395 3.65036e-4 -0.9396917 0.3420226 3.50312e-4 -0.9214766 0.3884339 -3.60401e-4 -0.9359442 0.3521482 3.35201e-4 -0.9009605 0.4339014 -3.53985e-4 -0.9173998 0.3979666 3.28068e-4 -0.8782179 0.4782607 -3.39166e-4 -0.8966565 0.4427267 3.12826e-4 -0.8533077 0.5214076 -3.29472e-4 -0.8736531 0.4865493 2.98903e-4 -0.826237 0.5633226 -3.20693e-4 -0.848569 0.5290847 2.9165e-4 -0.7970982 0.6038498 -3.04889e-4 -0.8214135 0.5703331 2.78425e-4 -0.766068 0.6427595 -2.89367e-4 -0.7921794 0.6102883 2.63911e-4 -0.7330591 0.6801649 -2.79554e-4 -0.7610975 0.6486375 2.45254e-4 -0.6982747 0.7158299 -2.70136e-4 -0.7280825 0.6854895 2.28829e-4 -0.6616091 0.749849 -2.62025e-4 -0.6933531 0.7205979 2.18008e-4 -0.6235172 0.7818098 -2.42671e-4 -0.6568695 0.7540042 2.0876e-4 -0.5837162 0.8119579 -2.25228e-4 -0.6189169 0.7854564 1.92707e-4 -0.542569 0.8400113 -2.0992e-4 -0.5792498 0.8151502 1.74556e-4 -0.5000285 0.8660089 -1.98457e-4 -0.538295 0.8427565 -1.91247e-4 -0.4959524 0.8683498 1.51336e-4 -0.4562256 0.8898642 -1.78385e-4 -0.4524872 0.8917709 1.33876e-4 -0.4112235 0.9115346 -1.6369e-4 -0.4076765 0.9131265 -1.6367e-4 -0.4076765 0.9131265 -1.63669e-4 -0.4076764 0.9131265 1.31971e-4 -0.3653705 0.9308622 -1.42109e-4 -0.3621796 0.9321084 1.04718e-4 -0.3185243 0.9479147 -1.24497e-4 -0.3158374 0.9488133 8.9727e-5 -0.2707693 0.9626443 -1.03905e-4 -0.268482 0.9632848 7.60975e-5 -0.2225006 0.9749326 -7.95969e-5 -0.2206539 0.9753522 6.52866e-5 -0.1736462 0.9848082 -6.48056e-5 -0.1720985 0.9850798 4.46856e-5 -0.1243561 0.9922377 -5.14186e-5 -0.1232144 0.9923802 2.26889e-5 -0.07472032 0.9972046 -2.88821e-5 -0.07411134 0.99725 8.02989e-6 -0.02502673 0.9996868 -1.86671e-5 -0.02470827 0.9996947 -1 -7.92387e-5 -1.00735e-4 -1 0 0 -1 1.99701e-5 -2.20786e-5 -1 1.96033e-5 -2.25021e-5 -1 1.88451e-5 -2.30468e-5 -1 1.84703e-5 -2.34403e-5 -1 1.767e-5 -2.39596e-5 -1 1.72863e-5 -2.43261e-5 -1 1.64511e-5 -2.48136e-5 -1 1.60638e-5 -2.51496e-5 -1 -5.50832e-5 -1.06554e-4 -1 1.89946e-5 -1.18432e-5 -1 1.5191e-5 -2.56052e-5 -1 1.48002e-5 -2.59133e-5 -1 1.92028e-5 -1.13888e-5 -1 1.95557e-5 -1.08908e-5 -1 1.38919e-5 -2.63339e-5 -1 1.35029e-5 -2.66117e-5 -1 1.97453e-5 -1.04193e-5 -1 -3.15557e-5 -9.06178e-5 -1 -1.34871e-4 -8.69742e-5 -1 -4.45066e-6 -9.5126e-5 -1 -7.61841e-5 1.05433e-6 -1 -3.11994e-4 -1.23557e-4 -1 -3.12006e-4 -1.23525e-4 -1 -3.11998e-4 -1.23546e-4 -0.9999997 -7.67014e-4 0 -0.9999997 -7.67014e-4 0 -0.9999997 -7.67014e-4 0 -1 3.35569e-4 0 -1 3.35569e-4 0 -1 3.35569e-4 0 -0.9999897 -0.004554092 2.55182e-7 -0.9999897 -0.004554092 0 -0.9999897 -0.004554092 0 -0.9999998 6.71137e-4 0 -0.9999998 6.71137e-4 0 -0.9999998 6.71137e-4 0 -0.9999989 -0.001533985 1.59605e-7 -0.9999989 -0.001533985 0 -0.9999989 -0.001533985 0 -1 -3.25221e-5 -2.76528e-5 -1 2.43701e-5 -1.24691e-4 -1 -3.1042e-5 -9.01848e-6 -0.9999952 -0.003115952 0 -0.9999952 -0.003115952 -2.28058e-7 -0.9999952 -0.003115952 1.43657e-7 -0.9999895 -0.004602015 -5.95348e-7 -0.9999895 -0.004602015 -6.53556e-7 -0.9999895 -0.004602015 -3.08501e-7 -0.9999988 0.001581907 0 -0.9999988 0.001581907 0 -0.9999988 0.001581907 0 -0.9999993 0.00119841 0 -0.9999993 0.00119841 0 -0.9999993 0.00119841 0 -1 3.35569e-4 0 -1 3.35569e-4 0 -1 3.35569e-4 0 -0.9999994 -0.001102566 0 -0.9999994 -0.001102566 0 -0.9999994 -0.001102566 0 -1 -2.66191e-5 -1.44824e-5 -1 3.35569e-4 0 -1 3.35569e-4 0 -1 3.35569e-4 0 -1 2.70585e-5 -1.78688e-4 -1 1.59918e-4 -7.9495e-5 -1 -1.15303e-5 -2.75231e-5 -1 -1.28038e-5 -2.69534e-5 -1 -1.20578e-5 -2.72243e-5 -1 -1.40422e-5 -2.63284e-5 -1 -1.32599e-5 -2.66614e-5 -1 -1.52596e-5 -2.56396e-5 -1 -1.44404e-5 -2.60419e-5 -1 -1.55869e-5 -2.53763e-5 -1 -1.64346e-5 -2.49013e-5 -1 4.45599e-5 -8.46247e-5 -1 -1.67114e-5 -2.46528e-5 -1 -1.75777e-5 -2.41039e-5 -1 -1.84903e-5 -1.25278e-5 -1 -1.80999e-5 -1.3162e-5 -1 9.60629e-5 -9.60606e-5 -1 -1.82429e-5 -1.12069e-5 -1 7.58626e-5 -6.80859e-5 -1 -1.1692e-5 -1.90305e-5 -1 -1.92234e-5 -1.06606e-5 -1 -2.04201e-5 -1.01573e-5 -1 -1.14428e-5 -1.9231e-5 -1 -1.08301e-5 -1.95319e-5 -1 -2.18868e-5 -9.69092e-6 -1 -1.05337e-5 -1.97451e-5 -1 -9.94353e-6 -1.99963e-5 -1 -2.3707e-5 -9.25398e-6 -1 -9.04435e-6 -2.04177e-5 -1 -9.60143e-6 -2.02154e-5 -1 -8.11984e-6 -2.08026e-5 -1 -8.64701e-6 -2.06427e-5 -0.9999895 0.004602015 0 -0.9999895 0.004602015 0 -0.9999895 0.004602015 -1.31899e-7 -0.9999952 0.003115952 1.84402e-7 -0.9999952 0.003115952 3.27476e-7 -0.9999952 0.003115952 0 -0.9999892 -0.004649996 -3.03844e-7 -0.9999895 -0.004602015 2.28174e-7 -0.9999892 -0.004649996 1.25961e-7 -0.9999998 -6.71137e-4 0 -0.9999998 -6.71137e-4 0 -0.9999998 -6.71137e-4 0 -0.9999997 7.67014e-4 0 -0.9999997 7.67014e-4 0 -0.9999997 7.67014e-4 0 -1 4.79384e-4 0 -1 4.79384e-4 0 -1 4.79384e-4 0 -1 -3.35569e-4 0 -1 -3.35569e-4 0 -1 -3.35569e-4 0 -1 -7.18378e-6 -2.11437e-5 -1 -7.67596e-6 -2.10231e-5 -1 -6.68525e-6 -2.13588e-5 -1 -1.11627e-5 -2.05154e-5 -1 -6.195e-6 -2.35913e-5 -1 -5.10381e-6 -2.39547e-5 -1 -1.09787e-5 -1.15513e-5 -1 1.1514e-5 -2.52837e-5 -0.9999989 0.001533985 -1.64553e-7 -0.9999989 0.001533985 0 -0.9999989 0.001533985 0 -0.9999983 -0.001869559 0 -0.9999983 -0.001869559 1.29337e-7 -0.9999983 -0.001869559 0 -0.9999992 0.001246392 0 -0.9999992 0.001246392 0 -0.9999992 0.001246392 0 -0.9999988 -0.001581907 1.2212e-7 -0.9999988 -0.001581907 0 -0.9999988 -0.001581907 0 -0.9999895 0.004602015 0 -0.9999895 0.004602015 6.1118e-7 -0.9999895 0.004602015 0 -0.9999999 4.79384e-4 0 -0.9999999 4.79384e-4 0 -0.9999999 4.79384e-4 0 -1 3.2507e-4 -2.61058e-4 -1 7.35631e-5 -1.27413e-4 -1 -4.80181e-5 1.67483e-5 -1 2.24924e-5 -2.24924e-5 -1 2.13525e-5 -2.63285e-5 -1 2.35991e-5 -1.9114e-5 -1 2.47055e-5 -1.60495e-5 -1 2.00945e-5 -3.09888e-5 -1 2.58494e-5 -1.3166e-5 -1 1.8701e-5 -3.66497e-5 -1 2.70484e-5 -1.04059e-5 -1 1.69746e-5 -4.42902e-5 -1 2.83819e-5 -7.58728e-6 -1 1.47267e-5 -5.50286e-5 -1 2.98418e-5 -4.73665e-6 -1 3.15381e-5 -1.65642e-6 -1 1.62559e-5 -2.76528e-5 -1 7.86565e-6 -4.95078e-5 -0.9999999 -4.77049e-4 -3.02052e-5 -0.9999999 -4.7705e-4 -3.02294e-5 -0.9999999 -4.7705e-4 -3.02311e-5 -0.9999999 4.7733e-4 -2.48645e-5 -0.9999999 4.7733e-4 -2.48658e-5 -0.9999999 4.7733e-4 -2.48683e-5 -1 -5.14769e-6 -3.24299e-5 -1 -7.81562e-6 -2.92043e-5 -1 -3.45652e-4 -1.90364e-5 -1 -3.45652e-4 -1.90432e-5 -1 -3.45652e-4 -1.90389e-5 -1 -1.23108e-5 -2.41345e-5 -1 2.02104e-6 -8.32262e-6 -1 1.41171e-5 -5.81343e-5 -1 -1.43041e-5 -2.2059e-5 -1 -1.62873e-5 -2.01061e-5 -1 -1.79738e-5 -1.85378e-5 -1 -1.82486e-5 -1.82486e-5 -1 -1.88521e-5 -1.76487e-5 -1 -2.00535e-5 -1.62422e-5 -1 -1.96877e-5 -1.67089e-5 -1 -1.00879e-5 -2.61067e-5 -1 -2.04749e-5 -1.57353e-5 -1 -2.1638e-5 -1.40645e-5 -1 -2.12178e-5 -1.47201e-5 -1 -2.18993e-5 -1.36812e-5 -1 5.43319e-6 -2.38807e-5 -1 -2.25412e-5 -1.26024e-5 -1 -2.30013e-5 -1.17076e-5 -1 -2.31241e-5 -1.14848e-5 -1 6.56283e-6 -2.34042e-5 -1 1.07731e-5 -2.0274e-5 -1 -2.36619e-5 -1.03475e-5 -1 -2.40953e-5 -9.26208e-6 -1 -2.41231e-5 -9.19795e-6 -1 7.35384e-6 -2.10882e-5 -1 7.10421e-6 -2.12205e-5 -1 1.1739e-4 -4.00776e-4 -1 8.39757e-6 -2.06943e-5 -1 8.15135e-6 -2.08406e-5 -1 9.42156e-6 -2.02483e-5 -1 9.17768e-6 -2.04098e-5 -1 1.0419e-5 -1.97533e-5 -1 1.0179e-5 -1.99295e-5 -1 1.13957e-5 -1.92062e-5 -1 1.1159e-5 -1.93985e-5 -1 1.23399e-5 -1.86126e-5 -1 1.21062e-5 -1.8822e-5 -1 -6.81978e-5 -6.73779e-5 -1 2.70909e-5 -1.42923e-5 -1 2.39284e-5 -1.41982e-5 -1 2.15269e-5 -1.42726e-5 -1 1.96421e-5 -1.44834e-5 -1 1.81207e-5 -1.48176e-5 -1 2.17335e-4 1.29484e-5 -1 2.17342e-4 1.29157e-5 -1 2.1734e-4 1.29254e-5 -1 -1.99385e-4 -2.69911e-4 -1 -1.99398e-4 -2.69901e-4 -1 -1.99387e-4 -2.69909e-4 -1 -6.30926e-6 -2.59812e-5 -0.9999999 4.79226e-4 -1.23056e-5 -0.9999999 4.79226e-4 -1.22768e-5 -0.9999999 4.79226e-4 -1.22802e-5 -0.9999997 -7.66761e-4 -1.96923e-5 -0.9999997 -7.66762e-4 -1.96509e-5 -0.9999997 -7.66762e-4 -1.96308e-5 -1 -7.15233e-6 -1.1723e-5 -1 -1.23822e-5 5.0217e-6 -1 -1.25967e-5 5.86138e-6 1 -1.09648e-6 0 1 3.35569e-4 0 1 3.35569e-4 0 1 3.35569e-4 0 1 0 0 1 6.36811e-7 0 1 -2.06003e-5 0 1 -3.35569e-4 0 1 -3.35569e-4 0 1 -3.35569e-4 0 1 -9.32868e-6 0 1 -1.6029e-5 0 1 -2.86963e-5 3.82967e-4 1 -2.86683e-5 3.82954e-4 1 -2.85733e-5 3.82908e-4 1 -5.58782e-4 7.59258e-6 1 -5.58785e-4 7.61429e-6 1 -5.58777e-4 7.68964e-6 1 -6.76588e-7 0 1 -3.15941e-4 1.42556e-5 1 -3.15936e-4 1.42556e-5 1 -3.15938e-4 1.42542e-5 1 -6.4007e-5 3.23785e-5 0.9999999 4.79257e-4 1.10183e-5 0.9999999 4.79256e-4 1.10401e-5 0.9999999 4.79257e-4 1.10026e-5 1 -1.01315e-5 1.33507e-4 1 -6.38165e-5 2.82313e-5 1 5.24229e-7 0 1 2.78341e-4 1.87437e-4 1 2.78343e-4 1.87433e-4 1 2.78345e-4 1.87431e-4 0.9999998 -5.75097e-4 1.37156e-5 0.9999998 -5.75097e-4 1.37151e-5 0.9999998 -5.75097e-4 1.3721e-5 1 -1.33733e-5 0 0.9999999 4.78786e-4 2.39243e-5 0.9999999 4.78787e-4 2.39024e-5 0.9999999 4.78784e-4 2.39585e-5 1 3.8713e-7 0 1 2.30167e-5 0 1 4.58051e-7 0 1 -3.35157e-4 1.66243e-5 1 -3.35158e-4 1.65979e-5 1 -3.35158e-4 1.66019e-5 1 -1.29246e-5 0 1 1.24507e-6 0 1 -1.51295e-5 0 1 3.0382e-6 0 1 6.76979e-7 0 1 1.35471e-5 0 1 -1.1728e-5 0 1 3.13649e-4 1.72893e-5 1 3.13658e-4 1.72424e-5 1 3.13654e-4 1.72805e-5 1 -6.14296e-6 0 1 -2.47204e-5 0 1 -3.12629e-4 1.72399e-5 1 -3.12623e-4 1.72322e-5 1 -3.12623e-4 1.72623e-5 1 2.4728e-5 0 1 -1.56176e-7 0 1 -6.07546e-6 0 1 -1.18885e-6 0 1 1.9373e-5 0 1 -4.58006e-7 0 0.9999999 -4.79379e-4 -1.9836e-6 0.9999999 -4.7938e-4 -1.9591e-6 0.9999999 -4.7938e-4 -1.96834e-6 1 3.35156e-4 1.66343e-5 1 3.35158e-4 1.65924e-5 1 3.35158e-4 1.65895e-5 1 -3.96615e-7 0 1 -1.26641e-6 0 1 1.06343e-5 0 1 2.34092e-5 0 1 6.76607e-7 0 1 9.06448e-5 9.9944e-5 1 -9.41341e-6 9.14668e-6 1 -9.4784e-6 9.14564e-6 1 -8.39875e-6 8.68921e-6 1 -1.13729e-5 8.69004e-6 1 1.13734e-4 1.1758e-4 1 -9.26812e-6 8.21284e-6 1 -1.01372e-5 7.71446e-6 1 -9.48e-6 8.21261e-6 1 -1.93069e-5 0 1 -1.13753e-5 1.33194e-5 1 -1.10055e-5 1.33184e-5 1 -9.47846e-6 7.7149e-6 1 -9.12363e-6 1.431e-5 1 -8.9783e-6 1.38317e-5 1 -1.13742e-5 1.38308e-5 1 -5.51333e-6 0 1 -1.01362e-5 7.19701e-6 1 -1.13745e-5 7.19587e-6 1 -3.35285e-4 1.37884e-5 1 -3.35286e-4 1.37585e-5 1 -3.35285e-4 1.37837e-5 1 -8.68813e-6 1.47529e-5 1 -1.1375e-5 1.43094e-5 1 -1.07165e-5 6.66229e-6 1 -1.13731e-5 6.66393e-6 1 -4.96838e-4 2.89959e-4 1 -4.96868e-4 2.89908e-4 1 -4.96885e-4 2.89879e-4 1 -7.58304e-6 1.47532e-5 1 -8.86936e-6 0 1 -6.36811e-7 0 1 2.06069e-5 0 1 -1.15852e-5 6.11024e-6 1 -1.13743e-5 6.10996e-6 1 9.06423e-6 0 1 -8.10994e-6 1.51592e-5 1 -1.1374e-5 1.51597e-5 1 -9.32723e-6 0 1 1.60411e-5 0 1 4.05465e-5 9.08295e-5 1 -1.13759e-5 5.54282e-6 1 9.10099e-7 0 0.9999999 4.79384e-4 0 0.9999999 4.79384e-4 0 0.9999999 4.79384e-4 0 1 5.58791e-4 7.62398e-6 1 5.58786e-4 7.67925e-6 1 5.58794e-4 7.63757e-6 1 -7.9641e-6 1.55272e-5 1 -3.79079e-6 1.55278e-5 1 -8.68806e-7 0 1 1.89532e-6 0 1 -2.78343e-4 1.87433e-4 1 -2.78345e-4 1.87431e-4 1 -2.78344e-4 1.87432e-4 1 -6.51633e-6 1.58575e-5 1 -7.58356e-6 1.58568e-5 1 1.07201e-5 2.20481e-5 1 4.02097e-5 1.00105e-5 1 3.35473e-4 8.01945e-6 1 3.35473e-4 7.99212e-6 1 3.35474e-4 7.98536e-6 1 1.33858e-5 0 1 -3.35149e-4 1.67721e-5 1 -3.3515e-4 1.67604e-5 1 -3.3515e-4 1.67453e-5 1 2.89636e-7 0 1 8.53563e-7 0 1 3.32626e-4 1.18878e-5 1 3.32628e-4 1.18617e-5 1 3.32627e-4 1.18715e-5 1 -1.23692e-5 3.51207e-5 1 3.19656e-5 1.34855e-5 1 -4.4634e-4 4.38493e-6 1 -4.4634e-4 4.38634e-6 1 -4.4634e-4 4.37791e-6 1 1.51295e-5 0 1 1.4438e-6 0 1 1.90835e-6 0 1 -1.5447e-6 0 1 -9.71422e-7 0 1 3.73286e-6 0 1 3.36588e-4 1.2989e-5 1 3.36587e-4 1.30324e-5 1 3.36587e-4 1.30239e-5 1 -8.37232e-6 3.6214e-5 1 -4.30382e-4 6.20565e-6 1 -4.30385e-4 6.22986e-6 1 -4.30383e-4 6.21815e-6 1 2.91597e-5 2.0316e-5 1 1.36069e-5 2.14734e-5 1 3.35511e-6 0 1 3.49583e-6 0 1 -2.45055e-6 0 1 -1.42294e-6 0 1 -1.61962e-6 0 1 2.30137e-6 0 1 8.7959e-6 0 1 -4.41959e-6 3.87167e-5 1 3.11568e-5 2.64276e-5 1 1.40091e-5 2.73859e-5 1 2.75619e-5 2.83406e-5 1 1.57857e-6 0 1 -2.43872e-6 0 1 1.26803e-6 0 1 1.86741e-5 3.37804e-5 1 -3.53096e-4 1.08227e-4 1 -3.53082e-4 1.08254e-4 1 -3.53075e-4 1.08305e-4 0.9999999 -4.72378e-4 1.1343e-5 0.9999999 -4.7238e-4 1.13214e-5 0.9999999 -4.72378e-4 1.13451e-5 1 -4.67599e-6 4.13853e-5 1 6.41589e-6 2.59073e-5 1 -6.72375e-6 2.7101e-5 1 -1.11182e-6 2.8473e-5 1 -8.39465e-5 8.1544e-5 1 3.70671e-5 2.04422e-5 1 -1.1681e-4 3.7847e-4 1 -1.1684e-4 3.78466e-4 1 -1.16866e-4 3.78462e-4 1 -1.78637e-6 0 1 1.75092e-6 0 1 -5.18066e-6 0 1 -2.74226e-6 0 1 9.03523e-7 0 1 -1.24842e-5 2.1971e-4 1 1.99193e-5 0 1 -7.76864e-6 0 1 -1.27111e-5 0 1 2.61549e-5 7.72788e-6 1 6.89102e-6 2.30868e-5 1 5.6572e-4 1.40134e-5 1 5.65718e-4 1.39586e-5 1 5.65719e-4 1.39732e-5 1 -9.22162e-7 0 1 -9.28744e-7 0 0.9999999 4.81901e-4 1.96245e-5 0.9999999 4.81901e-4 1.96458e-5 0.9999999 4.81899e-4 1.96701e-5 1 -5.2145e-7 0 1 5.21609e-7 0 0.9999999 -4.81894e-4 1.97206e-5 0.9999999 -4.81896e-4 1.9647e-5 0.9999999 -4.81896e-4 1.9677e-5 1 2.63534e-6 0 1 1.14207e-6 0 1 -9.27749e-7 0 1 -9.22531e-7 0 1 1.27112e-5 0 1 7.7687e-6 0 1 -1.99195e-5 0 1 -2.63534e-6 0 1 1.63856e-7 0 1 -1.80931e-6 0 1 2.67407e-6 0 1 -2.66239e-6 0 1 5.18221e-6 0 1 -1.75091e-6 0 1 1.78807e-6 0 1 -8.85628e-7 0 1 1.71957e-6 0 1 -4.21282e-6 0 1 4.68158e-7 0 0.9999999 4.72386e-4 1.13398e-5 0.9999999 4.72387e-4 1.13188e-5 0.9999999 4.72389e-4 1.13301e-5 1 3.06823e-4 9.57513e-5 1 3.06842e-4 9.56833e-5 1 3.06837e-4 9.56763e-5 1 -1.86802e-5 3.37783e-5 1 -2.53346e-6 0 1 1.2084e-5 3.35254e-4 1 1.20522e-5 3.35256e-4 1 1.20864e-5 3.35254e-4 1 3.55234e-6 0 1 4.67679e-6 4.13855e-5 1 -2.75541e-5 2.83444e-5 1 -1.4014e-5 2.73833e-5 1 -3.1147e-5 2.6432e-5 1 -1.2255e-6 0 1 -2.33015e-6 0 1 2.61252e-6 0 1 -1.36201e-5 2.14606e-5 1 -2.91389e-5 2.03249e-5 1 4.304e-4 6.20924e-6 1 4.30401e-4 6.21346e-6 1 4.30403e-4 6.22054e-6 1 4.41848e-6 3.87157e-5 1 -6.10769e-6 0 1 5.0523e-6 0 1 4.46337e-4 4.27889e-6 1 4.46339e-4 4.38538e-6 1 4.46338e-4 4.33277e-6 1 -3.20157e-5 1.34601e-5 1 8.37446e-6 3.6215e-5 1 -3.35967e-4 1.48714e-5 1 -3.35968e-4 1.48618e-5 1 -3.35966e-4 1.49075e-5 1 -7.16971e-6 0 1 7.92188e-6 1.62935e-5 1 2.07471e-6 0 1 1.23667e-5 3.51196e-5 1 -4.01939e-5 1.00171e-5 1 -1.07199e-5 2.2048e-5 1 1.21649e-5 4.3709e-6 1 1.23219e-5 4.37008e-6 1 6.51609e-6 1.58575e-5 1 7.58327e-6 1.58571e-5 1 1.18736e-5 4.9621e-6 1 1.13741e-5 4.96366e-6 1 5.64801e-6 1.55269e-5 1 7.5819e-6 1.55275e-5 1 5.79243e-7 0 1 -5.49837e-5 1.54197e-4 1 8.10922e-6 1.51595e-5 1 1.13756e-5 1.51592e-5 1 -2.89627e-7 0 1 8.68807e-6 1.47528e-5 1 7.583e-6 1.47531e-5 1 -5.79261e-7 0 1 1.13728e-5 1.43104e-5 1 8.97855e-6 1.38316e-5 1 9.12338e-6 1.43101e-5 1 -4.74964e-5 8.8102e-5 1 9.84755e-6 7.71447e-6 1 1.89573e-6 0 1 -9.4705e-5 9.35409e-5 1 1.13742e-5 1.38308e-5 1 1.13741e-5 7.71487e-6 1 9.47855e-6 8.21135e-6 1 9.55695e-6 8.21215e-6 1 6.95036e-6 9.57965e-6 1 -1.25123e-4 1.04819e-4 1 8.97866e-6 8.68987e-6 1 1.13747e-5 8.69137e-6 1 9.2692e-6 9.14601e-6 1 9.00388e-6 9.14641e-6 1 9.2684e-6 9.14649e-6 1 7.81964e-6 9.14559e-6 1 7.58232e-6 9.58041e-6 1 9.95238e-6 8.68889e-6 1 9.26675e-6 8.69012e-6 1 9.47882e-6 8.21366e-6 1 8.10875e-6 9.57965e-6 1 9.00454e-6 9.98849e-6 1 9.26832e-6 8.2126e-6 1 8.10936e-6 9.98892e-6 1 9.95209e-6 7.71537e-6 1 1.04268e-5 7.71446e-6 1 7.34666e-6 1.03743e-5 1 5.56884e-6 1.07318e-5 1 9.26795e-6 1.03738e-5 1 9.71564e-6 7.19578e-6 1 1.15844e-5 7.1971e-6 1 6.95144e-6 1.07326e-5 1 1.04265e-5 6.66254e-6 1 1.06635e-5 6.66192e-6 1 1.42183e-5 2.58184e-5 1 -1.06574e-4 8.03395e-5 1 -3.82314e-5 9.24113e-5 1 1.39029e-5 2.65289e-5 1 1.30315e-5 2.65272e-5 1 4.73957e-7 0 1 -1.42282e-4 7.88625e-5 1 1.15843e-5 2.71729e-5 1 4.73854e-7 0 1 5.09531e-6 1.58571e-5 1 4.63381e-6 1.58574e-5 1 -4.73927e-7 0 1 -1.75356e-6 0 1 2.41718e-5 0 1 -3.25184e-5 2.85933e-5 1 -4.08954e-5 -7.98082e-6 1 -2.70482e-5 3.17368e-5 1 3.31448e-6 0 1 -2.58952e-5 0 1 -4.15318e-5 -6.36187e-6 1 -3.15674e-5 2.57842e-5 1 2.3403e-4 2.94155e-4 1 2.33992e-4 2.94177e-4 1 2.34096e-4 2.94143e-4 0.9999999 4.79149e-4 1.49926e-5 0.9999999 4.79149e-4 1.49834e-5 0.9999999 4.7915e-4 1.4963e-5 1 -3.89221e-5 2.6524e-5 1 -6.21545e-6 0 1 2.00236e-6 0 1 5.29215e-7 0 1 -3.78823e-5 2.33805e-5 1 -7.85005e-7 0 1 2.51994e-5 0 1 3.008e-4 6.41181e-5 1 3.00804e-4 6.41175e-5 1 3.00807e-4 6.41113e-5 1 -3.70642e-5 2.04537e-5 1 1.31084e-5 2.1971e-4 1 3.35205e-4 1.56202e-5 1 3.35205e-4 1.56078e-5 1 3.35205e-4 1.56143e-5 1 2.80139e-5 0 1 7.73048e-7 0 1 -2.37713e-5 0 0.9999999 -4.79247e-4 1.14433e-5 0.9999999 -4.79248e-4 1.14059e-5 0.9999999 -4.79248e-4 1.1418e-5 1 -2.24873e-6 0 1 2.00108e-5 1.08348e-5 1 1.58437e-7 0 1 -3.35468e-4 8.19992e-6 1 -3.35468e-4 8.22892e-6 1 -3.35469e-4 8.16007e-6 1 2.73593e-5 -6.63498e-6 1 1.06029e-5 3.15271e-5 1 3.29453e-5 -5.75899e-6 1 1.45271e-5 0 1 2.47064e-7 0 1 4.64355e-7 0 1 1.18874e-6 0 1 -1.9373e-5 0 1 9.37052e-6 3.53725e-5 1 3.11785e-5 -3.26806e-6 1 -1.49479e-5 0 1 4.61065e-7 0 1 3.89065e-5 -1.4058e-6 1 4.79224e-4 1.23532e-5 1 4.79225e-4 1.23139e-5 1 4.79128e-4 1.56459e-5 1 4.56269e-4 2.46484e-5 1 4.56268e-4 2.461e-5 1 4.56275e-4 2.46656e-5 1 3.67927e-5 1.32942e-6 0.9999999 -4.79225e-4 1.23411e-5 0.9999999 -4.79225e-4 1.23207e-5 0.9999999 -4.79226e-4 1.23012e-5 1 1.845e-6 0 1 -3.13636e-4 1.72656e-5 1 -3.13638e-4 1.72466e-5 1 -3.13632e-4 1.72401e-5 1 -6.77036e-7 0 1 4.69032e-5 3.68722e-6 1 -2.47064e-7 0 1 1.49296e-5 0 1 -1.3532e-5 0 1 -1.45271e-5 0 1 4.63858e-7 0 1 1.29281e-5 0 1 3.5505e-6 0 1 2.24836e-6 0 1 -3.56555e-6 0 1 4.7768e-5 1.04915e-5 1 3.54015e-5 1.28978e-5 1 8.53777e-6 4.0799e-5 1 4.91251e-5 7.92674e-6 0.9999999 4.79248e-4 1.14092e-5 0.9999999 4.79246e-4 1.14889e-5 0.9999999 4.79248e-4 1.1412e-5 1 -3.02256e-4 2.78399e-4 1 -3.02172e-4 2.78473e-4 1 -3.02181e-4 2.78463e-4 1 3.61831e-6 0 1 -2.80139e-5 0 1 -6.24211e-7 0 1 -2.00248e-6 0 1 2.86098e-5 0 1 6.73997e-6 0 1 -4.77401e-4 1.24151e-5 1 -4.77402e-4 1.23448e-5 1 -4.77401e-4 1.23939e-5 1 2.34227e-6 0 1 1.21258e-6 0 1 -3.80506e-6 0 1 1.75387e-6 0 1 -6.31451e-6 0 1 -2.4165e-5 0 1 2.20678e-6 0 1 2.11856e-6 0 1 -3.39463e-4 1.18863e-5 1 -3.39463e-4 1.18459e-5 1 -3.39463e-4 1.18556e-5 1 1.20287e-5 0 1 -1.13316e-5 0 1 -3.31366e-6 0 1 2.5887e-5 0 1 -3.35405e-4 1.04884e-5 1 -3.35405e-4 1.0479e-5 1 -3.35405e-4 1.0471e-5 1 5.29119e-7 0 1 4.3717e-5 3.84573e-5 1 4.38356e-5 4.16508e-5 1 -1.13487e-4 3.46648e-4 1 -1.13418e-4 3.46685e-4 1 -1.13435e-4 3.46678e-4 1 5.24673e-6 0 1 -3.635e-6 0 1 7.85203e-7 0 1 -2.51899e-5 0 1 1.22153e-5 0 1 -1.55614e-6 0 1 -7.72893e-7 0 1 2.38084e-5 0 1 1.09251e-5 0 1 3.35469e-4 8.16876e-6 1 3.35468e-4 8.22077e-6 1 3.35469e-4 8.19365e-6 0.9999999 -4.90604e-4 1.8758e-5 0.9999999 -4.90603e-4 1.87112e-5 0.9999999 -4.90604e-4 1.87552e-5 1 3.75787e-6 0 1 3.37037e-4 1.57946e-5 1 3.37037e-4 1.57969e-5 1 3.37037e-4 1.57973e-5 1 -3.63579e-6 0 1 2.41595e-6 0 1 2.03769e-6 0 1 6.46905e-5 6.4245e-6 1 6.11319e-5 2.82818e-5 1 6.40336e-5 3.23086e-5 1 5.94139e-5 3.67539e-5 1 6.06044e-5 4.12351e-5 1 5.31332e-5 4.62702e-5 1 6.72524e-6 0 1 -1.02416e-5 0 1 -3.60944e-7 0 1 8.99054e-6 0 0.9999999 4.83703e-4 4.16763e-5 0.9999999 4.83703e-4 4.17057e-5 0.9999999 4.837e-4 4.1721e-5 1 3.07138e-6 0 1 -1.51916e-6 0 1 1.01318e-5 1.33506e-4 1 -8.32209e-6 0 1 1.3063e-5 0 1 1.78645e-6 0 1 -3.30858e-4 6.57135e-5 1 -3.30859e-4 6.57088e-5 1 -3.30864e-4 6.56881e-5 1 -1.30469e-5 0 1 8.3222e-6 0 1 -1.51479e-6 0 1 3.03785e-6 0 1 1.53592e-6 0 1 -6.78107e-7 0 0.9999999 -4.83703e-4 4.16843e-5 0.9999999 -4.83704e-4 4.16748e-5 0.9999999 -4.83704e-4 4.16932e-5 1 -8.99054e-6 0 1 3.6105e-7 0 1 1.02415e-5 0 1 -6.73162e-6 0 1 9.49833e-7 0 1 7.08529e-7 0 1 4.13591e-6 0 1 -2.69777e-6 0 1 4.00255e-6 0 1 -6.64368e-6 0 1 -2.41346e-6 0 1 3.63586e-6 0 1 -3.37037e-4 1.58026e-5 1 -3.37038e-4 1.58013e-5 1 -3.37039e-4 1.57685e-5 1 -3.75679e-6 0 0.9999999 4.90608e-4 1.87511e-5 0.9999999 4.9061e-4 1.86914e-5 0.9999999 4.90607e-4 1.8704e-5 1 -1.81779e-6 0 1 5.82881e-6 0 1 -5.09881e-6 0 1 -3.30025e-4 0 1 -3.30024e-4 0 1 -3.30023e-4 0 1 -3.27835e-6 0 1 -2.03769e-6 0 1 1.13289e-5 0 1 -1.20377e-5 0 1 4.10208e-6 0 1 -2.11797e-6 0 1 -2.20682e-6 0 1 -1.01452e-6 0 1 5.33532e-6 0 1 -9.10185e-7 0 1 -7.49624e-6 0 1 6.37717e-6 0 1 4.29216e-4 2.40501e-4 1 4.29203e-4 2.4051e-4 1 4.29134e-4 2.40557e-4 1 -3.53912e-5 1.29075e-5 1 -4.77294e-5 1.05252e-5 1 -4.91266e-5 7.92698e-6 1 -3.36587e-4 1.2993e-5 1 -3.36585e-4 1.30289e-5 1 -3.36585e-4 1.30407e-5 1 -3.73389e-6 0 1 9.71428e-7 0 1 1.5446e-6 0 1 -4.39733e-5 3.68734e-6 1 -3.45253e-5 1.28271e-6 1 -4.53427e-5 -1.3537e-6 1 -8.53777e-6 4.0799e-5 1 -3.3363e-4 4.95395e-6 1 -3.33631e-4 4.97799e-6 1 -3.33632e-4 4.9738e-6 1 6.71749e-6 2.71005e-5 1 -6.42162e-6 2.59068e-5 1 8.39535e-5 8.15508e-5 1 -3.183e-5 -3.26825e-6 1 -3.70639e-5 -5.75906e-6 1 -8.74652e-6 3.53717e-5 0.9999999 -4.69862e-4 1.57008e-5 0.9999999 -4.69861e-4 1.56815e-5 0.9999999 -4.6986e-4 1.56972e-5 1 -6.89095e-6 2.30866e-5 1 -2.61526e-5 7.7298e-6 1 -7.92181e-6 1.62937e-5 1 -2.62312e-5 -6.66471e-6 1 -1.01783e-5 3.15288e-5 1 -2.02964e-5 1.08349e-5 1 -1.27446e-5 4.36936e-6 1 -1.16109e-5 4.37005e-6 1 -5.09501e-6 1.58571e-5 1 -4.63368e-6 1.58576e-5 1 9.47939e-7 0 1 6.63526e-5 1.48637e-4 1 -1.15836e-5 4.96317e-6 1 1.34712e-4 9.79229e-5 1 -6.95129e-6 1.55267e-5 1 -5.79253e-7 0 1 -1.30331e-5 2.65255e-5 1 -1.39019e-5 2.65299e-5 1 -4.73912e-7 0 1 -2.84368e-6 1.10651e-5 1 9.96219e-5 8.9355e-5 1 7.10922e-7 0 1 -5.56784e-6 1.07326e-5 1 -6.95121e-6 1.07327e-5 1 -8.76733e-6 7.71538e-6 1 -1.11376e-5 7.19589e-6 1 5.32883e-5 8.37039e-5 1 -7.34675e-6 1.03744e-5 1 -9.26816e-6 1.03736e-5 1 -1.04268e-5 7.71445e-6 1 -9.00456e-6 9.98851e-6 1 -9.24205e-6 9.57946e-6 1 -6.9509e-6 9.98894e-6 1 -1.09018e-5 8.69013e-6 1 -8.76666e-6 8.2125e-6 1 -9.26749e-6 8.21186e-6 1 -9.26714e-6 9.57965e-6 1 -7.819e-6 9.14623e-6 1 -9.26911e-6 9.14592e-6 1 -9.26752e-6 8.69084e-6 1 2.74229e-6 0 0.9999998 -7.66883e-4 1.41635e-5 0.9999998 -7.66883e-4 1.41503e-5 0.9999998 -7.66882e-4 1.42269e-5 1 2.62738e-4 1.82915e-4 1 2.62747e-4 1.82895e-4 1 2.62745e-4 1.82907e-4 1 -5.93522e-5 4.34902e-5 1 -4.04766e-5 4.74928e-5 1 -5.91514e-5 1.20382e-5 1 -4.06056e-7 0 0.9999999 4.98313e-4 7.93939e-6 0.9999999 4.98316e-4 7.99132e-6 0.9999999 4.9831e-4 7.98157e-6 1 -2.09909e-5 0 1 -3.49298e-5 4.34406e-5 1 2.94997e-4 6.73835e-6 1 2.95001e-4 6.76877e-6 1 2.94998e-4 6.76856e-6 1 5.51732e-5 2.11385e-4 1 -1.64222e-5 0 1 -3.56808e-5 4.66393e-5 0.9999999 -4.62567e-4 6.3311e-6 0.9999999 -4.62569e-4 6.35721e-6 0.9999999 -4.62563e-4 6.34789e-6 1 -1.23641e-6 0 0.9999999 -5.03332e-4 -8.62005e-6 0.9999999 -5.03333e-4 -8.59462e-6 0.9999999 -5.03329e-4 -8.63943e-6 1 -5.43511e-5 1.33961e-5 1 -1.72448e-5 0 1 1.44663e-6 0 1 -1.57729e-5 4.47619e-5 1 -5.39669e-6 0 1 -1.62364e-5 4.75676e-5 1 -4.70848e-5 1.4668e-5 1 1.49995e-6 0 1 -5.95455e-7 0 1 -1.40708e-5 4.23772e-5 0.9999999 -4.79371e-4 3.47792e-6 0.9999999 -4.79371e-4 3.46007e-6 0.9999999 -4.79371e-4 3.48726e-6 1 1.60448e-7 0 1 -1.44943e-5 4.4587e-5 1 1.20811e-5 0 1 -1.50407e-5 4.71197e-5 1 -3.99065e-5 1.50968e-5 1 5.49979e-7 0 1 2.93605e-7 0 1 -5.77955e-7 0 1 -1.30832e-5 4.15493e-5 1 3.22648e-4 1.7214e-5 1 3.2265e-4 1.72062e-5 1 3.22649e-4 1.72505e-5 1 0 4.36249e-5 1 -3.70601e-5 1.5683e-5 0.9999999 -4.78753e-4 2.45717e-5 0.9999999 -4.78751e-4 2.46277e-5 0.9999999 -4.78755e-4 2.45447e-5 1 -1.30351e-5 0 1 1.34249e-6 0 1 -1.19909e-5 3.85489e-5 1 4.78754e-4 2.45575e-5 1 4.78756e-4 2.45213e-5 1 4.78753e-4 2.45753e-5 1 1.51576e-6 0 1 1.25453e-5 4.03312e-5 1 -3.33946e-5 1.6021e-5 1 -5.4998e-7 0 0.9999999 -4.66289e-4 2.46633e-5 0.9999999 -4.66286e-4 2.46787e-5 0.9999999 -4.66285e-4 2.46565e-5 0.9999998 6.70936e-4 1.93556e-5 0.9999998 6.70938e-4 1.93686e-5 0.9999998 6.70938e-4 1.9359e-5 1 -2.70615e-5 1.66133e-5 1 1.20547e-5 0 1 2.31201e-7 0 1 0 3.19723e-5 1 -7.70607e-7 0 1 -1.20812e-5 0 1 0 3.3071e-5 1 -2.47833e-5 1.65959e-5 1 5.95361e-7 0 1 1.23647e-6 0 1 -5.45441e-6 0 1 -9.3514e-7 0 1 -3.14288e-4 1.38028e-5 1 -3.1429e-4 1.37826e-5 1 -3.14286e-4 1.37718e-5 1 3.35569e-4 0 1 3.35569e-4 0 1 3.35569e-4 0 1 -2.74272e-6 0 0.9999998 6.71023e-4 1.23583e-5 0.9999998 6.71023e-4 1.2379e-5 0.9999998 6.71022e-4 1.24268e-5 1 -3.25678e-4 0 1 -3.25677e-4 0 1 -3.25675e-4 0 1 -2.62744e-4 1.82897e-4 1 -2.62746e-4 1.82898e-4 1 -2.62736e-4 1.82904e-4 0.9999998 -5.94172e-4 9.52568e-6 0.9999998 -5.94168e-4 9.56349e-6 0.9999998 -5.94176e-4 9.56515e-6 1 4.05981e-7 0 1 1.64339e-5 0 0.9999999 4.62576e-4 6.35021e-6 0.9999999 4.62572e-4 6.33378e-6 0.9999999 4.62578e-4 6.3724e-6 1 -1.50979e-6 0 1 1.72399e-5 0 1 -3.19435e-4 1.56077e-5 1 -3.19431e-4 1.5636e-5 1 -3.1943e-4 1.56088e-5 1 -2.89381e-6 0 0.9999999 4.62641e-4 2.19421e-5 0.9999999 4.62644e-4 2.19681e-5 0.9999999 4.6265e-4 2.19166e-5 1 -1.16105e-5 1.11772e-5 1 -9.26223e-6 1.06711e-5 1 -9.72912e-6 1.06709e-5 1 -1.05042e-5 1.01384e-5 1 -9.7317e-6 1.01409e-5 1 -4.86577e-6 1.11743e-5 1 -9.67589e-6 1.16532e-5 1 -9.73227e-6 9.57842e-6 1 1.00354e-4 1.27487e-4 1 -9.73274e-6 1.16551e-5 1 -5.52905e-7 0 1 -9.73286e-6 1.21025e-5 1 -8.29411e-6 1.25205e-5 1 -9.67597e-6 1.2102e-5 1 4.79371e-4 3.50308e-6 1 4.79371e-4 3.4846e-6 1 4.79371e-4 3.48936e-6 1 -3.07798e-6 0 1 4.52946e-7 0 1 2.16497e-5 3.43802e-5 1 1.63207e-5 5.18413e-5 1 1.10602e-6 0 1 9.98442e-6 2.33758e-5 1 -9.73075e-6 1.25204e-5 1 2.22824e-5 1.24816e-5 1 5.02855e-5 1.39624e-5 1 4.73636e-5 -2.88226e-5 1 2.11942e-5 5.23741e-5 1 1.50407e-5 0 1 -2.74531e-5 3.64293e-5 1 3.09854e-5 1.70161e-5 1 4.67159e-5 -2.60692e-5 1 3.15214e-5 4.80436e-5 1 2.29534e-5 5.31329e-5 1 -1.36167e-5 3.71103e-5 1 4.38237e-5 2.04502e-5 0.9999994 -0.001119077 3.83768e-4 1 4.87116e-5 -2.46752e-5 1 2.86099e-5 4.90506e-5 1 4.46317e-7 0 1 -4.72612e-6 0 1 7.12517e-6 0 1 3.21186e-4 2.40707e-5 1 3.21184e-4 2.40703e-5 1 3.21183e-4 2.41027e-5 1 3.52644e-5 4.52714e-5 1 3.4717e-5 5.00928e-5 1 5.23716e-5 -2.21488e-5 1 7.17994e-6 0 1 1.81186e-6 0 1 3.34276e-4 9.63381e-6 1 3.34275e-4 9.66234e-6 1 3.34275e-4 9.66099e-6 1 1.90182e-6 2.34303e-4 1 1.86687e-6 2.3429e-4 1 1.86134e-6 2.34288e-4 1 -1.83693e-6 0 0.9999999 4.7337e-4 1.97267e-5 0.9999999 4.73368e-4 1.97507e-5 0.9999999 4.7337e-4 1.97204e-5 1 2.40382e-6 0 1 5.41724e-6 3.11619e-5 1 7.67493e-6 3.27184e-5 1 -1.25242e-4 1.28827e-4 1 -6.16105e-7 0 1 1.26992e-6 0 1 -5.71817e-4 1.50849e-5 1 -5.71818e-4 1.50769e-5 1 -5.71817e-4 1.50761e-5 1 -1.99509e-6 0 1 -8.24496e-6 0 1 3.36603e-4 1.56622e-5 1 3.36602e-4 1.56797e-5 1 3.36602e-4 1.56775e-5 1 -7.14841e-6 0 1 8.96935e-6 0 1 -7.82798e-7 0 1 6.97472e-7 0 1 -7.13395e-7 0 1 7.13236e-7 0 1 -2.5467e-6 0 1 -7.29082e-7 0 1 -7.4032e-7 0 1 3.4033e-4 1.36713e-5 1 3.40333e-4 1.37104e-5 1 3.40331e-4 1.36961e-5 1 -5.33745e-6 3.02252e-5 1 2.69528e-5 1.17622e-5 1 -2.25686e-6 0 1 -3.7124e-7 0 1 9.17643e-6 0 1 -9.59949e-7 0 1 4.58472e-6 0 1 -4.75615e-6 0 1 -2.14802e-6 0 1 5.05353e-6 0 0.9999999 -4.87686e-4 2.54806e-5 0.9999999 -4.87684e-4 2.54956e-5 0.9999999 -4.87686e-4 2.55131e-5 1 4.87689e-4 2.54797e-5 1 4.87691e-4 2.54714e-5 1 4.87688e-4 2.54853e-5 1 -6.07397e-7 0 1 1.53944e-6 0 1 -3.41743e-4 1.84169e-5 1 -3.41742e-4 1.84147e-5 1 -3.41744e-4 1.84548e-5 1 2.4661e-5 1.20159e-5 1 -4.57915e-6 0 1 9.59949e-7 0 1 7.53904e-7 0 1 -3.00786e-7 0 1 4.75672e-6 0 1 3.71242e-7 0 1 2.25688e-6 0 1 3.38392e-7 0 1 1.29594e-6 0 1 -2.02123e-6 0 1 -1.45794e-6 0 1 -2.19377e-7 0 1 -7.13454e-7 0 1 2.54668e-6 0 1 -9.17531e-6 0 1 2.80238e-7 0 1 -7.1432e-7 0 1 1.39472e-6 0 1 5.89906e-6 2.39797e-5 1 -5.44497e-6 2.4804e-5 1 2.31978e-5 1.24612e-5 1 7.15512e-6 0 1 -3.36598e-4 1.57193e-5 1 -3.36598e-4 1.57198e-5 1 -3.36599e-4 1.56999e-5 1 3.6848e-6 0 1 8.2439e-6 0 1 5.71817e-4 1.50781e-5 1 5.71817e-4 1.50559e-5 1 5.71817e-4 1.51014e-5 1 6.35066e-7 0 1 -2.40461e-6 0 1 -3.29678e-4 1.38135e-5 1 -3.29676e-4 1.38657e-5 1 -3.29676e-4 1.38504e-5 1 2.12413e-5 1.24461e-5 1 -1.83692e-6 0 1 1.15519e-6 0 1 -1.81126e-6 0 1 1.79536e-6 0 1 -1.13756e-6 0 1 -7.17574e-6 0 1 1.35336e-5 0 1 1.12218e-6 0 1 -7.12636e-6 0 0.9999996 8.90882e-4 1.36717e-4 0.9999996 8.90888e-4 1.36713e-4 0.9999996 8.90872e-4 1.3673e-4 1 -4.3806e-5 2.04551e-5 1 1.7397e-6 0 1 -4.25064e-6 0 1 -2.38397e-6 0 1 1.36167e-5 3.711e-5 1 -3.09858e-5 1.70163e-5 1 -3.39971e-4 1.80912e-5 1 -3.39975e-4 1.8033e-5 1 -3.39974e-4 1.8063e-5 1 3.33849e-6 0 1 2.74623e-5 3.64314e-5 1 -5.03732e-5 1.39386e-5 1 -2.22715e-5 1.24886e-5 1 -9.98448e-6 2.33758e-5 1 7.89707e-6 0 1 6.66143e-6 1.74538e-5 1 9.73177e-6 1.25199e-5 1 8.29253e-6 1.25214e-5 1 1.21662e-5 8.39639e-6 1 1.45951e-5 8.39859e-6 1 9.72883e-6 1.21046e-5 1 9.676e-6 1.2102e-5 1 1.07817e-5 9.00067e-6 1 1.4599e-5 8.99965e-6 1 9.67589e-6 1.16532e-5 1 9.73274e-6 1.16551e-5 1 1.27171e-5 9.57993e-6 1 9.7326e-6 9.57874e-6 1 1.1612e-5 1.11762e-5 1 4.86577e-6 1.11743e-5 1 1.16098e-5 1.01383e-5 1 9.73193e-6 1.01412e-5 1 8.8469e-6 1.0672e-5 1 1.07941e-5 1.067e-5 1 8.84749e-6 1.06711e-5 1 1.01852e-5 1.06709e-5 1 -1.01735e-4 1.26866e-4 1 -3.80158e-6 0 1 1.68775e-4 4.4247e-5 1 1.68758e-4 4.4213e-5 1 1.68754e-4 4.42023e-5 1 1.04918e-5 1.11743e-5 1 1.10574e-5 1.1177e-5 1 1.9767e-6 0 1 -1.52082e-7 0 1 2.21165e-6 0 1 -2.21156e-6 0 1 3.9541e-6 0 1 -1.21618e-6 0 1 2.88877e-6 0 1 -4.89063e-5 -2.64688e-6 1 -4.88941e-5 -2.65088e-6 1 -4.89168e-5 -2.6442e-6 1 -3.64017e-5 4.5271e-5 1 -2.53968e-6 0 1 -2.24376e-7 0 1 -4.80098e-6 0 1 -3.3523e-5 5.00787e-5 1 -5.41173e-5 -2.21488e-5 1 1.33594e-6 0 1 -1.80359e-6 0 1 2.0773e-5 0 1 -2.69366e-5 4.90155e-5 1 -4.95812e-5 -2.46683e-5 1 2.66075e-6 0 0.9999998 -6.70982e-4 1.44185e-5 0.9999998 -6.70981e-4 1.44792e-5 0.9999998 -6.70982e-4 1.44156e-5 1 -3.38878e-5 4.8085e-5 1 4.61376e-4 5.9304e-6 1 4.61373e-4 5.945e-6 1 4.61378e-4 5.89645e-6 1 2.97873e-6 0 1 -5.05082e-6 0 1 -4.58817e-5 -2.60692e-5 1 -2.72041e-5 5.3133e-5 1 -4.71836e-6 0 1 -1.73928e-5 5.23653e-5 1 -4.65184e-5 -2.88229e-5 1 7.4026e-7 0 1 3.10553e-4 1.27134e-4 1 3.1055e-4 1.27142e-4 1 3.10564e-4 1.27107e-4 1 1.5772e-6 0 1 -2.16498e-5 3.43804e-5 1 -1.68474e-5 5.18418e-5 1 2.47896e-5 1.65933e-5 1 0 3.30697e-5 1 1.90356e-7 0 1 1.38697e-6 0 1 -2.22944e-7 0 1 -3.35157e-4 1.66048e-5 1 -3.3516e-4 1.65622e-5 1 -3.35159e-4 1.65747e-5 1 2.70622e-5 1.66137e-5 1 0 3.19728e-5 1 -3.46393e-4 -1.4456e-6 1 -3.46392e-4 -1.4511e-6 1 -3.46396e-4 -1.44672e-6 1 3.33887e-5 1.60242e-5 0.9999998 -6.70939e-4 1.93939e-5 0.9999998 -6.70938e-4 1.93655e-5 0.9999998 -6.70938e-4 1.94281e-5 1 0 0 1 -1.25453e-5 4.03312e-5 1 1.34244e-6 0 1 -3.35568e-4 -2.88041e-7 1 -3.35568e-4 -2.81158e-7 1 -3.35568e-4 -2.81565e-7 1 1.19909e-5 3.85489e-5 1 3.70653e-5 1.56786e-5 1 -5.97344e-5 3.30484e-4 1 -5.97525e-5 3.30481e-4 1 -5.976e-5 3.3048e-4 1 0 0 1 0 4.36289e-5 1 1.46806e-6 0 1 1.30869e-5 4.15482e-5 1 2.22971e-7 0 1 -1.42839e-5 0 1 3.92937e-5 1.50973e-5 1 1.50408e-5 4.71201e-5 1 3.35158e-4 1.65867e-5 1 3.35156e-4 1.66263e-5 1 3.35158e-4 1.65913e-5 1 3.49323e-4 1.90281e-6 1 3.49322e-4 1.87832e-6 1 3.49319e-4 1.92376e-6 1 1.4491e-5 4.45909e-5 1 2.91589e-6 0 1 -1.577e-6 0 1 1.4071e-5 4.23778e-5 1 3.3356e-4 3.87059e-6 1 3.33559e-4 3.86201e-6 1 3.3356e-4 3.82675e-6 1 -2.78949e-6 0 1 5.05146e-6 0 0.9999999 4.79358e-4 4.94497e-6 0.9999999 4.79358e-4 4.96517e-6 0.9999999 4.79358e-4 4.90672e-6 1 1.80336e-6 0 0.9999997 7.66837e-4 1.64765e-5 0.9999997 7.66835e-4 1.65361e-5 0.9999997 7.66835e-4 1.65687e-5 1 4.70803e-5 1.46747e-5 1 2.14549e-5 4.4744e-5 1 1.24337e-5 4.7562e-5 1 4.8016e-6 0 1 -2.0773e-5 0 1 3.36969e-4 9.6509e-6 1 3.36969e-4 9.65672e-6 1 3.36969e-4 9.66783e-6 1 -2.89319e-6 0 1 -3.31207e-4 5.62296e-6 1 -3.31208e-4 5.61016e-6 1 -3.31207e-4 5.61967e-6 1 3.38394e-5 4.34421e-5 1 3.23307e-5 4.66496e-5 1 2.92725e-5 5.01865e-5 1 5.43557e-5 1.33884e-5 1 2.24245e-7 0 1 -1.30082e-4 3.0933e-4 1 -1.30074e-4 3.09333e-4 1 -1.30045e-4 3.09345e-4 1 -1.33617e-6 0 1 -8.69847e-7 0 1 3.42404e-4 1.38932e-5 1 3.42407e-4 1.38527e-5 1 3.42406e-4 1.3861e-5 1 -5.22992e-6 0 0.9999999 -4.61383e-4 5.96585e-6 0.9999999 -4.61385e-4 5.8993e-6 0.9999999 -4.6138e-4 5.96298e-6 1 -2.97871e-6 0 1 -1.66924e-6 0 1 4.71993e-6 0 1 -2.89997e-4 -4.78669e-6 1 -2.90006e-4 -4.72907e-6 1 -2.89999e-4 -4.77977e-6 1 5.44005e-5 4.3505e-5 1 4.36464e-5 4.74812e-5 1 5.9155e-5 1.2039e-5 1 3.43894e-4 1.58254e-5 1 3.4389e-4 1.58629e-5 1 3.43889e-4 1.58478e-5 0.9999999 -4.43664e-4 1.81579e-4 0.9999999 -4.4363e-4 1.81662e-4 0.9999999 -4.4364e-4 1.81637e-4 1 -8.42361e-6 0 1 6.73211e-7 0 1 3.34373e-4 2.83028e-5 1 3.3437e-4 2.83324e-5 1 3.34372e-4 2.83134e-5 1 3.26767e-4 1.66805e-5 1 3.26766e-4 1.6647e-5 1 3.26766e-4 1.66836e-5 1 -4.56404e-4 1.38417e-4 1 -4.56404e-4 1.38418e-4 1 -4.56412e-4 1.38388e-4 1 -5.6106e-5 2.11376e-4 1 4.72269e-6 0 1 -2.04666e-6 0 1 -6.95017e-7 0 1 8.24799e-6 0 1 5.66528e-6 0 1 -9.51424e-6 0 1 2.93331e-6 0 1 -7.32931e-7 0 1 -7.49976e-7 0 0.9999999 -4.75949e-4 0 0.9999999 -4.75949e-4 0 0.9999999 -4.75948e-4 0 1 3.33681e-4 0 1 3.33681e-4 0 1 3.33681e-4 0 1 3.01363e-6 0 1 7.70652e-7 0 1 2.24215e-6 0 1 -5.69734e-6 0 1 5.69908e-6 0 1 -2.2394e-6 0 1 7.70652e-7 0 1 -3.01366e-6 0 1 1.88772e-6 0 1 -3.4348e-6 0 1 -7.37911e-7 0 1 2.2003e-6 0 1 -2.38235e-7 0 1 9.51691e-6 0 1 -5.66525e-6 0 1 -8.25537e-6 0 1 -2.54102e-7 0 1 2.72604e-6 0 1 -6.75423e-7 0 0.9999999 5.4817e-4 1.66197e-4 0.9999999 5.48187e-4 1.66143e-4 0.9999999 5.48188e-4 1.66143e-4 1 -3.26769e-4 1.66269e-5 1 -3.26768e-4 1.66351e-5 1 -3.26766e-4 1.66569e-5 1 -6.73004e-7 0 1 3.16278e-6 0 1 3.29653e-4 2.54785e-5 1 3.29659e-4 2.54255e-5 1 3.29658e-4 2.54479e-5 1 -3.36781e-4 2.02759e-5 1 -3.36783e-4 2.02498e-5 1 -3.36783e-4 2.02539e-5 1 9.35102e-7 0 1 5.23153e-6 0 1 -7.12228e-6 0 1 -3.44431e-6 0 1 1.67205e-6 0 1 -1.09159e-6 0 1 -3.3697e-4 9.65336e-6 1 -3.36971e-4 9.62835e-6 1 -3.36971e-4 9.61628e-6 0.9999999 4.75003e-4 8.0298e-6 0.9999999 4.75004e-4 7.98893e-6 0.9999999 4.75005e-4 8.00453e-6 1 -3.22407e-4 2.21196e-5 1 -3.22404e-4 2.21395e-5 1 -3.22401e-4 2.21417e-5 1 -1.0111e-5 0 1 1.50992e-6 0 1 2.89375e-6 0 0.9999999 -4.86324e-4 5.84139e-6 0.9999999 -4.86325e-4 5.88447e-6 0.9999999 -4.86327e-4 5.82506e-6 0.9999999 -4.77366e-4 5.53526e-6 0.9999999 -4.77366e-4 5.49655e-6 0.9999999 -4.77366e-4 5.46707e-6 1 -7.75544e-6 0 1 -4.52841e-7 0 1 3.07804e-6 0 0.9999999 -4.88394e-4 3.11398e-6 0.9999999 -4.88397e-4 3.08773e-6 0.9999999 -4.88398e-4 3.06976e-6 1 8.92754e-6 0 1 -7.66628e-6 3.27214e-5 1 -5.41875e-6 3.1161e-5 1 1.25246e-4 1.28825e-4 1 2.34573e-6 0 1 6.52412e-6 0 1 -2.34881e-6 0 1 5.33747e-6 3.02252e-5 1 -5.10887e-6 2.89307e-5 1 -2.69565e-5 1.17589e-5 1 3.33402e-4 -5.40269e-7 1 3.33403e-4 -5.41194e-7 1 3.33403e-4 -5.14919e-7 1 -2.14796e-6 0 1 3.4175e-4 1.84772e-5 1 3.4175e-4 1.84895e-5 1 3.4175e-4 1.84989e-5 1 -2.46566e-5 1.20183e-5 1 -1.29763e-6 0 1 9.81322e-6 0 1 5.44302e-6 2.48029e-5 1 -5.90099e-6 2.39802e-5 1 -2.31983e-5 1.24615e-5 1 -2.88908e-6 0 1 3.37719e-6 0 1 -1.84933e-6 0 1 -1.27707e-5 8.39859e-6 1 -6.4533e-6 1.74537e-5 1 -2.12467e-5 1.24441e-5 1 1.52019e-7 0 1 -1.21662e-5 8.3964e-6 1 -1.2166e-5 8.99976e-6 1 -1.20128e-5 9.57985e-6 1 -1.10578e-5 9.00117e-6 1 4.56213e-6 0 1 -1.32687e-5 9.58143e-6 1 -1.53832e-4 6.56495e-7 1 -1.53817e-4 6.32968e-7 1 -1.53843e-4 6.73608e-7 1 -2.21179e-6 0 1 -1.36852e-5 1.0141e-5 1 -1.0186e-5 1.067e-5 1 -8.84689e-6 1.0672e-5 1 -8.84671e-6 1.01372e-5 0 -0.02496773 0.9996883 -4.74837e-5 -0.02477771 0.999693 -4.7479e-5 -0.07473319 0.9972037 -3.99426e-5 -0.07476019 0.9972016 -4.07029e-5 -0.1241952 0.9922578 0 -0.1243557 0.9922377 0 -0.1737497 0.9847899 0 -0.1737497 0.9847899 0 -0.2224007 0.9749553 0 -0.2224006 0.9749554 0 -0.270807 0.9626337 -4.52279e-5 -0.2709832 0.9625841 -4.52159e-5 -0.3184762 0.9479309 -4.52158e-5 -0.3184759 0.947931 -4.37181e-5 -0.3653872 0.9308556 -4.44718e-5 -0.3653865 0.9308559 -4.29598e-5 -0.4111256 0.9115788 0 -0.4112843 0.9115073 -4.22138e-5 -0.4562337 0.8898601 0 -0.4563837 0.8897831 -2.79827e-5 -0.4997997 0.8661412 -2.79912e-5 -0.4997997 0.8661412 -2.79903e-5 -0.4997997 0.8661412 -4.07035e-5 -0.4999463 0.8660565 -3.99465e-5 -0.5423957 0.8401232 -3.84406e-5 -0.5837951 0.8119012 0 -0.5425301 0.8400364 0 -0.5836699 0.8119912 0 -0.6235376 0.7817935 0 -0.6235383 0.7817928 0 -0.6616916 0.7497761 -3.39191e-5 -0.698139 0.7159622 0 -0.6982367 0.7158671 0 -0.733139 0.6800789 -3.24152e-5 -0.7330511 0.6801736 0 -0.7660411 0.6427917 0 -0.7660422 0.6427903 0 -0.7970821 0.6038709 0 -0.8263147 0.5632088 -2.67623e-5 -0.8262532 0.563299 -2.4686e-5 -0.8532881 0.52144 0 -0.8533411 0.5213533 0 -0.8782479 0.4782056 -2.26153e-5 -0.8782044 0.4782855 -2.05376e-5 -0.9009631 0.4338958 0 -0.9009274 0.4339697 0 -0.9215071 0.3883618 0 -0.9215078 0.3883599 0 -0.9396839 0.3420444 0 -0.9396843 0.3420432 0 -0.9555508 0.2948269 0 -0.9691031 0.2466562 -1.16835e-5 -0.9690915 0.2467015 -9.39804e-6 -0.9801689 0.1981639 -9.39804e-6 -0.9801689 0.198164 -7.06681e-6 -0.9888126 0.1491635 0 -0.9888163 0.1491385 0 -0.9950341 0.09953552 -4.7231e-6 -0.9950321 0.09955441 -2.36131e-6 -0.9987605 0.04977357 -2.35836e-6 -0.9987607 0.04977053 0 -0.9987608 -0.04976922 0 -0.9987606 -0.0497722 0 -0.9950341 -0.09953558 4.72336e-6 -0.9950323 -0.0995537 7.06586e-6 -0.988816 -0.1491404 0 -0.9888126 -0.1491635 0 -0.9690932 -0.2466952 0 -0.9801678 -0.1981694 0 -0.9801679 -0.1981692 0 -0.9690932 -0.246695 1.30294e-5 -0.9556496 -0.2945064 1.30385e-5 -0.9556496 -0.2945064 1.3043e-5 -0.9556496 -0.2945064 0 -0.9396811 -0.3420517 1.30269e-5 -0.9556496 -0.2945064 1.3039e-5 -0.9556496 -0.2945064 1.30236e-5 -0.9556496 -0.2945064 0 -0.9396801 -0.3420546 1.83731e-5 -0.9215071 -0.3883618 2.05371e-5 -0.9009683 -0.4338849 7.3188e-6 -0.9214065 -0.3886004 7.30366e-6 -0.9214065 -0.3886004 7.3069e-6 -0.9214065 -0.3886004 0 -0.9009324 -0.4339594 0 -0.8782417 -0.478217 0 -0.8532965 -0.5214261 0 -0.8532954 -0.5214279 0 -0.8263133 -0.5632109 2.67623e-5 -0.8262546 -0.5632969 2.86406e-5 -0.7970821 -0.6038711 2.86406e-5 -0.7970821 -0.6038709 0 -0.7660411 -0.6427917 4.45665e-6 -0.7662714 -0.6425172 4.42273e-6 -0.7662714 -0.6425172 4.52229e-6 -0.7662714 -0.6425172 0 -0.7331393 -0.6800785 0 -0.733139 -0.6800789 2.90185e-5 -0.6981384 -0.7159629 0 -0.6982224 -0.715881 3.5428e-5 -0.6616763 -0.7497897 3.05267e-5 -0.6616935 -0.7497746 0 -0.6235549 -0.7817796 3.69366e-5 -0.6234381 -0.7818728 0 -0.5837953 -0.8119009 0 -0.5425107 -0.8400489 0 -0.499967 -0.8660446 0 -0.4562115 -0.8898715 0 -0.4562121 -0.8898711 0 -0.4112837 -0.9115075 0 -0.4112845 -0.9115071 0 -0.3654105 -0.9308465 0 -0.3654103 -0.9308466 0 -0.3184763 -0.9479309 0 -0.3184759 -0.9479311 0 -0.2707818 -0.9626408 0 -0.2707817 -0.9626408 3.9943e-5 -0.2224263 -0.9749495 0 -0.2225815 -0.9749141 0 -0.1737498 -0.9847899 3.9951e-5 -0.1735916 -0.9848178 0 -0.1243557 -0.9922378 0 -0.07473319 -0.9972037 0 -0.07473325 -0.9972037 0 -0.02499485 -0.9996876 0 -0.0249949 -0.9996876 5.20721e-4 -0.7068545 0.7073588 5.2077e-4 -0.7068545 0.7073588 5.20763e-4 -0.7068545 0.7073589 8.16612e-5 -0.7081742 0.7060378 8.16434e-5 -0.7081742 0.7060378 8.16335e-5 -0.7081742 0.7060378 -1.57495e-4 -0.7080171 0.7061954 -1.57279e-4 -0.708017 0.7061955 -1.57294e-4 -0.708017 0.7061955 2.57735e-5 -0.7071306 0.707083 0 -0.7071154 0.7070982 0 -0.7071155 0.7070981 -4.72143e-5 -0.7071015 0.7071121 0 -0.7070993 0.7071143 -2.52735e-5 -0.7071068 0.7071068 0 0.7071049 -0.7071086 0 0.7071048 -0.7071088 2.48357e-5 0.7071068 -0.7071068 7.84164e-6 0.7071017 -0.7071119 1.63905e-5 0.7071141 -0.7070996 0 0.7071196 -0.7070941 0 0.7071147 -0.7070989 1.13319e-5 0.7071117 -0.7071019 -1.63901e-5 -0.7071011 0.7071126 0 -0.7071068 0.7071068 -2.97054e-5 -0.7071067 0.7071068 -2.96238e-5 -0.7071068 0.7071068 -0.03687423 -0.7065517 0.7067 -0.03687417 -0.7065517 0.7067001 -0.03687381 -0.7066236 0.7066282 -0.03682273 -0.7066257 0.7066288 -0.1107553 -0.7027487 0.7027642 -0.1108419 -0.7028378 0.7026615 -0.1108419 -0.7028378 0.7026615 -0.1108419 -0.7028378 0.7026616 -0.1847561 -0.6949353 0.6949318 -0.1834619 -0.6950957 0.6951142 -0.243374 -0.6859987 0.685693 -0.243374 -0.6859986 0.685693 -0.2433739 -0.6859986 0.685693 -0.241434 -0.6860545 0.6863226 -0.2908893 -0.6765412 0.6765172 -0.287864 -0.6771705 0.6771813 -0.3465248 -0.6633098 0.6632804 -0.3465248 -0.6633097 0.6632804 -0.3427932 -0.6642537 0.664274 -0.4130982 -0.6439887 0.6439165 -0.406184 -0.6461219 0.6461742 -0.467182 -0.6251884 0.6252044 -0.467182 -0.6251884 0.6252045 -0.467182 -0.6251882 0.6252045 -0.4582462 -0.6284764 0.6285124 -0.4582462 -0.6284765 0.6285125 -0.5061266 -0.6099193 0.6097823 -0.5061265 -0.6099193 0.6097823 -0.4957553 -0.6140694 0.6141218 -0.5552398 -0.5881716 0.5880162 -0.5354794 -0.5970956 0.5972762 -0.5354794 -0.5970956 0.5972762 -0.5354793 -0.5970956 0.5972762 -0.5772264 -0.5772074 0.577617 -0.5772264 -0.5772075 0.577617 -0.6082534 -0.5613163 0.5612057 -0.621429 -0.5538769 0.5541178 -0.621429 -0.5538769 0.5541178 -0.621429 -0.5538769 0.5541177 -0.6558233 -0.5338555 0.5337548 -0.7032115 -0.5027951 0.5026836 -0.6669988 -0.5268006 0.5268717 -0.7485733 -0.4688982 0.4687991 -0.7140086 -0.4953174 0.4948258 -0.7140085 -0.4953174 0.4948258 -0.7140085 -0.4953174 0.4948258 -0.7871453 -0.4362426 0.4359986 -0.7871453 -0.4362426 0.4359986 -0.7871453 -0.4362426 0.4359986 -0.7623218 -0.457694 0.4575825 -0.7623218 -0.4576939 0.4575825 -0.8199234 -0.4049471 0.4046522 -0.8199235 -0.4049471 0.4046522 -0.8199235 -0.4049471 0.4046522 -0.797706 -0.4262396 0.4265971 -0.797706 -0.4262395 0.4265972 -0.797706 -0.4262395 0.4265971 -0.8207503 -0.4039829 0.4039393 -0.8476604 -0.3751381 0.375158 -0.8476604 -0.375138 0.3751581 -0.8476604 -0.3751381 0.375158 -0.8437241 -0.379646 0.3794716 -0.8437241 -0.3796459 0.3794716 -0.8437241 -0.3796459 0.3794716 -0.8716689 -0.3465735 0.3465257 -0.8663357 -0.3531462 0.3532002 -0.8663357 -0.3531462 0.3532001 -0.8663357 -0.3531462 0.3532002 -0.8916615 -0.3201209 0.3200977 -0.8878829 -0.3252962 0.3253404 -0.916333 -0.2829973 0.2832777 -0.9163331 -0.2829973 0.2832777 -0.9163331 -0.2829973 0.2832778 -0.9089997 -0.2947592 0.2946808 -0.9089997 -0.2947592 0.2946808 -0.9414873 -0.2383856 0.2382732 -0.9289056 -0.2618153 0.2618917 -0.9592198 -0.1999074 0.1998361 -0.9463694 -0.2285723 0.228341 -0.9463695 -0.2285723 0.2283411 -0.9463695 -0.2285723 0.2283411 -0.9714868 -0.1678805 0.1674205 -0.9714868 -0.1678805 0.1674205 -0.9714868 -0.1678805 0.1674205 -0.9614681 -0.194378 0.1944127 -0.9835873 -0.1277354 0.1274349 -0.9835874 -0.1277354 0.1274349 -0.9739456 -0.1603325 0.1603852 -0.9840226 -0.1259688 0.125823 -0.9840226 -0.1259688 0.125823 -0.9840226 -0.1259688 0.125823 -0.9940934 -0.07677769 0.07670432 -0.9940934 -0.07677769 0.07670432 -0.9940934 -0.07677769 0.07670432 -0.9917213 -0.09077221 0.09082645 -0.9917212 -0.09077221 0.09082645 -0.9917213 -0.09077221 0.09082645 -0.9993349 -0.0258609 0.02571165 -0.9969969 -0.05469036 0.05482912 -0.9969969 -0.05469036 0.05482906 -0.9969969 -0.05469036 0.05482912 -0.9996748 -0.01803719 0.01802819 -0.02623116 0.7068627 -0.7068642 -0.03822457 0.7065824 -0.7065976 -0.07749551 0.7050145 -0.7049461 -0.03045272 0.7067084 -0.7068492 -0.03045272 0.7067084 -0.7068493 -0.1281446 0.7012713 -0.7012828 -0.1763483 0.6960104 -0.6960394 -0.1132518 0.702466 -0.7026489 -0.2247986 0.6890314 -0.6889858 -0.187572 0.6944699 -0.6946426 -0.2734251 0.6801664 -0.6801563 -0.2734251 0.6801663 -0.6801564 -0.2734251 0.6801664 -0.6801562 -0.2455313 0.6858325 -0.68509 -0.2455313 0.6858325 -0.68509 -0.2455312 0.6858325 -0.68509 -0.3206734 0.6697596 -0.6697692 -0.3206733 0.6697595 -0.6697692 -0.3206734 0.6697596 -0.6697692 -0.2931684 0.6758026 -0.6762716 -0.2931684 0.6758025 -0.6762716 -0.2931684 0.6758025 -0.6762716 -0.3679891 0.6577239 -0.6572545 -0.367989 0.6577239 -0.6572545 -0.4142846 0.6435204 -0.6436225 -0.3493305 0.6624928 -0.6626248 -0.4568852 0.6290183 -0.628961 -0.4153044 0.6431836 -0.6433017 -0.4688306 0.6247418 -0.6244163 -0.4688305 0.6247418 -0.6244164 -0.4688306 0.6247417 -0.6244164 -0.4969288 0.6134497 -0.6137925 -0.4969289 0.6134498 -0.6137925 -0.5071846 0.6095124 -0.6093099 -0.5343415 0.597719 -0.5976716 -0.5486674 0.5911335 -0.5912067 -0.568547 0.5817278 -0.5816763 -0.5917447 0.5699735 -0.57006 -0.6009541 0.5651907 -0.565167 -0.6371198 0.544865 -0.545161 -0.6371198 0.544865 -0.545161 -0.6371198 0.544865 -0.545161 -0.6447565 0.540564 -0.540444 -0.6838162 0.5158808 -0.5160063 -0.6978422 0.5065196 -0.5064131 -0.7321425 0.481573 -0.4817209 -0.7433297 0.4731023 -0.472901 -0.7433297 0.4731023 -0.4729011 -0.7809568 0.4414173 -0.4418795 -0.7809567 0.4414173 -0.4418795 -0.7816811 0.4409655 -0.4410489 -0.8151178 0.4096385 -0.4096087 -0.8164891 0.4080556 -0.4084561 -0.8394367 0.3844905 -0.3840745 -0.8394367 0.3844906 -0.3840744 -0.8394366 0.3844906 -0.3840745 -0.8436529 0.3796514 -0.3796244 -0.8622323 0.3581315 -0.3581862 -0.8674499 0.3518191 -0.351787 -0.8842672 0.3301742 -0.330237 -0.8879938 0.3251726 -0.3251613 -0.9052023 0.3004833 -0.3005308 -0.9132379 0.2881721 -0.2880165 -0.9250173 0.268603 -0.2686923 -0.9390714 0.2434301 -0.2426662 -0.9390714 0.2434302 -0.2426663 -0.9573559 0.2043046 -0.2042779 -0.9434654 0.234358 -0.2344126 -0.9701603 0.1716473 -0.1712498 -0.9701601 0.1716473 -0.1712498 -0.9701603 0.1716473 -0.1712499 -0.9594631 0.1991614 -0.1994127 -0.9594631 0.1991614 -0.1994128 -0.9594631 0.1991614 -0.1994128 -0.9828222 0.130551 -0.1304492 -0.972971 0.1632467 -0.1633342 -0.9837194 0.1270861 -0.1270642 -0.9937836 0.07884413 -0.07859879 -0.9937837 0.07884413 -0.07859879 -0.9917663 0.09051185 -0.09059333 -0.9917664 0.09051185 -0.09059333 -0.9917663 0.09051185 -0.09059333 -0.999321 0.02591335 -0.02619397 -0.9993211 0.02591335 -0.02619391 -0.999321 0.02591335 -0.02619391 -0.9970861 0.05389583 -0.05398952 -0.9996655 0.01828444 -0.01829248 -0.02609503 -0.7068537 0.7068784 -0.038109 -0.7065936 0.7065927 -0.07752913 -0.7050958 0.7048612 -0.07752913 -0.7050958 0.7048612 -0.07752913 -0.7050957 0.7048612 -0.03047668 -0.7066776 0.7068791 -0.1280311 -0.7012673 0.7013075 -0.1280311 -0.7012673 0.7013075 -0.1280311 -0.7012673 0.7013075 -0.1770108 -0.6959245 0.6959571 -0.1134676 -0.7024544 0.7026258 -0.2249811 -0.6888862 0.6890714 -0.2249811 -0.6888862 0.6890714 -0.2249811 -0.6888862 0.6890714 -0.1877029 -0.6944549 0.6946222 -0.2730835 -0.6803051 0.6801548 -0.2730835 -0.6803052 0.6801547 -0.2457157 -0.6855019 0.6853547 -0.2457157 -0.6855019 0.6853547 -0.3207905 -0.6697785 0.6696943 -0.3207905 -0.6697785 0.6696942 -0.3207905 -0.6697784 0.6696943 -0.2930927 -0.6760072 0.6760998 -0.3682738 -0.6574715 0.6573475 -0.3682738 -0.6574714 0.6573476 -0.3682738 -0.6574714 0.6573475 -0.4142231 -0.6435409 0.6436414 -0.3492645 -0.6625189 0.6626334 -0.4574416 -0.6285375 0.6290373 -0.4574416 -0.6285375 0.6290373 -0.4152108 -0.6432165 0.6433294 -0.4690265 -0.6244908 0.6245201 -0.4969943 -0.6134988 0.6136904 -0.4969944 -0.6134989 0.6136904 -0.507289 -0.6095835 0.6091518 -0.507289 -0.6095834 0.6091518 -0.5344042 -0.5977002 0.5976342 -0.548873 -0.5910473 0.591102 -0.5688046 -0.5814871 0.5816649 -0.5688047 -0.581487 0.5816649 -0.5688047 -0.5814871 0.581665 -0.5917121 -0.5700694 0.569998 -0.5917121 -0.5700694 0.569998 -0.6008911 -0.5651161 0.5653085 -0.6008912 -0.5651161 0.5653085 -0.6008908 -0.5651149 0.5653101 -0.6374137 -0.5448446 0.5448378 -0.6450185 -0.5404146 0.5402808 -0.6840227 -0.5157619 0.5158514 -0.69803 -0.5062005 0.5064733 -0.6980301 -0.5062005 0.5064732 -0.7323139 -0.481455 0.4815782 -0.7430233 -0.4732819 0.4732027 -0.7806938 -0.4417888 0.4419727 -0.7806938 -0.4417888 0.4419727 -0.7819591 -0.4407334 0.4407882 -0.8153833 -0.4093912 0.4093276 -0.8164262 -0.4082898 0.4083477 -0.8164262 -0.4082898 0.4083477 -0.8396074 -0.3840955 0.3840968 -0.8396073 -0.3840955 0.3840968 -0.8435587 -0.3797773 0.3797079 -0.8622392 -0.3577349 0.3585659 -0.8622392 -0.3577349 0.3585659 -0.8675045 -0.3519656 0.3515056 -0.8675045 -0.3519656 0.3515056 -0.8675045 -0.3519656 0.3515056 -0.8842753 -0.3302347 0.330155 -0.8842753 -0.3302347 0.330155 -0.8842753 -0.3302347 0.330155 -0.8879424 -0.3252658 0.3252085 -0.8879424 -0.3252658 0.3252085 -0.9131165 -0.2883825 0.288191 -0.9053326 -0.300301 0.3003205 -0.9249482 -0.2687345 0.2687986 -0.9392467 -0.2427726 0.2426465 -0.9573802 -0.2042676 0.2042009 -0.9434654 -0.2343757 0.2343953 -0.9702728 -0.1711513 0.1711077 -0.9595024 -0.1989693 0.199415 -0.9595024 -0.1989694 0.199415 -0.9828495 -0.1304627 0.1303323 -0.9729614 -0.1630992 0.1635385 -0.9729614 -0.1630992 0.1635385 -0.9729614 -0.1630992 0.1635386 -0.9837534 -0.1269775 0.12691 -0.993784 -0.07886695 0.07857185 -0.993784 -0.07886695 0.07857185 -0.993784 -0.07886695 0.07857185 -0.9917231 -0.09088778 0.09069061 -0.9917231 -0.09088784 0.09069055 -0.9917231 -0.09088784 0.09069055 -0.999315 -0.02625745 0.02607786 -0.9970703 -0.05409771 0.05407691 -0.9970703 -0.05409771 0.05407691 -0.9970703 -0.05409765 0.05407696 -0.9996891 -0.01764577 0.01762163 -0.02545022 0.7069298 -0.7068257 -0.02545022 0.7069299 -0.7068258 -0.03693068 0.7066231 -0.7066258 -0.07650965 0.705074 -0.7049943 -0.03465938 0.7066056 -0.7067583 -0.1279305 0.7014098 -0.7011834 -0.1279305 0.7014098 -0.7011834 -0.1279305 0.7014097 -0.7011835 -0.1792955 0.6956283 -0.6956683 -0.110962 0.7026642 -0.7028161 -0.231247 0.6879693 -0.6879121 -0.1838293 0.6949579 -0.695155 -0.1838293 0.694958 -0.6951549 -0.2817521 0.6785303 -0.6783896 -0.2817521 0.6785303 -0.6783896 -0.2418568 0.6858805 -0.6863479 -0.2418568 0.6858805 -0.6863478 -0.2418568 0.6858805 -0.6863478 -0.3316256 0.6671095 -0.6670753 -0.2876794 0.6771965 -0.6772338 -0.3793766 0.6542798 -0.6542105 -0.3427634 0.664133 -0.6644101 -0.3427634 0.664133 -0.6644101 -0.3427634 0.6641329 -0.6644101 -0.4249823 0.640089 -0.6400595 -0.4060649 0.646102 -0.646269 -0.4060649 0.646102 -0.646269 -0.4583491 0.6283226 -0.6285912 -0.4583491 0.6283226 -0.6285912 -0.466939 0.6253106 -0.6252636 -0.4960712 0.6139419 -0.6139941 -0.50636 0.60997 -0.6095378 -0.5063599 0.6099699 -0.6095378 -0.5354587 0.5970581 -0.5973321 -0.5354587 0.5970581 -0.5973321 -0.5429959 0.593793 -0.5937721 -0.5776777 0.576974 -0.5773989 -0.5776778 0.5769741 -0.5773988 -0.5773558 0.5773288 -0.5773662 -0.6246497 0.5524553 -0.5519111 -0.6246497 0.5524553 -0.5519112 -0.6211416 0.5541739 -0.554143 -0.6811162 0.5177935 -0.5176587 -0.6672133 0.5263782 -0.5270222 -0.6672133 0.5263783 -0.5270223 -0.6672133 0.5263782 -0.5270222 -0.7292771 0.483863 -0.4837681 -0.7142019 0.4948994 -0.494965 -0.7142018 0.4948994 -0.494965 -0.7142019 0.4948994 -0.494965 -0.770864 0.4504314 -0.4504225 -0.7621979 0.4578622 -0.4576207 -0.762198 0.4578622 -0.4576207 -0.8061827 0.4184057 -0.4183376 -0.7976616 0.4266951 -0.4262245 -0.7976617 0.4266951 -0.4262245 -0.8359054 0.3881376 -0.3880867 -0.8208347 0.4038339 -0.4039165 -0.861844 0.358446 -0.3588056 -0.861844 0.358446 -0.3588056 -0.861844 0.358446 -0.3588056 -0.8437827 0.379628 -0.3793595 -0.8437826 0.379628 -0.3793594 -0.8437826 0.379628 -0.3793594 -0.8833273 0.3315204 -0.3314018 -0.8833273 0.3315204 -0.3314018 -0.8833273 0.3315204 -0.3314019 -0.8660867 0.3534444 -0.3535123 -0.8880383 0.3250728 -0.3251395 -0.9096857 0.2937147 -0.2936047 -0.9088692 0.2949594 -0.294883 -0.9369727 0.247126 -0.2470038 -0.9287407 0.2623402 -0.2619508 -0.9287407 0.2623402 -0.2619508 -0.9561409 0.2070698 -0.2071636 -0.9561409 0.2070698 -0.2071636 -0.9561409 0.2070698 -0.2071636 -0.9463515 0.2285408 -0.228447 -0.9463515 0.2285408 -0.2284471 -0.9463514 0.2285408 -0.228447 -0.9693101 0.1740208 -0.1736516 -0.9693101 0.1740208 -0.1736515 -0.9693101 0.1740208 -0.1736516 -0.9614067 0.1945049 -0.1945894 -0.9822809 0.1325987 -0.132446 -0.973999 0.1601567 -0.1602374 -0.9840191 0.1261341 -0.1256853 -0.9840191 0.1261341 -0.1256853 -0.9840191 0.1261341 -0.1256853 -0.99351 0.08051222 -0.08034819 -0.9916763 0.09103512 -0.0910539 -0.9992761 0.02697497 -0.02682745 -0.9969586 0.05506324 -0.0551508 -0.9996737 0.01792168 -0.01820725 -0.9996737 0.01792168 -0.01820725 -0.9996737 0.01792168 -0.01820725 1.72533e-5 -0.8660223 -0.5000056 1.50028e-5 -0.8660236 -0.5000035 1.5003e-5 0.8660343 -0.4999848 1.72534e-5 0.8660355 -0.4999827 0 0.8660354 0.4999827 -1.72534e-5 0.8660354 0.4999827 -1.03521e-5 0.8660322 0.4999883 -2.07035e-5 0 1 -2.11536e-5 0 1 -1.03519e-5 -0.8660202 0.5000091 0 -0.8660234 0.5000035 -1.72532e-5 -0.8660235 0.5000035 0 -0.5000137 0.8660176 -2.57866e-5 -0.4999926 0.8660297 3.01004e-5 -0.4999892 -0.8660317 0 -0.5000135 -0.8660176 0 0.4999937 -0.8660292 0 0.4999691 -0.8660433 1.80593e-5 0.4999839 -0.8660348 -1.54713e-5 0.4999811 0.8660364 -4.52884e-5 0.4999972 0.8660271 0 0.4999935 0.8660292 -1.5003e-5 0.8660343 0.4999848 -1.72534e-5 0.8660354 0.4999826 -1.76283e-5 -0.8660222 0.5000055 -1.46277e-5 -0.8660236 0.5000035 0 -0.8660234 -0.5000035 1.50028e-5 -0.8660234 -0.5000036 9.00156e-6 -0.8660262 -0.4999986 1.80032e-5 0 -1 1.75531e-5 0 -1 9.00168e-6 0.8660382 -0.499978 0 0.8660354 -0.4999828 1.5003e-5 0.8660354 -0.4999827 0 0.4999811 -0.8660363 3.00994e-5 0.5000054 -0.8660224 -2.58796e-5 0.5000055 0.8660222 0 0.4999845 0.8660345 -4.51484e-5 -0.5000047 0.8660227 0 -0.5000016 0.8660246 -1.55278e-5 -0.4999892 0.8660317 0 -1 9.00149e-7 0 -1 -9.00158e-7 1.80596e-5 -0.4999921 -0.86603 0 -0.5000013 -0.8660247 0 -0.4999772 -0.8660386 0.7069905 -0.01764857 -0.7070029 0.7070032 -0.01762086 -0.7069907 0.7070056 -0.05278849 -0.7052351 0.7069786 -0.05284506 -0.705258 0.706979 -0.08795344 -0.7017443 0.7069878 -0.08793705 -0.7017374 0.7069868 -0.1228386 -0.6964771 0.7070018 -0.1228047 -0.696468 0.7070019 -0.1573527 -0.6894842 0.7070006 -0.157355 -0.689485 0.7070015 -0.1915452 -0.6807785 0.7069927 -0.1915675 -0.6807813 0.7069908 -0.2252274 -0.6704004 0.7070025 -0.2583731 -0.6583244 0.7070006 -0.2252045 -0.6703977 0.7069967 -0.2909109 -0.6446135 0.7069971 -0.2583854 -0.6583253 0.7070022 -0.3226183 -0.6293372 0.7070015 -0.2908974 -0.6446144 0.7069904 -0.3537108 -0.612416 0.7069909 -0.3226445 -0.6293365 0.7070277 -0.3836736 -0.5940594 0.7070283 -0.3536218 -0.6124236 0.7070453 -0.4127917 -0.5741864 0.7070447 -0.3836342 -0.5940646 0.7069883 -0.4409546 -0.5529255 0.7069894 -0.4129246 -0.5741597 0.7070136 -0.4679358 -0.5302527 0.7070131 -0.4408967 -0.5529399 0.7070128 -0.4937756 -0.5062792 0.7070136 -0.4679332 -0.530255 0.7069829 -0.5184489 -0.4810259 0.706984 -0.4938403 -0.5062564 0.7070084 -0.5417701 -0.4545596 0.7070092 -0.5183919 -0.4810487 0.7069919 -0.5418071 -0.4545413 0.7069901 -0.5637516 -0.4270236 0.7070301 -0.563666 -0.4270705 0.7070311 -0.5843448 -0.3983066 0.7070632 -0.5842765 -0.3983498 0.7070642 -0.6033999 -0.3687396 0.7069917 -0.6035423 -0.3686456 0.7069894 -0.6211065 -0.3382201 0.7069969 -0.6210936 -0.338228 0.7069985 -0.6371521 -0.3069047 0.7069919 -0.637164 -0.3068951 0.7069918 -0.6517032 -0.2746735 0.7070106 -0.6516715 -0.2747007 0.7070099 -0.6645317 -0.2419397 0.706983 -0.6645786 -0.2418891 0.7069809 -0.6758269 -0.2084133 0.7069843 -0.6758221 -0.2084174 0.7069828 -0.6853712 -0.1744754 0.7069767 -0.6932197 -0.1401085 0.7069773 -0.6853796 -0.1744649 0.7069815 -0.6993277 -0.1054418 0.7069811 -0.6932135 -0.1401176 0.7069711 -0.7037333 -0.07036501 0.7069724 -0.69934 -0.1054213 0.7069848 -0.7063474 -0.03529626 0.7069839 -0.703718 -0.07039093 0.707001 -0.7072125 0 0.7070265 -0.7063208 -0.03499352 0.7070264 -0.7063208 -0.03499352 0.7070008 -0.7063269 0.03538817 0.7070014 -0.7072122 0 0.706995 -0.7037105 0.07035368 0.7069963 -0.7063309 0.03539884 0.706978 -0.6993311 0.1054427 0.7069784 -0.7037236 0.07038974 0.706992 -0.6993222 0.1054089 0.7069879 -0.6853496 0.1745396 0.7069877 -0.6932087 0.1401075 0.7069911 -0.6932038 0.1401147 0.7069848 -0.6758239 0.20841 0.7069849 -0.685351 0.1745461 0.7069791 -0.6758258 0.2084229 0.7070074 -0.6645346 0.241939 0.7069793 -0.6645829 0.2418885 0.7069884 -0.6517075 0.2746723 0.707006 -0.6516749 0.2747044 0.7069994 -0.6371202 0.3069687 0.7069858 -0.6371451 0.3069485 0.7069901 -0.6034622 0.3687797 0.7069903 -0.6211028 0.3382251 0.7069966 -0.6210914 0.3382327 0.7070049 -0.6034673 0.3687431 0.7070034 -0.5843312 0.398376 0.7069978 -0.5843281 0.3983904 0.7069962 -0.5637468 0.4270198 0.7069755 -0.5637378 0.427066 0.7069772 -0.5417914 0.4545828 0.7069984 -0.5184761 0.4809738 0.7069995 -0.5417426 0.454606 0.7069694 -0.5184524 0.4810421 0.7069687 -0.4937992 0.5063177 0.7069715 -0.4938018 0.5063113 0.7069876 -0.4678809 0.5303358 0.7069702 -0.4679195 0.5303251 0.7069922 -0.4409531 0.5529218 0.7069856 -0.4409679 0.5529184 0.7069869 -0.3837042 0.594088 0.7069879 -0.4128269 0.5742318 0.7069926 -0.4128158 0.5742341 0.7069952 -0.3837144 0.5940716 0.7070015 -0.3226279 0.6293332 0.7070017 -0.3536162 0.6124576 0.7069973 -0.353627 0.6124564 0.7070119 -0.3226438 0.6293133 0.7069728 -0.258383 0.6583522 0.7069728 -0.290911 0.6446397 0.7070119 -0.2908182 0.6446388 0.7069845 -0.2584002 0.658333 0.707002 -0.1915447 0.6807782 0.7070012 -0.2252253 0.6703901 0.7069823 -0.2252714 0.6703947 0.7069774 -0.1914978 0.6808168 0.7069715 -0.1227621 0.6965062 0.7069706 -0.1573711 0.689512 0.7069757 -0.1573613 0.6895092 0.7069931 -0.122807 0.6964763 0.7069909 -0.08795189 0.7017324 0.706992 -0.08794713 0.701732 0.7069758 -0.05287373 0.7052587 0.7069903 -0.05284303 0.7052463 0.7070024 -0.01764822 0.7069909 0.7069786 -0.01769936 0.7070135 0.02357125 0.9827522 -0.1834195 0.08143061 0.9880498 -0.1308686 -0.0116744 0.7381872 -0.6744949 0.04959446 0.7430363 -0.667411 -0.109067 0.7461852 -0.6567436 0.8442692 0.4893192 -0.2185784 0.876407 0.4554777 -0.1563674 0.9041116 0.4235246 -0.05665063 0.8357565 0.4632761 -0.2947647 0.8150583 0.5284134 -0.237612 0.8047488 0.5384926 -0.2498103 0.7931914 0.5592983 -0.2409001 0.7931914 0.5592982 -0.2409 0.7931914 0.5592983 -0.2409002 0.785975 0.5690455 -0.2417238 0.7774764 0.57678 -0.2507099 0.7774763 0.57678 -0.2507098 0.7774763 0.57678 -0.2507098 0.7645063 0.5972707 -0.2424827 0.7645063 0.5972707 -0.2424827 0.7645063 0.5972707 -0.2424827 0.2186704 0.952378 -0.2125076 0.169436 0.9621405 -0.2134882 0.169436 0.9621405 -0.2134883 0.169436 0.9621405 -0.2134883 0.1753266 0.961461 -0.2117865 0.1753266 0.9614608 -0.2117866 0.1753266 0.961461 -0.2117866 0.1533244 0.9663021 -0.2067657 0.2114751 0.9444069 -0.251742 0.1203446 0.9708887 -0.207105 0.05456691 0.9726757 -0.2256649 0.05889993 0.9769229 -0.2053103 0.1300376 0.9701069 -0.2048974 0.05551564 0.9829211 -0.1754546 0.15132 0.9643566 -0.2170688 0.15132 0.9643565 -0.2170687 0.1335173 0.9733492 -0.1864529 0.1335173 0.9733491 -0.1864529 0.1335173 0.9733492 -0.1864529 0.1925826 0.9524253 -0.2362164 0.1711411 0.9570893 -0.2338606 0.171141 0.9570893 -0.2338606 0.1711411 0.9570893 -0.2338606 0.451869 0.6879423 -0.5679347 0.4280731 0.6359876 -0.6420851 0.07997268 0.8750449 -0.4773897 0.07297104 0.893018 -0.4440656 0.2709459 0.8272316 -0.4922157 0.06906241 0.8558942 -0.5125189 0.07191556 0.8685935 -0.490279 0.2075664 0.8104792 -0.5477588 0.07300382 0.8571044 -0.5099437 0.06065684 0.8338939 -0.5485817 0.06166237 0.8480444 -0.5263256 0.06166237 0.8480443 -0.5263255 0.06166237 0.8480443 -0.5263255 0.1960043 0.8013394 -0.5651881 0.09861755 0.6991014 -0.7081891 0.225065 0.6670773 -0.7101786 0.08769792 0.7812972 -0.6179677 0.03455203 0.827268 -0.560744 0.02959626 0.7859088 -0.6176338 0.0514813 0.8082706 -0.5865565 0.6564559 0.7222458 -0.2177767 0.6564559 0.7222458 -0.2177768 0.6885924 0.6831151 -0.2432988 0.7302992 0.6552684 -0.1930969 0.7725538 0.6314669 -0.06641107 0.7194436 0.6418157 -0.2654686 0.7825248 0.4989601 -0.3724161 0.7825249 0.4989602 -0.372416 0.7825248 0.4989601 -0.372416 0.7766115 0.530181 -0.340269 0.6857355 0.6111674 -0.3952738 0.6807774 0.6065371 -0.4106764 0.7306947 0.5195884 -0.4428468 0.7721318 0.525698 -0.3570075 0.7721317 0.525698 -0.3570075 0.6636402 0.6204144 -0.4179326 0.6233486 0.6364587 -0.4542654 0.6831827 0.6236449 -0.3799061 0.3593471 0.9042518 -0.2306481 0.2714736 0.9449753 -0.1825484 0.3130214 0.9225619 -0.2256042 0.3130213 0.9225619 -0.2256042 0.3130214 0.922562 -0.2256042 0.3524752 0.9266145 -0.1309455 0.3524754 0.9266146 -0.1309455 0.3524753 0.9266145 -0.1309455 0.2701203 0.9460468 -0.1789709 0.235984 0.9258604 -0.2951171 0.3385329 0.914227 -0.222676 0.2807996 0.9258489 -0.2528941 0.5785986 0.7056109 -0.4090685 0.5785986 0.7056109 -0.4090684 0.5785986 0.7056109 -0.4090685 0.493485 0.7773687 -0.3900907 0.5486259 0.6990336 -0.4586521 0.4014663 0.8533077 -0.3327022 0.09284943 0.9519858 -0.2917226 0.09284943 0.9519858 -0.2917226 0.09284943 0.9519858 -0.2917225 0.150173 0.9600534 -0.2361055 0.04847848 0.9664493 -0.2522411 0.04851102 0.9715529 -0.231801 0.1176919 0.9763512 -0.1813482 0.117692 0.9763511 -0.1813483 0.1176918 0.9763512 -0.1813481 0.2768316 0.8920634 -0.3571934 0.2783026 0.8885276 -0.3647829 0.2759806 0.8819808 -0.3820267 0.4719602 0.6659396 -0.5777353 0.5749328 0.5932996 -0.5634251 0.6195884 0.5908337 -0.5167454 0.06208348 0.9560739 -0.2864757 0.0545029 0.9661237 -0.2522588 0.2691872 0.8788173 -0.3939778 0.2660486 0.8761125 -0.4020514 0.2660486 0.8761125 -0.4020513 0.3701405 0.8355993 -0.4059187 0.3701405 0.8355993 -0.4059188 0.3701406 0.8355993 -0.4059188 0.2665443 0.8769754 -0.3998355 0.05846804 0.9539468 -0.294223 0.3681615 0.8315267 -0.4159572 0.2595638 0.8744157 -0.4099071 0.2595638 0.8744157 -0.4099071 0.5110448 0.6652585 -0.5443018 0.5128785 0.7119008 -0.4797425 0.4889779 0.7125606 -0.5031482 0.4046567 0.7687321 -0.4952818 0.2557848 0.871362 -0.4186915 0.2557848 0.871362 -0.4186915 0.2557848 0.871362 -0.4186915 0.3642529 0.8285173 -0.4252989 0.3642528 0.8285173 -0.4252988 0.256001 0.8717897 -0.4176679 0.05935001 0.9460969 -0.3183994 0.05700051 0.9492096 -0.3094387 0.1723317 0.9244002 -0.3402737 0.168145 0.9223629 -0.3478132 0.05735975 0.9450199 -0.3219432 0.05735975 0.9450199 -0.3219432 0.05735975 0.9450199 -0.3219432 0.1673244 0.9208072 -0.3523019 0.379569 0.7685735 -0.5149971 0.3579847 0.8264423 -0.4345576 0.3579846 0.8264423 -0.4345576 0.3579847 0.8264422 -0.4345576 0.2489044 0.8692494 -0.4271444 0.2489043 0.8692494 -0.4271444 0.2452556 0.8660216 -0.4357253 0.3728277 0.8280858 -0.4186568 0.2580851 0.8680309 -0.4241633 0.05478537 0.9430173 -0.3282026 0.05478549 0.9430174 -0.3282026 0.05478549 0.9430173 -0.3282026 0.1626046 0.9174399 -0.3631307 0.1643797 0.918302 -0.36014 0.1643797 0.9183019 -0.3601401 0.1643797 0.9183019 -0.36014 0.05276948 0.9384458 -0.3413723 0.05600327 0.9338375 -0.3532861 0.1565081 0.9117329 -0.3798006 0.1608856 0.9134941 -0.3736902 0.05435055 0.9331459 -0.3553655 0.1553362 0.9089076 -0.3869855 0.1553362 0.9089075 -0.3869854 0.1553362 0.9089075 -0.3869854 0.05077701 0.9301337 -0.3636937 0.05077701 0.9301337 -0.3636937 0.05077707 0.9301337 -0.3636937 0.1502757 0.9054725 -0.3969092 0.1515022 0.9059787 -0.3952844 0.05188798 0.9202777 -0.3878101 0.1436156 0.8987534 -0.4142668 0.04861295 0.9253554 -0.375971 0.1481283 0.9005816 -0.4086697 0.3786705 0.7209984 -0.5803191 0.4049109 0.7211174 -0.5621715 0.3396397 0.7607906 -0.5530305 0.03688716 0.907746 -0.4178956 0.1581664 0.9084283 -0.3869644 0.04996526 0.9194763 -0.3899575 0.1425891 0.8954226 -0.4217663 0.1425891 0.8954226 -0.4217663 0.1772751 0.776286 -0.604941 0.2273904 0.7311309 -0.6432273 0.3278225 0.7360747 -0.5922217 0.2643584 0.7344154 -0.625099 0.09583711 0.7744394 -0.6253471 0.1710101 0.7950623 -0.5819206 0.2906926 0.685415 -0.6676108 0.7197124 0.6269205 -0.2983031 0.7707145 0.604314 -0.2019991 0.7707145 0.604314 -0.2019991 0.7707146 0.6043139 -0.2019991 0.8092646 0.5836495 -0.06666517 0.8092645 0.5836495 -0.06666517 0.8092646 0.5836495 -0.06666517 0.7915885 0.5940158 -0.1432933 0.7915886 0.5940157 -0.1432933 0.7915884 0.5940159 -0.1432933 0.6676368 0.6772724 -0.3091331 0.7301412 0.6038042 -0.3198665 0.7301411 0.6038041 -0.3198665 0.4133684 0.8935282 -0.1753114 0.4491072 0.8612211 -0.2379097 0.4991011 0.843842 -0.1970508 0.5548027 0.8303298 -0.05240684 0.5548028 0.8303297 -0.05240684 0.5548027 0.8303299 -0.05240684 0.4159554 0.8884079 -0.1941974 0.4214548 0.889163 -0.178228 0.4270692 0.8588317 -0.282878 0.5006749 0.8029155 -0.3234988 0.4243074 0.8585505 -0.2878443 0.4827057 0.8146198 -0.321543 0.5695155 0.7679111 -0.2931972 0.462778 0.8241939 -0.3264065 0.4051677 0.8420378 -0.3561059 0.1755359 0.9593878 -0.2208215 0.2104068 0.9429205 -0.2581279 0.2104068 0.9429205 -0.2581279 0.1912907 0.9510721 -0.2426311 0.2864232 0.9158108 -0.2815181 0.4930913 0.7955219 -0.352145 0.4930913 0.7955219 -0.3521449 0.4930913 0.7955219 -0.3521449 0.4731359 0.8047263 -0.3585502 0.3894211 0.8521603 -0.3495339 0.3919008 0.8369901 -0.3819179 0.453935 0.8149734 -0.3602241 0.2813984 0.9096074 -0.3056625 0.2805082 0.909479 -0.3068602 0.1662096 0.9488845 -0.2683144 0.1734218 0.9371784 -0.3026906 0.4870658 0.7780143 -0.3968133 0.4870657 0.7780144 -0.3968133 0.4870658 0.7780144 -0.3968133 0.3851626 0.8366281 -0.389491 0.4753371 0.7688069 -0.4277741 0.475337 0.7688069 -0.4277741 0.3817858 0.8340389 -0.39827 0.3701766 0.8292729 -0.4186597 0.4764419 0.7739527 -0.4171336 0.1786596 0.9381144 -0.2966855 0.2852842 0.8990792 -0.3320687 0.2852843 0.8990792 -0.3320688 0.2794948 0.8924741 -0.35408 0.1721854 0.9306324 -0.3229172 0.1746124 0.9313858 -0.3194231 0.1746124 0.9313858 -0.3194231 0.1746124 0.9313857 -0.3194231 0.2105896 0.8261449 -0.522625 0.2007361 0.8164811 -0.5413537 0.2055437 0.8244119 -0.5273491 0.3242024 0.7919964 -0.5173342 0.3054066 0.76104 -0.5723155 0.729959 0.578998 -0.3632098 0.8307861 0.4863802 -0.2706084 0.7490397 0.5876399 -0.305972 0.7974228 0.530633 -0.2873075 0.8315954 0.4867048 -0.2675215 0.748364 0.5952547 -0.2926145 0.5232634 0.8338807 -0.1756087 0.6541885 0.7255018 -0.2137394 0.5756959 0.7810296 -0.2420067 0.614399 0.7498579 -0.2454119 0.614399 0.7498579 -0.245412 0.614399 0.7498579 -0.2454119 0.5676444 0.7920969 -0.2244157 0.6518862 0.6769395 -0.3417565 0.5257666 0.786583 -0.3238157 0.6550269 0.7254852 -0.2112132 0.6394592 0.6699186 -0.3772281 0.5528681 0.7554609 -0.3515904 0.5528681 0.7554609 -0.3515903 0.5528681 0.7554609 -0.3515904 0.6672034 0.6828031 -0.2976906 0.5528764 0.7538974 -0.3549174 0.5528764 0.7538974 -0.3549174 0.5528764 0.7538975 -0.3549174 0.6140701 0.7112449 -0.3421238 0.4875183 0.7732115 -0.4055488 0.5111929 0.7879819 -0.3431711 0.5838496 0.7106302 -0.392587 0.5413329 0.7493289 -0.3813987 0.5871566 0.6944937 -0.4158433 0.8919896 0.4022436 0.2062879 0.8919897 0.4022436 0.2062879 0.8919897 0.4022436 0.2062879 0.8964606 0.4008306 0.1889267 0.8964607 0.4008306 0.1889267 0.8927781 0.4033067 -0.2007262 0.02590632 0.9854758 0.1678283 0.0135594 0.9887472 0.1489804 0.02607685 0.9856616 -0.1667067 0.6384401 0.7695819 0.01174956 0.6384401 0.7695819 0.01174956 0.6384401 0.7695819 0.0117495 0.6380464 0.7699072 0.0118311 0.6380463 0.7699071 0.01183116 0.6380463 0.7699071 0.0118311 0.6402131 0.7681376 0.009586393 0.6440245 0.7649964 0.003641545 0.6493541 0.7604349 -0.008848011 0.6493541 0.7604349 -0.008848011 0.6493541 0.7604349 -0.008848011 0.654815 0.7547098 -0.04037904 0.6548151 0.7547097 -0.04037904 0.654815 0.7547098 -0.04037904 0.8738858 0.4521343 0.1786006 0.9065033 0.3973025 0.1428381 0.9065032 0.3973024 0.142838 0.9065033 0.3973025 0.1428381 0.9033198 0.3955729 0.165938 0.9033198 0.3955729 0.165938 0.9033198 0.3955729 0.165938 0.9032714 0.3949172 0.1677533 0.883568 0.4399094 0.1605849 0.8745235 0.4291247 0.225966 0.8466959 0.4926588 0.2009809 0.846696 0.4926588 0.2009809 0.8466959 0.4926588 0.2009809 0.9296299 0.3557849 0.09594511 0.9294865 0.3568415 0.09337538 0.9294865 0.3568415 0.09337538 0.9294865 0.3568415 0.09337538 0.9022925 0.4304423 0.02424538 0.9022925 0.4304423 0.02424538 0.9022925 0.4304423 0.02424538 0.9197484 0.3849827 0.07649523 0.8585864 0.5123828 -0.01712554 0.8827742 0.4649593 0.06725192 0.8958338 0.4418548 0.04739379 0.8958337 0.4418548 0.04739379 0.8958339 0.4418549 0.04739379 0.9258696 0.3778222 0.004001259 0.9382638 0.3384999 0.07126688 0.9385018 0.3371391 0.07450968 0.9069821 0.4197055 0.03508496 0.9069821 0.4197056 0.0350849 0.9069821 0.4197056 0.0350849 0.9340151 0.3572259 -0.002378821 0.9056547 0.4225539 0.03518247 0.9056548 0.4225537 0.03518283 0.9056547 0.4225538 0.03518241 0.9343153 0.3564479 9.3119e-5 0.9067569 0.4202216 0.03472632 0.9067568 0.4202218 0.03472608 0.9067568 0.4202216 0.03472638 0.8896232 0.4525497 0.061396 0.8728752 0.4874886 -0.02106487 0.8877077 0.457493 0.05172264 0.916319 0.3997035 0.02443033 0.9163189 0.3997036 0.02443027 0.916319 0.3997035 0.02443039 0.9447286 0.3235784 0.05277341 0.9447286 0.3235784 0.05277341 0.9447286 0.3235784 0.05277341 0.9450628 0.3219307 0.05671966 0.9333881 0.3588196 -0.005946755 0.9161232 0.4002283 0.02314633 0.9161232 0.4002283 0.02314639 0.9161232 0.4002283 0.02314639 0.9416012 0.3367161 -0.003086268 0.946177 0.3203202 0.04630398 0.9441752 0.3294165 -0.004258453 0.9441751 0.3294165 -0.004258453 0.9441752 0.3294166 -0.004258394 0.9174594 0.3973331 0.01986902 0.9174596 0.3973329 0.01987004 0.9174595 0.397333 0.01986956 0.8934503 0.4464533 0.04925572 0.8846491 0.4658246 -0.0200892 0.884649 0.4658245 -0.0200892 0.884649 0.4658246 -0.0200892 0.8919413 0.4505916 0.03752547 0.9187511 0.3944563 0.01734411 0.9187511 0.3944562 0.01734435 0.9187511 0.3944562 0.01734441 0.9436372 0.3308231 -0.01024591 0.9491702 0.3132317 0.03101611 0.9491702 0.3132317 0.03101611 0.9494168 0.3118078 0.03719955 0.9494168 0.3118077 0.03719949 0.9494168 0.3118078 0.03719955 0.8963792 0.4416223 0.03839665 0.9493138 0.3142794 -0.00565207 0.9210594 0.3891652 0.01414573 0.9210593 0.3891655 0.01414602 0.9210593 0.3891655 0.01414465 0.8921449 0.451544 -0.01362597 0.8921449 0.451544 -0.01362597 0.8921449 0.451544 -0.01362597 0.8951184 0.4450896 0.02566009 0.8951185 0.4450895 0.02566009 0.8951184 0.4450895 0.02566009 0.9492148 0.314527 -0.008018255 0.9517072 0.3064215 0.01896041 0.9517997 0.3057932 0.02383357 0.9517997 0.3057932 0.02383363 0.9517996 0.3057931 0.02383357 0.9246315 0.3806727 0.01204216 0.9246315 0.3806723 0.01204234 0.9246314 0.380673 0.01204091 0.897938 0.4393345 0.02631849 0.9295568 0.3686321 0.005886852 0.9295571 0.3686314 0.005888104 0.9295569 0.3686318 0.005887508 0.9515418 0.3074927 -0.004068076 0.9515376 0.3075059 -0.004065811 0.9515376 0.3075058 -0.004065811 0.8972126 0.4413103 0.01596248 0.9515989 0.3073278 -0.003042161 0.9523057 0.3048601 0.01319837 0.7340477 0.6598399 0.1605784 0.7748211 0.6289815 0.063519 0.9525469 0.304385 -0.002085924 0.8966726 0.4426606 -0.00546348 0.897017 0.441833 0.01201778 0.8980839 0.4396743 0.0114777 0.898084 0.4396743 0.0114777 0.898084 0.4396743 0.0114777 0.9529684 0.3029878 0.007058858 0.9529684 0.3029878 0.007058858 0.9529684 0.3029877 0.007058799 0.9525098 0.304462 -0.005299091 0.9525098 0.304462 -0.005299091 0.9525098 0.304462 -0.005299091 0.8978307 0.4403105 0.005161046 0.8978307 0.4403106 0.005161106 0.8978307 0.4403106 0.005161106 0.9531127 0.3026152 4.81848e-4 0.9530798 0.3027158 -0.001524806 0.6991732 0.6954938 0.1656662 0.7597446 0.6473056 0.06151306 0.7597446 0.6473056 0.06151306 0.7597446 0.6473056 0.06151312 0.7379223 0.6561084 0.1580905 0.7440311 0.6643888 0.0707482 0.9531238 0.3025807 1.35912e-4 0.9531238 0.3025807 1.35898e-4 0.9531238 0.3025806 1.35913e-4 0.8977658 0.4404729 5.25592e-4 0.8977658 0.440473 5.25588e-4 0.8977658 0.4404729 5.25581e-4 0.8973265 0.4413487 0.004071354 0.8977026 0.4405839 -0.00397849 0.8977027 0.440584 -0.00397849 0.8977026 0.4405839 -0.00397849 0.9530009 0.3029134 -0.00573647 0.9531274 0.3025685 8.22951e-4 0.9531273 0.3025686 8.22949e-4 0.9531273 0.3025684 8.22947e-4 0.7228421 0.6748374 0.1486399 0.72514 0.6847231 0.07298094 0.72514 0.6847231 0.07298088 0.7251401 0.6847231 0.07298088 0.9525932 0.3042209 0.004003465 0.9525932 0.3042209 0.004003405 0.9525932 0.3042209 0.004003465 0.8971884 0.4415251 -0.01043057 0.8971883 0.4415252 -0.01043057 0.8971883 0.4415252 -0.01043057 0.9524451 0.3044468 -0.01267707 0.9526481 0.3040664 0.002341449 0.9526481 0.3040664 0.002341449 0.952648 0.3040664 0.002341449 0.8971912 0.4415123 -0.01073187 0.8971911 0.4415122 -0.01073187 0.8971911 0.4415122 -0.01073187 0.9518138 0.3066613 0.003059446 0.9518138 0.3066613 0.003059446 0.9518138 0.3066614 0.003059446 0.9520352 0.3053923 -0.01909309 0.7042686 0.6917575 0.1596164 0.6632093 0.7298332 0.165822 0.7433264 0.6669224 0.05177217 0.7433265 0.6669223 0.05177205 0.7433265 0.6669224 0.05177217 0.706607 0.7029258 0.08125215 0.893455 0.4489844 0.01230239 0.9310891 0.3647482 -0.005643665 0.9310892 0.364748 -0.005643129 0.9310892 0.364748 -0.00564444 0.897723 0.4400777 -0.02061861 0.9151495 0.4029818 -0.01035624 0.9151693 0.4029368 -0.010356 0.9151103 0.4030706 -0.01035678 0.8959348 0.4436384 -0.0220431 0.8959348 0.4436383 -0.0220431 0.8959348 0.4436384 -0.0220431 0.9499716 0.3122426 0.007644712 0.9499716 0.3122426 0.007644772 0.9499716 0.3122426 0.007644712 0.727617 0.6836925 0.056019 0.685009 0.7237125 0.08368414 0.685009 0.7237125 0.0836842 0.6850089 0.7237125 0.08368414 0.9507178 0.3086473 -0.02953988 0.9506077 0.3093047 -0.02599358 0.9506077 0.3093048 -0.02599358 0.9506077 0.3093047 -0.02599358 0.9501931 0.311639 0.003775537 0.8890946 0.4573538 0.01839858 0.8890946 0.4573538 0.01839858 0.8890945 0.4573538 0.01839858 0.9235085 0.3834648 -0.009316504 0.9235084 0.383465 -0.009316444 0.9235086 0.3834649 -0.009316265 0.8968082 0.4411899 -0.0329613 0.9470574 0.320896 0.01040762 0.8940227 0.4469834 -0.03048539 0.8940227 0.4469835 -0.03048539 0.8940227 0.4469835 -0.03048539 0.9205064 0.3904721 -0.01412624 0.9205064 0.390472 -0.01412647 0.9205064 0.3904722 -0.01412665 0.6440364 0.7611963 0.0761407 0.6757937 0.7367475 0.02249884 0.6757937 0.7367475 0.02249884 0.6757936 0.7367476 0.02249884 0.582324 0.7886967 0.1971201 0.6251554 0.7619119 0.1693254 0.7058258 0.7060939 0.05693405 0.7147799 0.697372 0.05255627 0.6775402 0.7186016 0.1566877 0.675379 0.7334569 0.07684004 0.675379 0.7334569 0.07683998 0.675379 0.7334569 0.07683998 0.9474546 0.3198571 0.004633128 0.9484085 0.3143927 -0.04097115 0.9484085 0.3143927 -0.04097121 0.9484085 0.3143926 -0.04097115 0.9482268 0.315593 -0.03559869 0.8828403 0.4691669 0.02180558 0.8949969 0.4442144 -0.04067349 0.8949968 0.4442143 -0.04067349 0.8949969 0.4442143 -0.04067349 0.9197993 0.392085 -0.0154525 0.9197992 0.3920854 -0.01545381 0.9197992 0.3920851 -0.01545333 0.9423209 0.3346094 0.008246958 0.9206095 0.3900541 -0.01833218 0.9206094 0.3900542 -0.01833206 0.9206095 0.3900542 -0.018332 0.944898 0.3223866 -0.0568751 0.944898 0.3223866 -0.0568751 0.944898 0.3223866 -0.0568751 0.944572 0.3241958 -0.05177742 0.944572 0.3241958 -0.05177742 0.944572 0.3241958 -0.05177742 0.9426715 0.3336914 0.004547119 0.8712071 0.4903998 0.02250051 0.8712071 0.4903998 0.02250051 0.8928077 0.4476621 -0.0499311 0.9142875 0.4043751 -0.02364808 0.9142876 0.4043751 -0.02364844 0.9142875 0.404375 -0.02364873 0.9184925 0.3949066 -0.02049922 0.9184926 0.3949065 -0.02049916 0.9184926 0.3949066 -0.02049922 0.9332457 0.35916 0.007525861 0.9332457 0.35916 0.007525861 0.9332457 0.3591599 0.007525861 0.9150792 0.4025724 -0.0237841 0.9150792 0.4025723 -0.02378422 0.9150791 0.4025724 -0.02378392 0.9341177 0.3569642 7.66542e-4 0.9378226 0.3386092 -0.07637172 0.9375473 0.3401218 -0.07295322 0.9375474 0.3401218 -0.07295322 0.9375474 0.3401218 -0.07295322 0.9339815 0.3573114 0.002690494 0.9339815 0.3573114 0.002690494 0.9339815 0.3573114 0.002690494 0.8561581 0.5163466 0.01947867 0.8561581 0.5163466 0.01947861 0.904985 0.4239573 -0.03553104 0.9049851 0.4239572 -0.0355311 0.904985 0.4239572 -0.03553098 0.8869703 0.4577162 -0.0614804 0.9046028 0.4246404 -0.03707438 0.9046028 0.4246404 -0.03707432 0.9046028 0.4246404 -0.03707438 0.9079362 0.4179573 -0.03104466 0.9079362 0.4179572 -0.03104472 0.9079362 0.4179572 -0.03104466 0.6126763 0.7727366 0.1658493 0.5452794 0.8219201 0.1646746 0.6183153 0.7835818 0.06071114 0.5522683 0.8178025 0.1618608 0.5563946 0.8267397 0.08322656 0.904818 0.424252 -0.03625577 0.9048181 0.4242522 -0.03625571 0.904818 0.4242521 -0.03625565 0.9283311 0.3592031 -0.09578329 0.9250292 0.3798751 -0.003981292 0.9284136 0.358367 -0.09808778 0.8952616 0.4428849 -0.04857766 0.8952615 0.4428851 -0.04857754 0.8952615 0.4428851 -0.04857754 0.8805857 0.4689058 -0.06853008 0.9006437 0.4338867 -0.02415364 0.9006437 0.4338867 -0.02415359 0.9006437 0.4338867 -0.02415359 0.5030658 0.8485243 0.1641081 0.5030658 0.8485243 0.164108 0.5030658 0.8485243 0.1641081 0.5337995 0.8402234 0.09530365 0.5298108 0.8317586 0.1657652 0.5066806 0.8465967 0.1629384 0.4596306 0.872968 0.1632997 0.4834073 0.859551 0.1657994 0.3658828 0.9117549 0.1866358 0.4144886 0.8947152 0.1663851 0.4596249 0.8729846 0.1632265 0.4596249 0.8729846 0.1632265 0.905057 0.3974654 -0.151305 0.9083136 0.3951849 -0.1370961 0.9083136 0.3951849 -0.1370961 0.9078378 0.4010623 -0.1223912 0.9078378 0.4010623 -0.1223912 0.9078378 0.4010624 -0.1223912 0.8986522 0.4025056 -0.1743951 0.8981097 0.3994021 -0.1840574 0.8735811 0.4516288 -0.1813498 0.9191906 0.3861024 -0.07754731 0.8736814 0.4291675 -0.2291207 0.8736813 0.4291675 -0.2291207 0.8736813 0.4291676 -0.2291207 0.8834 0.4407602 -0.1591699 0.8833999 0.4407601 -0.1591699 0.8838291 0.4393781 -0.160602 0.8077428 0.5208483 -0.2761681 0.8077428 0.5208483 -0.2761682 0.8077428 0.5208483 -0.2761681 0.8468607 0.4923483 -0.2010479 0.7884767 0.6117984 -0.06330245 0.7670726 0.6224545 -0.1554028 0.7974117 0.5829302 -0.1559716 0.7749819 0.6287891 -0.06346219 0.7712383 0.6331883 -0.06530267 0.7628684 0.6270058 -0.1577835 0.7340192 0.6598914 -0.1604965 0.7344838 0.6781707 0.02486401 0.7256348 0.6880782 0.001638829 0.7256348 0.6880782 0.001638829 0.7256348 0.6880782 0.001638829 0.7168692 0.6970653 -0.01409327 0.7168692 0.6970653 -0.01409327 0.7168692 0.6970653 -0.01409333 0.7082102 0.705545 -0.02539134 0.7082102 0.705545 -0.02539134 0.7082102 0.705545 -0.02539134 0.7008247 0.712547 -0.03348922 0.7008247 0.712547 -0.03348916 0.7008247 0.712547 -0.03348916 0.6925119 0.7205533 -0.0350753 0.6925119 0.7205533 -0.0350753 0.6925119 0.7205533 -0.0350753 0.6845917 0.7279142 -0.03840732 0.6782699 0.7337212 -0.04003924 0.6782699 0.7337213 -0.04003924 0.6782699 0.7337213 -0.0400393 0.6614761 0.7499081 0.009333014 0.6614762 0.7499083 0.009333074 0.6614762 0.7499081 0.009333014 0.6685386 0.7417811 -0.05307418 0.6685386 0.7417811 -0.05307412 0.6685386 0.7417812 -0.05307412 0.7628993 0.6439999 -0.05699855 0.7628993 0.6439999 -0.05699861 0.7628993 0.6439999 -0.05699855 0.7413576 0.6673232 -0.0711947 0.73537 0.6585966 -0.1596291 0.6993851 0.6958212 -0.1633816 0.752889 0.6554429 -0.0596041 0.6957986 0.7134464 -0.0828166 0.719821 0.689712 -0.07845425 0.6439316 0.7640183 -0.04035079 0.6668143 0.7284339 -0.1572985 0.7191511 0.6782865 -0.1508282 0.6185231 0.7541772 -0.2205588 0.6614576 0.7277018 -0.18145 0.1273128 0.978814 0.1603578 0.1745921 0.968595 0.1770347 0.1303629 0.9819563 0.1369947 0.1303629 0.9819563 0.1369947 0.05290716 0.989718 0.1328876 0.05290722 0.989718 0.1328876 0.05290716 0.989718 0.1328876 0.07741451 0.9843741 0.1581605 0.1121568 0.9803696 0.1621614 0.1121568 0.9803696 0.1621614 0.1121568 0.9803696 0.1621614 0.04057103 0.9846618 0.1696912 0.06535142 0.9922336 0.1058386 0.06153839 0.9847748 0.1625778 0.1403016 0.9814573 0.130603 0.1403017 0.9814573 0.1306031 0.1403017 0.9814573 0.1306031 0.114595 0.9848568 0.130097 0.114595 0.9848567 0.130097 0.1145949 0.9848567 0.130097 0.532369 0.8354341 -0.1365033 0.5013461 0.8462981 -0.1800881 0.5422089 0.8185694 -0.1896144 0.578101 0.7838393 -0.2267054 0.4973267 0.8483177 -0.1817232 0.4973267 0.8483177 -0.1817232 0.4973267 0.8483176 -0.1817232 0.4984225 0.8499772 -0.170628 0.4984225 0.8499772 -0.170628 0.4735789 0.8614666 -0.1832986 0.4735789 0.8614667 -0.1832985 0.473579 0.8614666 -0.1832985 0.4576502 0.8709293 -0.1789936 0.4507561 0.8740409 -0.1813055 0.3072772 0.9148783 -0.2618751 0.3626495 0.9081694 -0.2090788 0.4124879 0.8926117 -0.1819288 0.3985099 0.9069842 -0.13627 0.2784093 0.9511166 -0.133662 0.2784093 0.9511166 -0.1336619 0.2784093 0.9511166 -0.133662 0.1897123 0.9705635 -0.1483766 0.2236991 0.9585425 -0.176508 0.2236991 0.9585425 -0.176508 0.2236991 0.9585425 -0.176508 0.0597561 0.9941778 -0.08966523 0.1281444 0.9824919 -0.1352362 0.1407024 0.9819663 -0.126274 0.1407024 0.9819663 -0.1262741 0.1407024 0.9819663 -0.126274 0.1752105 0.9692665 -0.172696 0.05236357 0.9901923 -0.1295279 0.04874211 0.9928316 -0.1091321 0.1152174 0.9853863 -0.125455 0.1152175 0.9853862 -0.125455 0.1152174 0.9853862 -0.125455 0.07680308 0.9854221 -0.1518042 0.07680314 0.9854222 -0.1518042 0.07680314 0.9854222 -0.1518042 0.04970812 0.9874713 -0.1497651 0.03308469 0.9838539 -0.1758888 0.05108112 0.9897432 -0.1334137 0.1011275 0.9836389 -0.14909 0.1142383 0.9839664 -0.1369662 0.1142383 0.9839665 -0.1369662 0.07746404 0.9840183 -0.160335 0.07746404 0.9840183 -0.160335 0.07746404 0.9840183 -0.160335 0.1264458 0.9779241 -0.1663615 0.8556337 0.4845358 0.1819784 0.8556337 0.4845358 0.1819784 0.8556337 0.4845358 0.1819784 0.7591906 0.6128084 0.2193069 0.7951281 0.5797734 0.1778599 0.8250882 0.5405896 0.1642937 0.7954039 0.5860351 0.1545813 0.8504321 0.5153785 0.1055944 0.8204235 0.5698024 0.04723078 0.7902119 0.6029955 0.109369 0.8570395 0.5068311 0.09276711 0.868373 0.4944236 0.03838837 0.8040899 0.5925172 0.0486108 0.7900126 0.6121129 0.03461307 0.8010106 0.5971271 0.04267859 0.8121548 0.5815656 0.04675632 0.8121548 0.5815656 0.04675632 0.8209455 0.5693582 -0.04335731 0.8209455 0.5693582 -0.04335743 0.8209455 0.5693582 -0.04335731 0.8159422 0.5766274 -0.04170519 0.8159422 0.5766274 -0.04170531 0.8159422 0.5766274 -0.04170519 0.8067248 0.5897483 -0.03731018 0.8712939 0.4883497 -0.04859721 0.8216122 0.5678093 -0.05045849 0.864331 0.4901632 -0.1125708 0.7939634 0.5882787 -0.1534616 0.8581404 0.5028898 -0.1034259 0.3697052 0.9107769 0.183858 0.2238861 0.9583206 0.1774736 0.2746509 0.9477783 0.1621209 0.2746509 0.9477783 0.1621209 0.2746509 0.9477783 0.1621209 0.322089 0.932438 0.163762 0.2213056 0.9586275 0.1790449 0.3813172 0.9206236 0.08396011 0.5292156 0.8427435 0.09856253 0.5106657 0.8552213 0.08841449 0.4877932 0.8692075 0.08084809 0.4638028 0.8825016 0.07796186 0.4638028 0.8825016 0.0779618 0.4638028 0.8825016 0.07796186 0.3813129 0.9206257 0.08395814 0.3847001 0.9222006 0.03939515 0.5342465 0.8446819 0.03306525 0.385917 0.9212882 0.0479198 0.534049 0.8449997 0.02769964 0.3857628 0.9217256 0.04011589 0.3857628 0.9217256 0.04011589 0.3857628 0.9217255 0.04011589 0.386627 0.9218685 0.0260418 0.3900543 0.9207763 -0.005376994 0.3899258 0.9196252 0.04740846 0.3899258 0.9196251 0.04740846 0.3899258 0.9196251 0.04740846 0.5308928 0.8474216 0.005440354 0.401584 0.9158181 -0.00276035 0.4015839 0.9158182 -0.002760291 0.401584 0.9158181 -0.002760291 0.5559105 0.8311589 -0.01176321 0.5598305 0.8273256 0.04606807 0.5282489 0.8490836 -0.00323385 0.401238 0.9154774 0.0301522 0.4021097 0.9155721 0.005971133 0.4021097 0.9155721 0.005971133 0.4021097 0.9155721 0.005971193 0.5561723 0.8310664 -0.001034677 0.5561723 0.8310665 -0.001034677 0.5561723 0.8310665 -0.001034677 0.5564651 0.8308656 0.003009736 0.5564651 0.8308656 0.003009736 0.5564652 0.8308656 0.003009676 0.5556898 0.8313754 -0.004893898 0.5556898 0.8313754 -0.004893839 0.5556898 0.8313754 -0.004893839 0.4019398 0.9156633 0.002266764 0.4019398 0.9156634 0.002266764 0.4019398 0.9156634 0.002266705 0.4021027 0.9155736 -0.006198704 0.4021193 0.9155653 -0.006363868 0.4021193 0.9155653 -0.006363809 0.4021193 0.9155652 -0.006363809 0.4034457 0.9149109 0.01301932 0.4688842 0.8832437 -0.00530976 0.4688842 0.8832438 -0.00530976 0.4688842 0.8832437 -0.00530982 0.401668 0.9146389 -0.04580914 0.3883668 0.9212303 -0.02249771 0.07397544 0.9943757 0.0757938 0.2323805 0.9682273 0.0923866 0.2265436 0.9702327 0.0855956 0.06073164 0.9933694 0.09761714 0.06073158 0.9933693 0.09761714 0.06073158 0.9933693 0.09761714 0.1424821 0.9858371 0.08845359 0.3838528 0.9201003 -0.07792574 0.3796749 0.9233047 -0.05792677 0.3796749 0.9233047 -0.05792671 0.3796749 0.9233047 -0.05792677 0.07762229 0.9959097 0.04624539 0.0761702 0.9958103 0.0505957 0.2296587 0.9721224 0.04727399 0.2298099 0.9720388 0.0482521 0.379491 0.9211731 -0.08617818 0.3794911 0.9211732 -0.08617818 0.379491 0.9211731 -0.08617818 0.526257 0.8394798 -0.1353784 0.382632 0.9165336 -0.1164434 0.382632 0.9165336 -0.1164434 0.382632 0.9165335 -0.1164434 0.4792545 0.8700819 -0.1152078 0.4560174 0.8829848 -0.1112931 0.5209727 0.8511634 -0.06409859 0.5209726 0.8511633 -0.06409859 0.5209726 0.8511632 -0.06409859 0.07653385 0.9963006 0.03908538 0.07653385 0.9963007 0.03908538 0.07653385 0.9963007 0.03908544 0.2307026 0.9723459 0.03633022 0.2308653 0.9724346 0.03274416 0.2308653 0.9724346 0.03274416 0.2308653 0.9724346 0.03274416 0.2304157 0.9726417 0.02961361 0.07615381 0.996597 0.03154575 0.07615381 0.9965969 0.03154575 0.07615375 0.996597 0.03154575 0.07822549 0.9967883 0.0171439 0.07699823 0.9968116 0.02092546 0.2318234 0.9725703 0.01910686 0.2399306 0.970344 0.02942824 0.0792765 0.9965815 0.02325016 0.2275823 0.9737352 -0.006788134 0.2402589 0.9707034 -0.003278791 0.2402589 0.9707033 -0.003278851 0.2402589 0.9707033 -0.003278851 0.07935321 0.9968332 0.005178332 0.07935339 0.9968332 0.005178332 0.07935333 0.9968332 0.005178332 0.2402789 0.9706934 0.004542469 0.240279 0.9706934 0.004542469 0.2402789 0.9706934 0.004542469 0.07958179 0.9968268 -0.001759469 0.07958179 0.9968268 -0.001759469 0.07958185 0.9968268 -0.001759469 0.0808739 0.9966623 -0.01112771 0.08087384 0.9966623 -0.01112771 0.08087384 0.9966623 -0.01112771 0.2404917 0.9706489 -0.002119421 0.2404917 0.9706489 -0.002119421 0.2404918 0.9706489 -0.002119421 0.2398788 0.9707652 -0.008557558 0.2398788 0.9707651 -0.008557558 0.2398788 0.9707651 -0.008557558 0.2376554 0.9702513 -0.04617875 0.08003115 0.9967018 -0.0134328 0.2405677 0.9705562 -0.01215958 0.07779836 0.9961951 -0.03927916 0.2227666 0.9746243 -0.02196985 0.07772982 0.9962108 -0.03901481 0.07568264 0.9948636 -0.06721931 0.07546043 0.9959321 -0.04924565 0.2289653 0.9710014 -0.06878376 0.2289654 0.9710015 -0.06878376 0.2289654 0.9710015 -0.06878376 0.234002 0.968064 -0.0899741 0.2287191 0.972409 -0.04591888 0.06333345 0.9934461 -0.09515225 0.1431523 0.9859626 -0.08593678 0.5569203 0.8282172 -0.06241953 0.6079991 0.7939094 0.006718933 0.6079991 0.7939093 0.006718933 0.607999 0.7939094 0.006718933 0.6054895 0.7958494 0.002515852 0.6054894 0.7958494 0.002515852 0.6054894 0.7958495 0.002515852 0.5121028 0.858871 -0.009572505 0.5121027 0.8588709 -0.009572505 0.5121027 0.8588709 -0.009572505 0.5175723 0.8554362 -0.01865214 0.6214004 0.7828204 0.03246378 0.524078 0.8516702 -3.40158e-4 0.524078 0.8516702 -3.40148e-4 0.524078 0.8516702 -3.40161e-4 0.6168199 0.787006 0.01244366 0.5159499 0.855731 -0.03899085 0.6275692 0.7749655 -0.07473701 0.6135945 0.7884688 -0.04264885 0.5847184 0.8091648 -0.05793756 0.5847184 0.809165 -0.05793762 0.5118713 0.8578512 -0.04559934 0.02290201 0.9819287 0.187861 0.01981472 0.7827973 0.6219612 0.03393554 0.7737294 0.6326068 0.04420745 0.7652701 0.6421896 0.2033107 0.6832849 0.7012749 0.1150707 0.7640381 0.6348264 0.07430154 0.9806657 0.1810362 0.07430154 0.9806657 0.1810362 0.07430154 0.9806657 0.1810363 0.120548 0.9711614 0.2057031 0.1725797 0.9663668 0.1906607 0.06536465 0.9838473 0.1666491 0.0584017 0.9736796 0.2203121 0.04735237 0.9692001 0.2416796 0.05763739 0.9761987 0.209079 0.05763739 0.9761987 0.209079 0.05763739 0.9761987 0.209079 0.1272126 0.9668621 0.2213475 0.1384049 0.9649791 0.2228444 0.1466184 0.9591736 0.2418454 0.2195819 0.9534772 0.2065551 0.2736776 0.9469776 0.1683278 0.2736775 0.9469775 0.1683278 0.2736776 0.9469775 0.1683278 0.4445595 0.8556172 0.2651151 0.4892414 0.8321687 0.2610327 0.4246981 0.8639186 0.2706959 0.4246981 0.8639186 0.2706959 0.4246981 0.8639187 0.2706959 0.5292842 0.8033872 0.2728136 0.4750942 0.8382782 0.2675355 0.5215261 0.8076841 0.2750583 0.5215262 0.807684 0.2750583 0.5215262 0.8076841 0.2750583 0.5710594 0.7755467 0.2691071 0.5382477 0.7935951 0.2837185 0.5574142 0.7823864 0.2777789 0.5574142 0.7823864 0.277779 0.5574142 0.7823863 0.2777789 0.6105905 0.7449966 0.2686249 0.7601491 0.6139302 0.2127514 0.7857257 0.5686733 0.243405 0.8149016 0.5283303 0.2383331 0.8034044 0.5397544 0.2514093 0.8034044 0.5397544 0.2514092 0.8342925 0.46465 0.2967431 0.8441315 0.4891747 0.2194315 0.8760851 0.4551286 0.1591638 0.9040365 0.4228059 0.06287586 0.9040365 0.4228059 0.06287586 0.9040364 0.4228058 0.06287586 0.08492469 0.8876683 0.4525847 0.2516394 0.8322888 0.4939364 0.07694834 0.8739129 0.4799534 0.07925081 0.8817437 0.4650239 0.2454717 0.8258997 0.5075761 0.06599837 0.8615431 0.5033766 0.07816153 0.8743637 0.4789354 0.07816153 0.8743637 0.4789354 0.07816153 0.8743636 0.4789354 0.05864411 0.8593937 0.5079404 0.06365102 0.8459046 0.5295225 0.1662529 0.8009817 0.5751419 0.0577296 0.8311696 0.5530141 0.05823582 0.8383907 0.5419499 0.05823588 0.8383907 0.5419499 0.05823582 0.8383908 0.5419499 0.5613018 0.6545327 0.5064854 0.1662377 0.7916516 0.5879226 0.1662377 0.7916516 0.5879225 0.1662378 0.7916516 0.5879226 0.0565046 0.8304244 0.5542588 0.0565046 0.8304243 0.5542588 0.0565046 0.8304243 0.5542587 0.05162048 0.8232619 0.56531 0.1613048 0.7842913 0.5990561 0.1613048 0.7842913 0.5990561 0.1613048 0.7842913 0.599056 0.05161941 0.8160579 0.5756605 0.02978062 0.8039296 0.5939785 0.08067345 0.7813452 0.6188632 0.09995734 0.7734505 0.6259256 0.1221507 0.7624272 0.63544 0.003959 0.8036904 0.5950347 0.4335383 0.6793421 0.5920633 0.3729934 0.6543964 0.6577548 0.06278645 0.9608032 0.2700282 0.1205273 0.9593384 0.2552312 0.05834722 0.9706137 0.2334629 0.1431984 0.9551976 0.2590208 0.1821252 0.9342439 0.3066248 0.2249636 0.9394906 0.2583583 0.3103243 0.919017 0.2431187 0.359103 0.9039505 0.2322039 0.4096914 0.8896163 0.2018314 0.2214061 0.9484546 0.2267447 0.3476603 0.8915516 0.2902901 0.3450951 0.9016832 0.2605323 0.05864453 0.9545392 0.2922598 0.1817485 0.9356075 0.3026651 0.06088995 0.959573 0.2747949 0.06284821 0.9559715 0.2866507 0.06284821 0.9559715 0.2866507 0.1767215 0.9296903 0.3231802 0.1799488 0.931779 0.3152877 0.05955314 0.9537934 0.2945025 0.05955314 0.9537934 0.2945025 0.05955308 0.9537934 0.2945025 0.1767047 0.9296528 0.3232976 0.05599451 0.9477788 0.3139744 0.05813241 0.9526334 0.2985134 0.05813241 0.9526335 0.2985135 0.05813235 0.9526335 0.2985135 0.1750153 0.9278957 0.3292101 0.1750153 0.9278957 0.3292101 0.1750153 0.9278957 0.3292101 0.1730678 0.9263932 0.3344299 0.1730678 0.9263932 0.3344299 0.1730678 0.9263931 0.3344299 0.1693597 0.9233481 0.3445952 0.1693598 0.923348 0.3445951 0.1693597 0.9233481 0.3445951 0.1724127 0.9252744 0.337848 0.06051373 0.9492372 0.3086856 0.06051367 0.9492372 0.3086856 0.06051373 0.9492373 0.3086856 0.1691452 0.9228882 0.3459295 0.1691452 0.9228882 0.3459295 0.05723696 0.9471066 0.3157739 0.05723696 0.9471065 0.3157739 0.0572369 0.9471065 0.3157739 0.05333167 0.9406518 0.3351567 0.1673783 0.9208041 0.3522846 0.1673783 0.9208042 0.3522846 0.1673782 0.9208041 0.3522846 0.05570888 0.9454554 0.3209528 0.05570888 0.9454554 0.3209528 0.05570894 0.9454554 0.3209528 0.1656805 0.9198624 0.3555322 0.05838912 0.9424009 0.3293498 0.1649277 0.9183239 0.3598336 0.1620156 0.9164007 0.3660066 0.05492424 0.940237 0.3360623 0.05492424 0.940237 0.3360623 0.0549243 0.940237 0.3360623 0.1616706 0.9158527 0.3675273 0.1616707 0.9158527 0.3675273 0.1616706 0.9158527 0.3675273 0.05125683 0.9331538 0.3558045 0.05309164 0.9382875 0.341757 0.1596106 0.9135603 0.3740752 0.1596106 0.9135603 0.3740752 0.1596106 0.9135602 0.3740752 0.1574657 0.9123046 0.3780274 0.05494606 0.934453 0.3518218 0.054946 0.934453 0.3518218 0.05494606 0.9344529 0.3518218 0.1568135 0.91053 0.3825502 0.4105013 0.8502094 0.3295948 0.2941659 0.8938633 0.3383416 0.2952519 0.8877807 0.3530891 0.2921431 0.8897363 0.3507449 0.2860895 0.8861131 0.3646317 0.2860895 0.8861132 0.3646317 0.7645412 0.6035174 0.2263706 0.6205914 0.7069284 0.3392916 0.65231 0.7171396 0.2453622 0.6852475 0.6792066 0.2628961 0.7204856 0.643427 0.2586549 0.7204856 0.643427 0.2586548 0.6524842 0.7169041 0.2455869 0.489772 0.6735238 0.5536146 0.4897719 0.6735239 0.5536146 0.489772 0.6735238 0.5536147 0.0493552 0.9237821 0.3797246 0.05018562 0.9308736 0.361878 0.1517 0.9062984 0.3944748 0.1517 0.9062983 0.3944748 0.1517 0.9062984 0.3944748 0.1336547 0.9011083 0.412481 0.2857877 0.8870743 0.3625254 0.2842947 0.883862 0.3714357 0.2842948 0.883862 0.3714357 0.2842948 0.883862 0.3714357 0.2799693 0.8832688 0.3761032 0.2799692 0.8832687 0.3761031 0.3948781 0.8370822 0.3786355 0.3929876 0.8353601 0.3843623 0.3929876 0.8353601 0.3843624 0.3929876 0.8353601 0.3843623 0.2779939 0.8811746 0.3824275 0.2779907 0.8811757 0.3824273 0.2779907 0.8811756 0.3824274 0.279562 0.8843696 0.3738123 0.3905032 0.8336213 0.3906185 0.3905032 0.8336213 0.3906185 0.3905032 0.8336213 0.3906185 0.273769 0.8804364 0.3871465 0.273769 0.8804363 0.3871465 0.273769 0.8804364 0.3871465 0.2675032 0.8775883 0.3978453 0.2729712 0.881692 0.3848455 0.3868719 0.8321325 0.3973486 0.3868719 0.8321325 0.3973486 0.2714429 0.8787134 0.3926597 0.2714429 0.8787133 0.3926597 0.2714429 0.8787133 0.3926597 0.04736882 0.9117843 0.4079284 0.02457284 0.9039363 0.4269607 0.1179057 0.9039142 0.4111415 0.04549932 0.9225674 0.383144 0.1341223 0.9007584 0.4130929 0.137139 0.8812319 0.452353 0.6235121 0.6968197 0.3545068 0.5576682 0.7509824 0.3535985 0.5965585 0.6947367 0.4018195 0.598809 0.7042678 0.3813591 0.7295038 0.6050059 0.3190487 0.7299835 0.6027942 0.3221231 0.7883276 0.4914301 0.3701841 0.829319 0.4893267 0.2697954 0.7949336 0.5302838 0.2947539 0.5638164 0.6998193 0.4385933 0.5928351 0.7004837 0.3973277 0.486684 0.7658109 0.4203242 0.2519981 0.8631759 0.4375208 0.2168749 0.8548847 0.4713146 0.2588133 0.8558881 0.4477403 0.7707935 0.538035 0.3411682 0.7707936 0.538035 0.3411682 0.7707936 0.538035 0.3411681 0.6995187 0.6021471 0.3848279 0.7026044 0.6141205 0.3594486 0.3588562 0.8256231 0.4353951 0.7689201 0.5307527 0.35646 0.76892 0.5307527 0.35646 0.6739396 0.6130012 0.412353 0.670143 0.6257906 0.3991172 0.7652339 0.5280984 0.368143 0.7203227 0.531034 0.4462488 0.6689047 0.6097312 0.4251992 0.6581419 0.6263384 0.4177911 0.3551172 0.7648595 0.5374772 0.45212 0.7146624 0.5337089 0.4551399 0.7151945 0.5304191 0.45514 0.7151945 0.5304191 0.4551401 0.7151945 0.5304191 0.3500227 0.8251007 0.4435008 0.6356779 0.5707509 0.5197664 0.5620232 0.6518705 0.5091118 0.6554726 0.5723304 0.4927409 0.2261881 0.8160293 0.5319166 0.2259022 0.825025 0.5179787 0.2122935 0.806633 0.5516109 0.1698436 0.7930389 0.5850151 0.2145046 0.8020072 0.5574696 0.357469 0.7446398 0.5636733 0.4941133 0.6735116 0.5497583 0.4941133 0.6735116 0.5497583 0.4377877 0.6731618 0.5959824 0.5233404 0.6125544 0.5923614 0.5216991 0.6125065 0.5938568 0.2910641 0.7485364 0.5957978 0.2989885 0.7258675 0.6194533 0.3059073 0.746658 0.5906966 0.3234022 0.7244474 0.6087586 0.2512106 0.720121 0.6467759 0.1188303 0.7323871 0.6704391 0.1188303 0.732387 0.6704391 0.1188303 0.732387 0.6704391 0.1383471 0.7306781 0.6685579 0.1599792 0.7263742 0.6684215 0.1789222 0.7206251 0.6698406 0.3088582 0.707587 0.6355528 0.2483595 0.7225196 0.6452 0.2792409 0.6755431 0.6823973 0.5180512 0.7835273 0.3430861 0.5005932 0.7749766 0.385769 0.5000885 0.7668911 0.4022307 0.5266333 0.7816692 0.3341419 0.5055823 0.7918925 0.3424808 0.4036462 0.8382708 0.3665677 0.4009647 0.8367328 0.3729687 0.4009647 0.8367328 0.3729687 0.4009647 0.8367329 0.3729687 0.3934957 0.8343003 0.3861403 0.4550198 0.8175159 0.3530223 0.5477918 0.7721058 0.3221444 0.4151979 0.8486 0.3278548 0.2558648 0.8596624 0.4421696 0.2548773 0.8743426 0.4129922 0.3411952 0.8429971 0.4158627 0.342366 0.8239501 0.4515438 0.3423659 0.8239501 0.4515438 0.3423659 0.8239502 0.4515437 0.4861355 0.7527244 0.4439352 0.4657371 0.7770822 0.4233583 0.5563798 0.7085612 0.4340307 0.4519397 0.7753813 0.4410607 0.5563362 0.6512967 0.5160452 0.5641562 0.7093345 0.4225783 0.4048156 0.7167422 0.5678072 0.4499559 0.7214794 0.5263148 0.4499559 0.7214794 0.5263147 0.3683455 0.7673215 0.5249186 0.3565119 0.7650881 0.5362271 0.3560841 0.7661848 0.5349441 0.1919066 0.6759083 0.7115615 0.1919067 0.6759084 0.7115615 0.1919067 0.6759083 0.7115616 0.2771328 0.6672409 0.6913661 0.1375383 0.6802434 0.7199669 0.1375383 0.6802433 0.7199669 0.1375383 0.6802433 0.7199669 0.1950723 0.6749544 0.7116062 0.1950724 0.6749544 0.7116062 0.1950724 0.6749544 0.7116062 0.08235633 0.6830117 0.7257497 0.08235633 0.6830117 0.7257497 0.08235633 0.6830117 0.7257497 0.02733737 0.6895568 0.7237156 0.02733737 0.6895568 0.7237156 0.160775 0.676232 0.7189309 0.160775 0.6762321 0.7189309 0.1607751 0.6762321 0.7189309 0.08540719 0.680934 0.7273476 0.1604612 0.6779802 0.7173529 0.1604612 0.6779802 0.7173529 0.04481649 0.6860954 0.72613 0.1953841 0.6762951 0.7102466 0.195384 0.6762949 0.7102466 0.195384 0.6762951 0.7102466 0.2599965 0.6732594 0.6921876 0.3911162 0.6450838 0.6564261 0.3911162 0.6450837 0.6564261 0.3798848 0.652125 0.6560645 0.2449252 0.6710335 0.6998041 0.2603434 0.6657985 0.699238 0.4065847 0.6384347 0.6535212 0.3300969 0.6610614 0.6738203 0.4236395 0.6396024 0.6414347 0.3451249 0.6639034 0.6634163 0.3820294 0.6578145 0.6491023 0.3906562 0.663663 0.6379179 0.4272681 0.6116904 0.6657904 0.07068336 0.6795872 0.7301816 0.0706833 0.6795872 0.7301816 0.2111214 0.6762775 0.7057453 0.07806092 0.6836151 0.7256563 0.07806092 0.6836151 0.7256563 0.07806086 0.6836151 0.7256563 0.5430576 0.5987646 0.5887014 0.5430576 0.5987647 0.5887015 0.5430577 0.5987646 0.5887015 0.2327811 0.6728119 0.7022373 0.232781 0.6728119 0.7022373 0.2356992 0.6790796 0.6951956 0.235696 0.6790801 0.6951961 0.2356993 0.6790797 0.6951955 0.07802343 0.6835446 0.7257267 0.07802337 0.6835446 0.7257267 0.07802337 0.6835446 0.7257267 0.2384988 0.672424 0.7006886 0.07788527 0.6839339 0.7253746 0.5492281 0.6008625 0.5807864 0.09668135 0.6823768 0.724579 0.260635 0.6710817 0.6940597 0.07548099 0.6850118 0.7246114 0.6437198 0.5631711 0.5181344 0.7922374 0.4895516 0.3642794 0.7922373 0.4895514 0.3642795 0.7922372 0.4895515 0.3642794 0.7866766 0.4946699 0.3693801 0.7866766 0.4946697 0.3693802 0.7866766 0.4946699 0.36938 0.7898527 0.4906517 0.3679587 0.7898527 0.4906517 0.3679587 0.7898527 0.4906517 0.3679588 0.7796502 0.5006318 0.3761828 0.7796502 0.5006318 0.3761829 0.7796502 0.5006318 0.3761829 0.7732235 0.5045489 0.3841302 0.7732235 0.5045489 0.3841302 0.7732235 0.5045489 0.3841302 0.7656208 0.5124369 0.3888874 0.7656207 0.5124369 0.3888873 0.7656207 0.5124369 0.3888872 0.7761079 0.5017338 0.3819946 0.7761079 0.5017338 0.3819945 0.7761078 0.5017337 0.3819945 0.7608007 0.5127632 0.3978146 0.7608006 0.512763 0.3978149 0.7608004 0.512763 0.3978151 0.7523972 0.5213386 0.4026222 0.7523972 0.5213386 0.4026222 0.7523972 0.5213386 0.4026224 0.7628444 0.5110099 0.3961533 0.7628443 0.5110099 0.3961533 0.7628443 0.5110098 0.3961534 0.7450138 0.5253456 0.4110552 0.7450138 0.5253458 0.4110552 0.7450138 0.5253456 0.4110552 0.74878 0.5211171 0.409592 0.7380662 0.5306324 0.4167584 0.7307952 0.5337471 0.4255028 0.7307952 0.5337471 0.4255027 0.7307952 0.5337471 0.4255027 0.8877476 0.3927621 0.240088 0.8877476 0.3927621 0.240088 0.8726097 0.4157739 0.2562898 0.8726097 0.4157739 0.2562899 0.8966984 0.3737407 0.2371706 0.8966984 0.3737407 0.2371706 0.8271409 0.4601543 0.3226391 0.827141 0.4601543 0.3226391 0.827141 0.4601542 0.3226391 0.8305218 0.4557644 0.3201758 0.8305218 0.4557644 0.3201758 0.4353381 0.6596556 0.6126461 0.4353382 0.6596556 0.6126461 0.4354325 0.6593151 0.6129454 0.4354326 0.6593151 0.6129454 0.4144532 0.6624427 0.6240179 0.4144533 0.6624425 0.624018 0.392213 0.6686241 0.6317522 0.3922131 0.6686241 0.6317522 0.392213 0.6686241 0.6317521 0.3926789 0.6682387 0.6318706 0.3926789 0.6682386 0.6318706 0.3926789 0.6682386 0.6318706 0.371789 0.6705107 0.642019 0.3481894 0.6754003 0.6500759 0.3481894 0.6754004 0.6500759 0.348455 0.6754387 0.6498937 0.3263562 0.6769289 0.6597415 0.3263562 0.6769289 0.6597415 0.3263562 0.6769289 0.6597415 0.3027492 0.6812902 0.6664732 0.5812434 0.5826644 0.5680303 0.5198789 0.6367053 0.5695018 0.4840424 0.6241237 0.6133292 0.4905581 0.6190312 0.6133133 0.4905581 0.6190311 0.6133134 0.4905581 0.6190311 0.6133134 0.232861 0.6845707 0.6907523 0.2030946 0.6757624 0.7085886 0.3118053 0.666535 0.6771327 0.3143445 0.6580601 0.684211 0.2037253 0.6737291 0.7103416 0.3908573 0.6461762 0.6555051 0.3908573 0.6461762 0.6555051 0.3908573 0.6461762 0.6555051 0.4102121 0.6518954 0.6377762 0.4144927 0.6408093 0.6461883 0.2475714 0.678273 0.6918485 0.2469228 0.6797956 0.6905846 0.4097821 0.6381196 0.6518299 0.4856916 0.6290572 0.606952 0.6747398 0.5446018 0.4981316 0.5820719 0.5921076 0.557316 0.5820719 0.5921077 0.5573159 0.5820719 0.5921076 0.5573159 0.2920781 0.6739134 0.6786245 0.3972787 0.6484189 0.6494017 0.4690979 0.6440091 0.6043174 0.4690979 0.6440091 0.6043174 0.4690979 0.6440092 0.6043174 0.2519167 0.6747325 0.6937393 0.4829252 0.6161143 0.622243 0.5632314 0.6078381 0.559735 0.7570989 0.500025 0.4204479 0.7570989 0.5000249 0.4204478 0.6669059 0.5563187 0.495728 0.2661363 0.6768493 0.6863283 0.3605257 0.6583327 0.6607718 0.759924 0.4948464 0.421477 0.6775405 0.5594227 0.477478 0.687619 0.5439523 0.4809325 0.6767954 0.5621669 0.4753066 0.7592455 0.497695 0.41934 0.6893877 0.5476964 0.4741025 0.4899464 0.6357943 0.5964211 0.5954027 0.600651 0.5335861 0.5905389 0.591829 0.5486368 0.5905389 0.591829 0.5486367 0.5905389 0.591829 0.5486369 0.2764914 0.6776385 0.6814386 0.04133868 0.6651184 0.7455928 0.04133868 0.6651184 0.7455929 0.04133874 0.6651183 0.7455928 0.1618428 0.6835408 0.7117436 0.3871804 0.6552438 0.6486502 0.2762711 0.6783236 0.6808462 0.2814772 0.6729316 0.6840567 0.6045497 0.5864514 0.5390683 0.6045497 0.5864514 0.5390683 0.6045497 0.5864514 0.5390682 0.05483615 0.6830183 0.72834 0.05477637 0.6833317 0.7280503 0.05477637 0.6833317 0.7280503 0.05477643 0.6833317 0.7280503 0.166165 0.6821112 0.7121191 0.166165 0.6821111 0.7121191 0.166165 0.6821112 0.7121191 0.1676238 0.6849232 0.7090715 0.2839659 0.6779286 0.6780681 0.6057199 0.5886748 0.535318 0.5145772 0.6320835 0.5793797 0.6250038 0.5889521 0.5123532 0.8140024 0.464892 0.3482464 0.8140024 0.464892 0.3482463 0.7264289 0.5326379 0.4342786 0.7616541 0.5029006 0.4086247 0.7869687 0.4911859 0.3733855 0.7869687 0.4911859 0.3733854 0.7869687 0.491186 0.3733854 0.7691441 0.4948934 0.404349 0.7691442 0.4948931 0.404349 0.7691442 0.494893 0.404349 0.7749674 0.4955155 0.3922883 0.7749674 0.4955152 0.3922883 0.7749674 0.4955155 0.3922883 0.819009 0.4537199 0.3512299 0.781042 0.4932997 0.3829216 0.781042 0.4932997 0.3829216 0.7810419 0.4932999 0.3829215 0.8230884 0.4600212 0.3330258 0.8230884 0.4600211 0.3330258 0.8230884 0.4600212 0.3330258 0.7931805 0.4868144 0.3658913 0.7931805 0.4868145 0.3658913 0.7931805 0.4868145 0.3658913 0.1700937 0.6826162 0.7107062 0.05646657 0.6828641 0.7283599 0.05426007 0.6832473 0.7281683 0.7262233 0.4995247 0.4723081 0.7262232 0.4995247 0.4723083 0.7262232 0.4995247 0.4723082 0.7072825 0.5289997 0.4689466 0.7072826 0.5289998 0.4689463 0.7072826 0.5289997 0.4689463 0.695392 0.5609137 0.4492282 0.695392 0.5609137 0.4492282 0.695392 0.5609137 0.4492282 0.6891484 0.5506719 0.4709938 0.6891483 0.5506718 0.4709939 0.6891484 0.5506718 0.4709936 0.6712196 0.5677469 0.4765793 0.6712196 0.5677469 0.4765792 0.6712197 0.5677469 0.4765791 0.7433579 0.4658885 0.4799656 0.7433579 0.4658886 0.4799656 0.604467 0.5844643 0.5413144 0.604467 0.5844643 0.5413144 0.604467 0.5844643 0.5413144 0.6509027 0.5814869 0.4880561 0.6509028 0.5814868 0.4880561 0.6509028 0.5814868 0.4880561 0.6549968 0.5775682 0.4872312 0.6549968 0.5775683 0.4872312 0.6549968 0.5775681 0.4872313 0.6375296 0.5862239 0.4998976 0.6375297 0.5862237 0.4998978 0.6375297 0.5862237 0.4998978 0.6206756 0.5881719 0.5184745 0.6206755 0.5881719 0.5184745 0.6206755 0.5881719 0.5184745 0.5895321 0.5747292 0.5675723 0.589532 0.5747292 0.5675724 0.5895321 0.5747292 0.5675724 0.5730649 0.5565549 0.6015343 0.5730648 0.5565549 0.6015343 0.59307 0.5884311 0.5495607 0.8258769 0.4633582 0.3212888 0.7893184 0.493686 0.3650351 0.7893184 0.493686 0.3650351 0.7893185 0.4936861 0.3650351 0.743472 0.5453799 0.3870533 0.7434719 0.54538 0.3870533 0.7719451 0.5620325 0.2970188 0.7719453 0.5620324 0.2970189 0.7719452 0.5620325 0.2970189 0.7907701 0.4923493 0.3636963 0.7907701 0.4923493 0.3636963 0.7756327 0.5058985 0.3774396 0.7248995 0.5715067 0.3845788 0.7600907 0.5233374 0.3852013 0.7600907 0.5233375 0.3852013 0.7600908 0.5233375 0.3852013 0.4682462 0.663199 0.5838773 0.8263027 0.4695683 0.3110139 0.7686503 0.5088616 0.3876037 0.7952036 0.4960416 0.3487034 0.7952035 0.4960415 0.3487034 0.7952036 0.4960416 0.3487034 0.8256002 0.4583159 0.329137 0.8256001 0.4583158 0.3291369 0.8256001 0.4583158 0.3291369 0.8569746 0.3945448 0.3315554 0.8569746 0.3945448 0.3315554 0.8569746 0.3945448 0.3315555 0.8235578 0.4642106 0.3259772 0.8235578 0.4642106 0.3259772 0.8235577 0.4642106 0.3259772 0.598991 0.6157391 0.5119329 0.598991 0.615739 0.5119329 0.5821743 0.6136872 0.5333491 0.5821743 0.6136871 0.5333492 0.5821743 0.613687 0.5333492 0.5640276 0.6174362 0.5483115 0.5129663 0.6325176 0.5803337 0.5113047 0.6407765 0.5726893 0.4947963 0.6237809 0.6050406 0.457067 0.6522701 0.6046763 0.4358945 0.6567118 0.6154069 0.4163962 0.6533596 0.6322464 0.4163963 0.6533594 0.6322465 0.4163962 0.6533595 0.6322465 0.3980132 0.6446784 0.6526678 0.3980131 0.6446785 0.6526678 0.3980131 0.6446785 0.6526678 0.4552783 0.652389 0.6058963 0.4552784 0.652389 0.6058962 0.4552783 0.6523891 0.6058962 0.4660948 0.5763888 0.6712165 0.4660947 0.576389 0.6712165 0.4660946 0.576389 0.6712165 0.5964925 0.6100822 0.5215329 0.6378449 0.5719759 0.5157494 0.519598 0.6424851 0.5632325 0.584259 0.5333877 0.6116691 0.5842589 0.5333877 0.6116691 0.5842592 0.5333879 0.6116687 0.486633 0.5972803 0.63753 0.5211956 0.6254376 0.5806748 0.5211955 0.6254376 0.5806747 0.5211955 0.6254376 0.5806747 0.557575 0.6269755 0.5440698 0.5080198 0.6359701 0.5809113 0.4373763 0.7281479 0.5277336 0.4373764 0.7281478 0.5277336 0.5719312 0.6187078 0.538605 0.5719312 0.6187079 0.538605 0.5719312 0.6187078 0.5386051 0.06633824 0.6845433 0.7259476 0.1885162 0.6836873 0.705006 0.2116141 0.6881808 0.6939934 0.2116141 0.6881808 0.6939934 0.2116141 0.6881808 0.6939933 0.2620904 0.6644434 0.6998741 0.2620904 0.6644434 0.6998741 0.3164395 0.6112371 0.7254346 0.3164395 0.6112371 0.7254346 0.2512303 0.6957401 0.6729258 0.1962646 0.6173571 0.7618075 0.1962646 0.6173571 0.7618075 0.1962645 0.6173571 0.7618075 0.1646416 0.6907233 0.7041268 0.2242264 0.6715424 0.7062247 0.1830851 0.6870152 0.7031998 0.1830851 0.6870152 0.7031999 0.1582359 0.6884919 0.7077714 0.04100012 0.5971732 0.801064 0.0410003 0.5971731 0.8010638 0.04100018 0.5971731 0.8010639 0.07715249 0.6549373 0.7517344 0.1187393 0.6858167 0.7180227 0.1187394 0.6858167 0.7180227 0.1187394 0.6858167 0.7180227 0.1591349 0.6854604 0.710507 0.1591348 0.6854603 0.710507 0.07569718 0.6898175 0.7200152 0.5678375 0.6072335 0.5557232 0.4441745 0.6255515 0.6414003 0.4441745 0.6255515 0.6414003 0.444473 0.6304842 0.6363438 0.5353792 0.6083611 0.5858889 0.5353793 0.6083611 0.5858889 0.4399053 0.6456441 0.6242011 0.4399054 0.6456441 0.6242012 0.5199802 0.6475929 0.5569957 0.2460576 0.678807 0.6918647 0.3937416 0.6745068 0.6245065 0.3733425 0.587512 0.7179451 0.2601332 0.6440685 0.7193793 0.2601332 0.6440685 0.7193793 0.2601332 0.6440685 0.7193793 0.4683334 0.6320127 0.6174331 0.4683335 0.6320128 0.6174331 0.3656162 0.6632817 0.6529794 0.3656162 0.6632818 0.6529794 0.4677821 0.6336379 0.6161842 0.4677821 0.6336379 0.6161841 0.4677821 0.633638 0.6161841 0.5724363 0.5965179 0.5625683 0.4736273 0.6391596 0.605931 0.5719223 0.5983796 0.5611121 0.6705111 0.5529206 0.4946652 0.6710892 0.5502262 0.4968806 0.6710892 0.5502263 0.4968807 0.6710893 0.5502262 0.4968807 0.5878484 0.6017786 0.5406447 0.5813534 0.5951505 0.5548191 0.5813534 0.5951505 0.5548191 0.5813534 0.5951505 0.5548191 0.5784394 0.6045071 0.5477035 0.2668528 0.6776261 0.6852828 0.3737652 0.6571087 0.654605 0.3737652 0.6571088 0.6546049 0.3737652 0.6571088 0.654605 0.3673115 0.6579031 0.657454 0.3673116 0.6579031 0.6574541 0.3673116 0.6579031 0.6574541 0.3721289 0.6627399 0.649843 0.3721289 0.66274 0.649843 0.3721289 0.6627399 0.649843 0.3853881 0.6611708 0.643684 0.4840316 0.6297115 0.6075994 0.3789477 0.6621004 0.646546 0.3805289 0.6563814 0.6514301 0.3805289 0.6563814 0.6514301 0.4816895 0.6377534 0.6010372 0.4757621 0.6318591 0.6118861 0.2680876 0.6736747 0.6886882 0.2724938 0.673425 0.6872015 0.2724938 0.673425 0.6872015 0.2724939 0.673425 0.6872016 0.1625258 0.6843522 0.7108076 0.2716172 0.6775947 0.6834394 0.1634868 0.6819291 0.7129129 0.1634868 0.681929 0.712913 0.1634868 0.6819291 0.712913 0.1651939 0.6846389 0.7099159 0.4922193 0.6279986 0.6027752 0.4961906 0.635367 0.5916956 0.4961907 0.635367 0.5916957 0.4961906 0.635367 0.5916957 0.3901932 0.661105 0.6408507 0.3970263 0.6537033 0.6442378 0.3898728 0.662128 0.6399888 0.4982598 0.6266242 0.5992323 0.5022946 0.6343656 0.5876057 0.5022946 0.6343656 0.5876057 0.5107576 0.6238864 0.5915172 0.4002014 0.6602339 0.635555 0.5111159 0.6226561 0.5925033 0.3998444 0.6613363 0.6346328 0.1769079 0.685162 0.706581 0.2887621 0.6728471 0.6810972 0.3797338 0.6847063 0.6220768 0.2805757 0.6601462 0.696767 0.2805757 0.6601462 0.696767 0.2805757 0.6601462 0.696767 0.2075222 0.7338806 0.6468027 0.5229514 0.620563 0.5843145 0.4229344 0.6587234 0.622262 0.6327118 0.5767221 0.5167857 0.5284283 0.6292178 0.5699548 0.5370305 0.6172715 0.5749558 0.5370305 0.6172716 0.5749558 0.7098218 0.5619142 0.4247415 0.6291962 0.5710316 0.5272904 0.3044683 0.6731835 0.6738867 0.1760656 0.6872885 0.7047237 0.2062498 0.657199 0.7249487 0.6826533 0.5437454 0.4881859 0.6518472 0.5731341 0.496601 0.6813294 0.5499664 0.4830396 0.6813294 0.5499664 0.4830396 0.5631411 0.6372074 0.5261548 0.5670696 0.6224662 0.5394144 0.3157452 0.6765677 0.6652526 0.3157452 0.6765677 0.6652527 0.3157452 0.6765678 0.6652527 0.4301119 0.6496938 0.6268188 0.436523 0.6609397 0.6104149 0.3184818 0.6812095 0.6591836 0.4513039 0.6408152 0.6210319 0.315307 0.6936463 0.647639 0.3153071 0.6936463 0.647639 0.315307 0.6936463 0.6476391 0.4522511 0.6368511 0.6244115 0.4522512 0.6368511 0.6244114 0.4522512 0.6368511 0.6244115 0.7158045 0.5558451 0.4226822 0.7158045 0.555845 0.4226822 0.7158045 0.555845 0.4226822 0.6179298 0.6244066 0.4777858 0.7023872 0.5557728 0.4447122 0.7023872 0.5557728 0.4447122 0.7023872 0.5557729 0.4447122 0.6868115 0.5620827 0.4608178 0.6868116 0.5620827 0.4608178 0.6868116 0.5620826 0.4608178 0.6707982 0.571613 0.4725339 0.6707983 0.5716131 0.472534 0.6707982 0.571613 0.472534 0.6531326 0.586774 0.4786586 0.6531326 0.586774 0.4786586 0.6531327 0.586774 0.4786587 0.6334673 0.6080366 0.4785507 0.6334672 0.6080365 0.478551 0.6334671 0.6080364 0.4785511 0.7313899 0.5614899 0.3870372 0.73139 0.56149 0.3870372 0.7313899 0.56149 0.3870372 0.6099399 0.6337777 0.4757091 0.60994 0.6337777 0.475709 0.60994 0.6337776 0.4757091 0.6316367 0.5832348 0.5107567 0.624039 0.597404 0.5036706 0.740086 0.5361286 0.4060036 0.7384598 0.5303021 0.4164815 0.6460325 0.5602245 0.5184503 0.7523663 0.500327 0.4285069 0.6705452 0.5715982 0.472911 0.6705452 0.5715982 0.472911 0.6705451 0.5715982 0.472911 0.7033034 0.5591254 0.4390254 0.7391833 0.5222573 0.425271 0.7391834 0.5222573 0.4252709 0.7391834 0.5222573 0.4252709 0.7498914 0.515196 0.4150134 0.7498914 0.515196 0.4150134 0.7498914 0.515196 0.4150134 0.6383624 0.5992686 0.4830844 0.2045131 0.690584 0.6937349 0.3369966 0.6658804 0.66561 0.3369966 0.6658805 0.6656099 0.3369966 0.6658805 0.66561 0.3485599 0.6907831 0.633502 0.2089269 0.7007058 0.6821737 0.2134815 0.6844436 0.6971102 0.2134814 0.6844436 0.6971103 0.2134815 0.6844436 0.6971102 0.3822969 0.6313913 0.6746808 0.3518839 0.6571831 0.6665494 0.3518839 0.6571832 0.6665493 0.3518838 0.6571831 0.6665494 0.3784832 0.6353229 0.6731384 0.3280864 0.6709106 0.66501 0.3030191 0.6788516 0.6688348 0.3030191 0.6788516 0.6688348 0.3788436 0.6465408 0.6621652 0.542136 0.6009548 0.5873176 0.6578317 0.5726191 0.4892494 0.6581318 0.5659472 0.4965545 0.5680653 0.5911433 0.5725833 0.5417808 0.6192178 0.5683686 0.4429171 0.638668 0.6292278 0.4431022 0.6395329 0.6282183 0.3439996 0.6663984 0.6614965 0.3439996 0.6663984 0.6614965 0.3501545 0.6595126 0.6651579 0.3514795 0.6657451 0.658214 0.7614895 0.5144034 0.3943639 0.739201 0.5256431 0.421048 0.7392009 0.5256431 0.421048 0.7392009 0.5256431 0.421048 0.7613784 0.5035429 0.4083474 0.7613784 0.5035429 0.4083475 0.7613784 0.5035429 0.4083474 0.7531028 0.5135737 0.4111912 0.7531029 0.5135736 0.4111914 0.7531029 0.5135737 0.4111913 0.7470723 0.5179667 0.4166456 0.7470723 0.5179667 0.4166455 0.7470723 0.5179667 0.4166456 0.7304623 0.532296 0.4278852 0.7304623 0.5322961 0.4278853 0.7681293 0.4951297 0.4059855 0.7681293 0.4951297 0.4059855 0.7681293 0.4951296 0.4059855 0.7118167 0.5196913 0.4724807 0.6983 0.5409556 0.4687689 0.6983 0.5409555 0.4687689 0.6983001 0.5409556 0.4687689 0.6737803 0.5635734 0.4779176 0.6737803 0.5635734 0.4779176 0.6737803 0.5635734 0.4779176 0.6626319 0.6270819 0.4094964 0.6626318 0.627082 0.4094964 0.6626318 0.6270819 0.4094964 0.3792067 0.6396549 0.6686134 0.2994336 0.6787467 0.6705539 0.4171569 0.6578202 0.6270987 0.4186156 0.6514615 0.6327392 0.4186156 0.6514615 0.6327391 0.4186157 0.6514616 0.6327392 0.2975735 0.686863 0.6630756 0.2975735 0.686863 0.6630756 0.2975735 0.686863 0.6630756 0.6120836 0.598209 0.5172036 0.6120837 0.598209 0.5172036 0.6120837 0.598209 0.5172036 0.5356839 0.6150766 0.578553 0.5356839 0.6150766 0.5785531 0.613178 0.599525 0.5143759 0.6250563 0.5684937 0.5349016 0.5692473 0.6264914 0.5324155 0.533422 0.6197998 0.5755947 0.8901882 0.4053404 0.2080005 0.02875369 0.6636725 0.7474704 0.07258617 0.6841972 0.7256758 0.07258617 0.6841972 0.7256759 0.07258617 0.6841972 0.725676 0.1188309 0.6923633 0.7116968 0.1188309 0.6923634 0.7116968 0.1188309 0.6923635 0.7116967 0.05773335 0.6858532 0.7254463 0.1258282 0.6913399 0.711489 0.1258282 0.6913399 0.711489 0.1258282 0.6913399 0.7114889 0.1669476 0.6944509 0.6999046 0.1490389 0.6927245 0.7056346 0.1490389 0.6927245 0.7056346 0.01937073 0.7011722 0.7127287 0.01937079 0.7011723 0.7127287 0.01937073 0.7011723 0.7127287 0.06972658 0.6903738 0.720085 0.1189491 0.6874868 0.716389 0.05983662 0.6853827 0.7257205 0.1647766 0.689938 0.7048647 0.1647767 0.689938 0.7048647 0.1647766 0.689938 0.7048648 0.1331287 0.6891978 0.712238 0.1331287 0.6891978 0.712238 0.1331287 0.6891979 0.712238 0.8941009 0.4110302 0.1778703 0.9204044 0.3747179 0.1115456 0.913779 0.3787673 0.1467773 0.913779 0.3787673 0.1467772 0.9350459 0.3301309 0.1292398 0.9350459 0.3301309 0.1292399 0.9350459 0.3301308 0.12924 0.9562499 0.2644693 0.1250692 0.9562498 0.2644693 0.1250692 0.9562498 0.2644693 0.1250692 0.8921418 0.4143871 0.1799074 0.8198174 0.4848636 0.3046424 0.8198174 0.4848636 0.3046423 0.8198173 0.4848635 0.3046423 0.8468433 0.453487 0.2778599 0.8593876 0.4343731 0.269765 0.8593875 0.4343731 0.2697651 0.8593875 0.4343731 0.2697651 0.8551782 0.4527974 0.2522791 0.8551782 0.4527974 0.252279 0.8551782 0.4527974 0.2522791 0.8694668 0.4268417 0.248664 0.8694668 0.4268417 0.248664 0.8694668 0.4268417 0.248664 0.8666149 0.438999 0.2371886 0.8666149 0.4389989 0.2371886 0.8666149 0.438999 0.2371886 0.8697664 0.4284833 0.2447625 0.8697663 0.4284832 0.2447626 0.8930981 0.4146833 0.174395 0.896704 0.4070659 0.1738372 0.8994575 0.3955312 0.1858257 0.8774266 0.4280616 0.2165315 0.8774266 0.4280616 0.2165315 0.8774266 0.4280617 0.2165315 0.8824236 0.4068397 0.236242 0.8824236 0.4068397 0.236242 0.8824236 0.4068397 0.2362419 0.8951228 0.3940048 0.2086036 0.217149 0.6825376 0.6978458 0.217149 0.6825376 0.6978458 0.2592363 0.6952533 0.6703876 0.2592363 0.6952533 0.6703876 0.2592362 0.6952533 0.6703876 0.2215657 0.6872112 0.6918449 0.2783035 0.690885 0.667252 0.2990227 0.6905969 0.6585296 0.3055077 0.691996 0.6540693 0.3531964 0.6790086 0.6435834 0.3531963 0.6790086 0.6435835 0.3531963 0.6790086 0.6435834 0.20986 0.697377 0.6852912 0.2577237 0.6840834 0.6823552 0.2085822 0.698139 0.6849055 0.2120009 0.7030357 0.6788199 0.3035745 0.6818754 0.6654988 0.3035745 0.6818753 0.6654988 0.3035745 0.6818753 0.6654988 0.2733553 0.6858011 0.6745026 0.2733553 0.6858011 0.6745027 0.2713274 0.6912963 0.6696947 0.2713274 0.6912963 0.6696947 0.2713273 0.6912963 0.6696947 0.8034629 0.4944441 0.3316209 0.8252813 0.4901993 0.2803843 0.8252813 0.4901993 0.2803843 0.8252814 0.4901994 0.2803843 0.836499 0.4761745 0.2711592 0.8364991 0.4761744 0.2711592 0.8364991 0.4761744 0.2711592 0.8506497 0.4637326 0.2476837 0.8797564 0.4121979 0.2368999 0.865581 0.4445887 0.2304573 0.8634698 0.4343882 0.2563722 0.8376383 0.4717152 0.2754034 0.8376382 0.4717152 0.2754035 0.8376383 0.4717152 0.2754035 0.7326961 0.5512538 0.3990936 0.7326961 0.5512539 0.3990936 0.7326961 0.5512539 0.3990937 0.9196377 0.3727959 0.1236522 0.8974303 0.3956016 0.1952394 0.7652075 0.5239543 0.3740715 0.7652075 0.5239543 0.3740714 0.7652075 0.5239542 0.3740714 0.7788426 0.5082333 0.3675638 0.7931983 0.5004899 0.3469098 0.7937603 0.5023952 0.3428463 0.7937605 0.5023952 0.3428463 0.7937604 0.5023952 0.3428463 0.8332828 0.464327 0.3000673 0.8332828 0.464327 0.3000673 0.8081352 0.483814 0.335919 0.8081352 0.483814 0.3359191 0.8081353 0.483814 0.3359188 0.829344 0.4849031 0.2775927 0.3949099 0.6822156 0.6153276 0.3949099 0.6822157 0.6153275 0.3949099 0.6822157 0.6153276 0.4408977 0.6647016 0.6031426 0.49586 0.6006512 0.627169 0.4958602 0.6006512 0.627169 0.49586 0.6006512 0.6271691 0.3725908 0.6657294 0.6465142 0.07373726 0.679862 0.7296236 0.07529562 0.6971282 0.7129817 0.1257179 0.6908186 0.7120146 0.1326979 0.6916733 0.7099149 0.2234697 0.6910306 0.6874141 0.1490552 0.693003 0.7053577 0.3579477 0.6866751 0.6327328 0.409354 0.677016 0.6116197 0.4307184 0.6749846 0.5990638 0.4307184 0.6749845 0.5990639 0.4307184 0.6749845 0.5990639 0.4500401 0.6743299 0.5854426 0.4500401 0.6743301 0.5854426 0.4500402 0.6743298 0.5854427 0.5245324 0.6436163 0.5573364 0.5245324 0.6436162 0.5573364 0.5245325 0.6436162 0.5573363 0.4508209 0.6746688 0.5844506 0.6778416 0.5771887 0.4553945 0.6778416 0.5771887 0.4553945 0.7075275 0.5743832 0.4116902 0.7075275 0.5743831 0.4116902 0.7075275 0.5743831 0.4116902 0.7303789 0.5600746 0.390977 0.7303789 0.5600748 0.390977 0.7303789 0.5600748 0.3909769 0.7795021 0.5365936 0.3231776 0.7795022 0.5365936 0.3231776 0.7795021 0.5365937 0.3231776 0.8001238 0.4887424 0.3477542 0.7395805 0.556175 0.3790648 0.7395805 0.556175 0.3790648 0.7395805 0.556175 0.3790648 0.7723316 0.5262571 0.3557492 0.3458005 0.6874683 0.6385996 0.3914116 0.6707967 0.6299436 0.3459061 0.6793929 0.6471276 0.3378126 0.6920228 0.6379554 0.4344787 0.6620606 0.6106588 0.4344786 0.6620606 0.6106587 0.4747225 0.6606397 0.5815443 0.4747225 0.6606397 0.5815443 0.4747225 0.6606397 0.5815443 0.4162985 0.6675331 0.6173292 0.8836743 0.424215 0.1978929 0.8360724 0.4915604 0.2436213 0.7113443 0.5634536 0.4201304 0.7113443 0.5634535 0.4201305 0.7113443 0.5634535 0.4201303 0.6230915 0.6373021 0.4534347 0.6230915 0.6373021 0.4534347 0.6230916 0.6373022 0.4534347 0.6676801 0.5848447 0.4606085 0.6676801 0.5848447 0.4606085 0.6676801 0.5848446 0.4606084 0.7034944 0.5574951 0.4407889 0.7034944 0.5574951 0.4407889 0.7034945 0.5574951 0.4407889 0.693176 0.5753259 0.4341743 0.693176 0.5753259 0.4341744 0.7345493 0.5455381 0.4035165 0.7287387 0.5559013 0.3998922 0.7287387 0.5559013 0.3998923 0.6519172 0.5932145 0.4723353 0.3408547 0.6895155 0.6390513 0.2770377 0.6925882 0.6660118 0.2770377 0.6925882 0.6660118 0.2770377 0.6925883 0.6660118 0.2212013 0.6875119 0.6916629 0.2997256 0.6894082 0.659455 0.2997257 0.6894083 0.659455 0.2997256 0.6894082 0.659455 0.2209836 0.6910751 0.6881726 0.3417968 0.6765943 0.6522233 0.2233706 0.6898723 0.6886086 0.5270491 0.6587675 0.5368842 0.5270491 0.6587675 0.5368843 0.5633717 0.6350703 0.5284866 0.5633717 0.6350703 0.5284867 0.5633717 0.6350703 0.5284867 0.6003192 0.6263011 0.4973569 0.6393781 0.6048368 0.4747295 0.6393781 0.6048368 0.4747295 0.6393781 0.6048368 0.4747295 0.6740728 0.575451 0.4631223 0.6740727 0.5754508 0.4631223 0.5412529 0.6326016 0.55395 0.4518287 0.6690624 0.59009 0.4518287 0.6690624 0.5900901 0.5158857 0.6460564 0.5625594 0.4136155 0.676248 0.6095989 0.4136155 0.676248 0.6095989 0.4136155 0.676248 0.6095989 0.3772957 0.6714203 0.6378422 0.4109785 0.6743459 0.6134772 0.4109785 0.674346 0.6134772 0.4109785 0.6743459 0.6134773 0.3642443 0.692401 0.6228218 0.3642443 0.6924009 0.6228219 0.3642444 0.692401 0.6228218 0.4305421 0.6737133 0.6006196 0.4305421 0.6737133 0.6006197 0.6574609 0.610086 0.4421993 0.6469017 0.5979748 0.4732277 0.708402 0.5733699 0.4115988 0.7084021 0.5733698 0.4115989 0.708402 0.5733699 0.4115989 0.7638591 0.5261344 0.3737674 0.7313254 0.5573216 0.3931359 0.7313254 0.5573215 0.393136 0.7313254 0.5573215 0.393136 0.6376177 0.6165351 0.4618749 0.6913146 0.5828636 0.4270295 0.6913146 0.5828636 0.4270296 0.6913146 0.5828635 0.4270295 0.5080777 0.6606517 0.552627 0.5080776 0.6606516 0.552627 0.5162256 0.6483768 0.5595702 0.5568788 0.6301376 0.5411217 0.594213 0.6193746 0.513114 0.4890452 0.6643879 0.5651757 0.6265361 0.607047 0.4888215 0.4969426 0.650738 0.5740977 0.4969426 0.650738 0.5740976 0.6215384 0.6167353 0.4830398 0.6215384 0.6167354 0.4830398 0.6215384 0.6167354 0.4830399 0.752362 0.5521715 0.3592468 0.7523619 0.5521715 0.3592468 0.7520244 0.5513045 0.3612794 0.8335963 0.4765316 0.2793472 0.8335963 0.4765316 0.2793472 0.8305236 0.4826942 0.2779157 0.8859035 0.4181759 0.2007585 0.9195194 0.3745405 0.1191787 0.9195194 0.3745405 0.1191787 0.9195194 0.3745405 0.1191786 0.8930944 0.411229 0.1824092 0.8930944 0.4112291 0.1824093 0.8930944 0.411229 0.1824092 0.8837185 0.424542 0.1969916 0.9218719 0.3674054 0.123149 0.7573322 0.5467233 0.3571299 0.8306875 0.4831231 0.2766777 0.8306875 0.483123 0.2766776 0.8306874 0.4831231 0.2766776 0.7589295 0.5397318 0.3643016 0.7589295 0.5397317 0.3643016 0.7742774 0.5282472 0.3484961 0.7742774 0.5282473 0.3484961 0.7899056 0.5131633 0.3357269 0.7899057 0.5131635 0.3357269 0.7899056 0.5131634 0.3357268 0.8035711 0.5016806 0.3202968 0.8035711 0.5016806 0.3202968 0.8035711 0.5016807 0.3202968 0.830993 0.4820858 0.2775681 0.8309929 0.4820858 0.2775681 0.830993 0.4820858 0.277568 0.9426776 0.3264353 0.0692746 0.9426776 0.3264352 0.06927448 0.9426776 0.3264353 0.06927454 0.02025514 0.6961597 0.7176012 0.02025508 0.6961597 0.7176012 0.02025508 0.6961597 0.7176012 0.9427278 0.3263264 -0.06910598 0.9427278 0.3263264 -0.06910598 0.9427277 0.3263264 -0.06910598 0.01981633 0.696376 -0.7174036 0.01981633 0.6963759 -0.7174036 0.01981633 0.696376 -0.7174036 0.9385135 0.3378643 0.07099425 0.9385135 0.3378643 0.07099431 0.9385135 0.3378643 0.07099425 0.930266 0.3500148 0.1099759 0.9302661 0.3500148 0.1099759 0.8892544 0.4273461 0.1631008 0.8892546 0.4273461 0.1631007 0.8892546 0.4273461 0.1631007 0.9131636 0.3809784 0.1448714 0.9131637 0.3809784 0.1448715 0.9131637 0.3809784 0.1448715 0.921689 0.3678503 0.1231886 0.921689 0.3678503 0.1231885 0.9216891 0.3678503 0.1231886 0.9217749 0.3679405 0.1222731 0.9217749 0.3679405 0.1222732 0.921775 0.3679405 0.1222732 0.9374784 0.3395901 0.07624143 0.9374784 0.3395901 0.07624137 0.9358955 0.3466936 0.0624758 0.9358955 0.3466937 0.0624758 0.9358955 0.3466936 0.06247574 0.9157139 0.3793687 0.1324679 0.9157139 0.3793687 0.1324677 0.9157139 0.3793687 0.1324679 0.9079111 0.3888093 0.1566045 0.9079111 0.3888093 0.1566045 0.9079111 0.3888093 0.1566045 0.9021956 0.387773 0.1888793 0.9021956 0.387773 0.1888793 0.9021956 0.387773 0.1888793 0.870853 0.4465278 0.2054951 0.9045848 0.393561 0.1638171 0.8964376 0.412366 0.1623393 0.8964377 0.412366 0.1623393 0.8964377 0.412366 0.1623392 0.9047752 0.4016593 0.1416051 0.9047752 0.4016593 0.1416051 0.9106395 0.39722 0.113808 0.8895632 0.4236142 0.1709635 0.8895632 0.4236142 0.1709635 0.8895632 0.4236142 0.1709635 0.8796604 0.4354887 0.1911737 0.8796603 0.4354887 0.1911737 0.8796603 0.4354887 0.1911737 0.8783389 0.4419839 0.1821298 0.8783389 0.4419839 0.1821298 0.8783388 0.4419839 0.1821297 0.8864383 0.4343565 0.1598803 0.8864383 0.4343565 0.1598803 0.8864382 0.4343566 0.1598803 0.8688101 0.4560174 0.1929172 0.8688102 0.456017 0.1929177 0.8688102 0.4560173 0.1929174 0.8598784 0.4629501 0.215143 0.8598784 0.4629498 0.2151431 0.8598784 0.4629501 0.215143 0.851123 0.4609057 0.2513078 0.851123 0.4609057 0.2513077 0.851123 0.4609057 0.2513079 0.8557122 0.4789155 0.1959505 0.8557122 0.4789156 0.1959505 0.8557121 0.4789156 0.1959503 0.863386 0.4764593 0.1659861 0.863386 0.476459 0.1659861 0.863386 0.4764591 0.165986 0.844936 0.4889727 0.2167698 0.1615081 0.7140898 0.6811689 0.2055967 0.7229763 0.6595721 0.2058805 0.7230821 0.6593675 0.2058805 0.7230821 0.6593676 0.2058805 0.7230821 0.6593675 0.2295653 0.7279973 0.6460029 0.2295653 0.7279974 0.6460028 0.2295653 0.7279973 0.6460028 0.1137658 0.712514 0.6923736 0.1341173 0.7148697 0.6862754 0.1341173 0.7148697 0.6862754 0.2486371 0.7569035 0.6043815 0.248637 0.7569034 0.6043815 0.2486371 0.7569035 0.6043814 0.2026007 0.7463911 0.633919 0.2026007 0.7463911 0.633919 0.2026003 0.7463927 0.6339173 0.316753 0.7719649 0.5511241 0.3167531 0.7719649 0.551124 0.3167531 0.7719649 0.5511242 0.1550916 0.7427672 0.6513397 0.1550916 0.7427673 0.6513397 0.1272984 0.7436262 0.6563652 0.1272984 0.7436262 0.6563652 0.1272984 0.7436263 0.6563651 0.2427641 0.7798375 0.5769916 0.2427641 0.7798375 0.5769916 0.2700954 0.7754563 0.5707154 0.2700954 0.7754563 0.5707153 0.2700954 0.7754563 0.5707153 0.06467086 0.7118684 0.699329 0.1126365 0.7125656 0.6925051 0.1126365 0.7125656 0.6925052 0.1126365 0.7125656 0.6925051 0.1023273 0.7521657 0.6509808 0.1023274 0.7521657 0.6509808 0.1023274 0.7521657 0.6509807 0.04240965 0.7287822 0.683431 0.05808687 0.7592356 0.6482185 0.07475936 0.7669278 0.637364 0.07475936 0.7669278 0.637364 0.05844134 0.71303 0.6986938 0.2238347 0.7675942 0.6005809 0.2238348 0.7675941 0.6005809 0.2238348 0.7675941 0.6005809 0.218344 0.7891521 0.5740776 0.218344 0.7891521 0.5740776 0.2183441 0.789152 0.5740775 0.1968569 0.7700671 0.6068311 0.1968569 0.7700672 0.6068311 0.1509081 0.7582868 0.6342144 0.1509081 0.7582868 0.6342144 0.1723266 0.7793979 0.6023641 0.1723266 0.779398 0.6023641 0.1723267 0.7793979 0.6023642 0.1780343 0.7557111 0.6302417 0.1780341 0.755711 0.6302419 0.1780341 0.755711 0.6302418 0.2919057 0.7845159 0.5471069 0.2665033 0.7883594 0.5544958 0.2665032 0.7883593 0.5544959 0.2665033 0.7883593 0.5544959 0.9107434 0.397181 -0.1131091 0.9107435 0.3971807 -0.1131091 0.9107435 0.3971808 -0.1131091 0.8843528 0.4422084 -0.1495723 0.8843529 0.4422084 -0.1495723 0.8843528 0.4422085 -0.1495723 0.9386278 0.336651 -0.07512736 0.9386278 0.336651 -0.07512736 0.9386277 0.336651 -0.07512736 0.9375491 0.3406612 -0.07036745 0.9302676 0.3499352 -0.1102159 0.9302676 0.3499352 -0.1102159 0.9302677 0.3499351 -0.1102159 0.9363212 0.3434929 -0.07290637 0.9363211 0.3434929 -0.07290637 0.9363212 0.3434929 -0.07290637 0.9047855 0.4014043 -0.1422598 0.9047855 0.4014043 -0.1422598 0.9047855 0.4014042 -0.14226 0.8766577 0.4479052 -0.175648 0.8766578 0.4479053 -0.175648 0.8766578 0.4479053 -0.1756481 0.9152477 0.3804327 -0.1326376 0.9152477 0.3804326 -0.1326378 0.9152477 0.3804327 -0.1326376 0.9215946 0.3679364 -0.1236367 0.9215946 0.3679364 -0.1236367 0.9215947 0.3679365 -0.1236367 0.9213455 0.3683737 -0.1241911 0.9213455 0.3683738 -0.1241912 0.9213455 0.3683737 -0.1241912 0.9073436 0.3908106 -0.1549016 0.9073436 0.3908107 -0.1549016 0.9073437 0.3908107 -0.1549017 0.8895126 0.4269918 -0.1626204 0.8895126 0.4269918 -0.1626204 0.8895126 0.4269918 -0.1626204 0.9132523 0.3806279 -0.1452334 0.9132523 0.380628 -0.1452333 0.9132523 0.3806279 -0.1452333 0.8894308 0.4239618 -0.1707905 0.8894308 0.4239618 -0.1707905 0.8894308 0.4239618 -0.1707905 0.8966404 0.4120122 -0.1621177 0.8966404 0.4120121 -0.1621177 0.8966404 0.4120122 -0.1621177 0.8800448 0.4348516 -0.1908543 0.8800447 0.4348517 -0.1908543 0.8800447 0.4348517 -0.1908543 0.9033113 0.3960278 -0.1648961 0.9033114 0.3960278 -0.164896 0.9033114 0.3960278 -0.1648961 0.9009854 0.393288 -0.1831665 0.9009853 0.3932881 -0.1831665 0.8711107 0.4461992 -0.2051157 0.8711107 0.4461992 -0.2051157 0.8711107 0.4461992 -0.2051157 0.85912 0.4691529 -0.2044711 0.85912 0.4691529 -0.2044711 0.8671439 0.4582481 -0.1951158 0.8671439 0.4582481 -0.1951159 0.8711574 0.4390112 -0.2198953 0.8711574 0.4390112 -0.2198954 0.8476369 0.481248 -0.2234098 0.8476369 0.4812481 -0.2234099 0.2923832 0.7819796 -0.5504727 0.2923832 0.7819795 -0.5504727 0.3165154 0.7705284 -0.5532666 0.3165155 0.7705284 -0.5532665 0.3165155 0.7705284 -0.5532666 0.2662003 0.7875952 -0.5557259 0.2662003 0.7875952 -0.5557259 0.2686703 0.7758173 -0.5708974 0.2686704 0.7758172 -0.5708974 0.2686707 0.7758173 -0.5708971 0.2436173 0.7789409 -0.5778424 0.2186556 0.7902107 -0.5725005 0.2186556 0.7902108 -0.5725004 0.2186556 0.7902107 -0.5725005 0.2240216 0.76807 -0.5999023 0.2240217 0.7680702 -0.5999022 0.2240216 0.7680701 -0.5999023 0.2483693 0.7579633 -0.603162 0.2483693 0.7579634 -0.6031619 0.2483693 0.7579633 -0.6031619 0.1972385 0.7708513 -0.6057108 0.1972385 0.7708513 -0.6057108 0.1972385 0.7708513 -0.6057108 0.1725111 0.780101 -0.6014003 0.1725111 0.780101 -0.6014003 0.2024147 0.7473991 -0.6327898 0.2024148 0.7473991 -0.6327899 0.2024149 0.747399 -0.6327898 0.1787451 0.7573166 -0.6281098 0.178745 0.7573164 -0.6281098 0.178745 0.7573165 -0.6281098 0.1512662 0.7586258 -0.6337236 0.1512662 0.7586257 -0.6337236 0.2075636 0.7241801 -0.6576326 0.1614499 0.7146428 -0.6806024 0.1614503 0.7146416 -0.6806036 0.2055246 0.7232488 -0.6592956 0.1555465 0.7435357 -0.6503537 0.1133315 0.7125447 -0.6924132 0.1133315 0.7125448 -0.6924132 0.1133315 0.7125447 -0.6924132 0.1357735 0.7156233 -0.6851635 0.1357735 0.7156233 -0.6851634 0.1357735 0.7156233 -0.6851634 0.1277478 0.744904 -0.6548271 0.1277478 0.744904 -0.6548272 0.1277478 0.744904 -0.6548272 0.1022905 0.7524361 -0.6506739 0.1022904 0.7524361 -0.6506741 0.1022903 0.7524361 -0.6506741 0.05764746 0.759894 -0.6474859 0.05764746 0.759894 -0.6474859 0.05764752 0.759894 -0.6474859 0.04288554 0.7288007 -0.6833816 0.1121472 0.7129272 -0.6922124 0.1121472 0.7129271 -0.6922124 0.1121472 0.7129272 -0.6922123 0.05902087 0.7135075 -0.6981573 0.06471717 0.7121713 -0.6990163 0.06471711 0.7121713 -0.6990163 0.06471711 0.7121713 -0.6990163 0.07407313 0.7673677 -0.6369145 0.9098945 0.3967463 0.1211794 0.9455429 0.3117622 0.09355676 0.9453564 0.3204874 0.05991101 0.9225803 0.3573711 0.1453671 0.9225803 0.3573711 0.1453671 0.9225803 0.3573711 0.145367 0.8924702 0.4348596 0.1199759 0.8924702 0.4348596 0.1199758 0.8924702 0.4348596 0.1199758 0.9441659 0.3244619 0.05722945 0.9283021 0.3583356 0.09925168 0.9283021 0.3583357 0.09925174 0.9283021 0.3583356 0.09925174 0.9442151 0.3241901 0.05795621 0.7970999 0.5182545 0.30991 0.7970998 0.5182545 0.30991 0.9201971 0.3756537 0.1100982 0.9201972 0.3756537 0.1100982 0.9201971 0.3756538 0.1100981 0.9030296 0.4016436 0.1523813 0.8668812 0.4789062 0.1384414 0.8668812 0.4789062 0.1384413 0.8668812 0.4789062 0.1384413 0.7806279 0.5328904 0.32657 0.7682563 0.5411723 0.341928 0.7658085 0.5435819 0.343593 0.9372081 0.3456978 0.04619818 0.9204232 0.376118 0.1065672 0.9204232 0.3761179 0.1065673 0.9204232 0.376118 0.1065672 0.7512861 0.5552282 0.3567785 0.6605482 0.6350156 0.400539 0.6605482 0.6350156 0.4005389 0.6605482 0.6350155 0.400539 0.7018499 0.5938085 0.393444 0.70185 0.5938085 0.393444 0.7376954 0.5632906 0.3721683 0.7376954 0.5632907 0.3721683 0.7376954 0.5632906 0.3721683 0.7647939 0.5847336 0.2705125 0.7647939 0.5847335 0.2705125 0.7647939 0.5847335 0.2705126 0.7592043 0.5689564 0.3160656 0.7481283 0.5678677 0.3432644 0.7658157 0.5863241 0.2641034 0.7658156 0.5863241 0.2641033 0.7658156 0.5863241 0.2641033 0.9432546 0.3236728 0.07420724 0.9432546 0.3236728 0.07420724 0.9432547 0.3236728 0.07420718 0.9418609 0.3312272 0.05644935 0.9418609 0.3312273 0.05644935 0.9418609 0.3312272 0.05644935 0.4750543 0.6836847 0.5539843 0.5161327 0.6739881 0.528533 0.4751734 0.6835801 0.5540115 0.4751734 0.6835799 0.5540115 0.4751733 0.6835801 0.5540115 0.4326289 0.6941406 0.575327 0.4522189 0.6909083 0.5640425 0.4522615 0.6908946 0.5640251 0.4522614 0.6908947 0.5640251 0.3402717 0.7238042 0.6002689 0.3402717 0.7238042 0.6002689 0.3402717 0.7238042 0.6002689 0.3881441 0.7054573 0.5930213 0.388144 0.7054573 0.5930213 0.3881441 0.7054573 0.5930213 0.43257 0.6936136 0.5760065 0.4325701 0.6936136 0.5760064 0.1588038 0.7866171 0.5966699 0.1588038 0.7866171 0.5966699 0.1588038 0.7866171 0.5966699 0.1150918 0.7698966 0.6277046 0.1150919 0.7698966 0.6277047 0.1150919 0.7698966 0.6277047 0.04775345 0.7871874 0.6148623 0.07153689 0.7634885 0.6418473 0.1954861 0.8035058 0.5622844 0.1954861 0.8035057 0.5622844 0.1606207 0.7903395 0.5912399 0.05359512 0.7981962 0.6000087 0.05359524 0.7981962 0.6000087 0.05359512 0.7981963 0.6000087 0.1369855 0.7954064 0.590393 0.1369857 0.7954064 0.5903929 0.1369855 0.7954063 0.590393 0.04964673 0.8141265 0.5785615 0.211597 0.8122961 0.5435088 0.1893252 0.794318 0.5772479 0.2126001 0.8155928 0.5381541 0.07458001 0.828256 0.5553647 0.07458001 0.8282558 0.555365 0.07457995 0.828256 0.5553647 0.07002127 0.8288573 0.5550611 0.07002121 0.8288573 0.5550611 0.07002121 0.8288573 0.5550611 0.09190404 0.8259341 0.5562254 0.0919041 0.8259341 0.5562254 0.0919041 0.8259341 0.5562254 0.06637156 0.8391958 0.5397642 0.0663715 0.8391958 0.5397642 0.0663715 0.8391958 0.5397642 0.06597763 0.8398671 0.5387673 0.221306 0.8235726 0.5222565 0.2006527 0.8286817 0.5225182 0.2006528 0.8286817 0.5225182 0.2006527 0.8286817 0.5225183 0.1573781 0.8447589 0.5114827 0.1573782 0.8447589 0.5114828 0.1573781 0.8447589 0.5114828 0.1461631 0.8462815 0.5122929 0.1461632 0.8462814 0.5122929 0.1461631 0.8462815 0.5122929 0.07074546 0.8511605 0.5201164 0.07074546 0.8511604 0.5201164 0.07074546 0.8511605 0.5201164 0.06723499 0.8645333 0.498058 0.06723505 0.8645333 0.498058 0.06723505 0.8645333 0.498058 0.9438977 0.3260345 -0.05252265 0.9438977 0.3260344 -0.05252259 0.9438977 0.3260344 -0.05252265 0.8418928 0.5239292 -0.1292856 0.8418929 0.5239291 -0.1292856 0.8418929 0.5239291 -0.1292856 0.8217821 0.5574814 -0.1178508 0.8217821 0.5574814 -0.1178508 0.8217821 0.5574814 -0.1178507 0.8769199 0.4530242 -0.1605643 0.8769198 0.4530241 -0.1605643 0.8769198 0.4530241 -0.1605642 0.9471184 0.3133314 -0.06921249 0.9471184 0.3133314 -0.06921249 0.9471184 0.3133314 -0.06921249 0.9212881 0.3752432 -0.1020827 0.9212882 0.3752432 -0.1020827 0.9212881 0.3752432 -0.1020828 0.8986615 0.4108283 -0.1537134 0.8986614 0.4108282 -0.1537134 0.9183595 0.3804712 -0.1088929 0.9183595 0.3804711 -0.1088931 0.9183595 0.3804711 -0.1088931 0.9428584 0.3277177 -0.06015992 0.9455339 0.3200057 -0.05968332 0.9455339 0.3200057 -0.05968332 0.9099974 0.3965705 -0.1209829 0.9434446 0.3176702 -0.09485721 0.9434447 0.3176702 -0.09485721 0.9434446 0.3176703 -0.09485721 0.8874406 0.4427869 -0.1280195 0.9435421 0.3219903 -0.07778537 0.9435421 0.3219903 -0.07778537 0.9435421 0.3219903 -0.07778537 0.9216361 0.3609016 -0.1426075 0.9216362 0.3609017 -0.1426075 0.9216362 0.3609016 -0.1426075 0.9319446 0.3612381 -0.0314092 0.9319446 0.3612381 -0.03140908 0.9319445 0.3612382 -0.03140926 0.8915609 0.4297111 -0.1430656 0.8005582 0.5545922 -0.2270118 0.8005579 0.5545925 -0.227012 0.8005581 0.5545922 -0.2270118 0.8649528 0.4363363 -0.2479264 0.8490392 0.4819953 -0.2163632 0.7625595 0.5603516 -0.3232792 0.7970283 0.5186675 -0.3094027 0.8249782 0.4915734 -0.2788665 0.8249782 0.4915734 -0.2788667 0.8249783 0.4915735 -0.2788665 0.8456289 0.480876 -0.2316684 0.8329416 0.4868599 -0.263013 0.8329417 0.4868599 -0.263013 0.8329417 0.4868599 -0.263013 0.8090375 0.5370702 -0.2387763 0.8090375 0.5370703 -0.2387763 0.7644115 0.588877 -0.2624863 0.7644115 0.588877 -0.2624865 0.7644115 0.588877 -0.2624864 0.7868348 0.506115 -0.3531836 0.7868348 0.5061148 -0.3531836 0.7868349 0.5061149 -0.3531836 0.7899938 0.5201339 -0.3246082 0.7446165 0.6153339 -0.2586708 0.7446163 0.615334 -0.2586711 0.7446165 0.615334 -0.2586708 0.7664228 0.544228 -0.3411924 0.7664228 0.5442278 -0.3411926 0.7664228 0.544228 -0.3411923 0.783982 0.5538846 -0.2803285 0.6133458 0.6829876 -0.3966547 0.6133459 0.6829875 -0.3966546 0.6133458 0.6829876 -0.3966548 0.6608626 0.6342667 -0.4012062 0.701583 0.594767 -0.392471 0.701583 0.594767 -0.392471 0.701583 0.5947671 -0.3924711 0.7371282 0.5650094 -0.3706837 0.7371281 0.5650094 -0.3706838 0.7371281 0.5650094 -0.3706837 0.7511311 0.5561979 -0.3555927 0.7212192 0.645672 -0.2508997 0.7212191 0.645672 -0.2508996 0.7212193 0.645672 -0.2508997 0.695111 0.6305081 -0.3453695 0.6665077 0.620472 -0.4132581 0.6665076 0.6204719 -0.4132581 0.5895262 0.6632049 -0.4611054 0.5895262 0.663205 -0.4611054 0.4705912 0.7792105 -0.4139745 0.470591 0.7792105 -0.4139748 0.470591 0.7792105 -0.4139747 0.6156534 0.6471068 -0.4496929 0.6156534 0.6471068 -0.449693 0.6156534 0.6471068 -0.4496929 0.5506158 0.6818258 -0.4815973 0.4755841 0.6832866 -0.5540209 0.5141903 0.6785778 -0.5245384 0.5493549 0.6813994 -0.4836364 0.5493549 0.6813993 -0.4836364 0.5493549 0.6813994 -0.4836364 0.06928277 0.8634049 -0.4997318 0.06928282 0.8634049 -0.4997318 0.06928282 0.8634049 -0.4997318 0.4328326 0.6938149 -0.5755667 0.4530928 0.6898126 -0.5646818 0.4530929 0.6898127 -0.5646817 0.3403431 0.7234808 -0.6006181 0.3403431 0.7234808 -0.6006182 0.3403431 0.7234808 -0.6006183 0.3884384 0.7048906 -0.5935024 0.3884383 0.7048906 -0.5935024 0.4316783 0.6943635 -0.5757719 0.4316782 0.6943635 -0.5757719 0.06585711 0.8417854 -0.5357801 0.06585717 0.8417854 -0.5357801 0.06585711 0.8417854 -0.5357801 0.1456544 0.8443908 -0.5155473 0.1456544 0.8443908 -0.5155473 0.1456544 0.8443908 -0.5155474 0.07005536 0.8487454 -0.5241408 0.07005536 0.8487454 -0.5241408 0.07005536 0.8487454 -0.5241408 0.06870621 0.8380657 -0.5412258 0.2005647 0.8030676 -0.5611206 0.2134318 0.8155519 -0.5378867 0.2134317 0.8155519 -0.5378866 0.2134319 0.8155518 -0.5378866 0.2114304 0.8104513 -0.5463202 0.2114303 0.8104513 -0.5463202 0.04960089 0.8164109 -0.5753374 0.06991499 0.8301678 -0.5531124 0.08871841 0.8265351 -0.5558497 0.08871835 0.8265351 -0.5558497 0.08871829 0.826535 -0.5558497 0.04752761 0.7890306 -0.6125128 0.05363446 0.8007978 -0.5965285 0.05363434 0.8007978 -0.5965286 0.05363446 0.8007978 -0.5965286 0.1547958 0.7965252 -0.5844534 0.1547958 0.7965252 -0.5844534 0.1547958 0.7965252 -0.5844534 0.1624779 0.7941617 -0.5855836 0.1624779 0.7941617 -0.5855836 0.1594815 0.7883689 -0.5941718 0.1594815 0.7883689 -0.5941718 0.07202649 0.7649177 -0.6400884 0.1139329 0.7709891 -0.6265743 0.1139329 0.7709891 -0.6265743 0.1139329 0.7709891 -0.6265743 0.8159303 0.507687 0.2766076 0.8159303 0.507687 0.2766076 0.823033 0.4978464 0.2734332 0.823033 0.4978464 0.2734332 0.823033 0.4978464 0.2734332 0.8496428 0.4672082 0.2445888 0.8496428 0.4672082 0.2445889 0.8496428 0.4672082 0.2445889 0.8722136 0.4382386 0.2172337 0.8128758 0.5176568 0.2669543 0.8688878 0.4498677 0.2065263 0.8558918 0.4702357 0.2152386 0.8558918 0.4702357 0.2152385 0.8558918 0.4702357 0.2152386 0.5521945 0.6729892 0.4921045 0.5521945 0.6729891 0.4921044 0.5953465 0.6451373 0.4789161 0.5953465 0.6451373 0.4789161 0.5953465 0.6451372 0.4789161 0.6331695 0.6260233 0.4551827 0.6331695 0.6260234 0.4551826 0.6331695 0.6260234 0.4551826 0.6826211 0.6092414 0.4035509 0.6813821 0.6183427 0.3916257 0.6813822 0.6183426 0.3916257 0.6813822 0.6183427 0.3916257 0.5532972 0.6720688 0.4921236 0.5442026 0.7033439 0.4573301 0.7932695 0.5504471 0.2602528 0.7924718 0.5389176 0.2855808 0.6770674 0.6588495 0.3278675 0.6767989 0.6349585 0.3725197 0.6865664 0.6223492 0.3759096 0.8797487 0.4462351 0.1640625 0.7899065 0.5626323 0.2439114 0.7906807 0.5755571 0.2087057 0.8814118 0.4485585 0.1480154 0.8814118 0.4485586 0.1480154 0.8814117 0.4485586 0.1480154 0.7966526 0.5512662 0.247892 0.8813381 0.4507429 0.1416838 0.8840205 0.4470969 0.1364272 0.943682 0.3248015 0.06299632 0.9445666 0.3247251 0.04845106 0.9445667 0.3247252 0.04845106 0.9445666 0.3247251 0.04845106 0.8798058 0.4566166 0.1320725 0.8816969 0.4576871 0.1145999 0.8816971 0.4576869 0.1146 0.8816971 0.457687 0.1146 0.8829281 0.4519132 0.127328 0.8829281 0.4519132 0.1273279 0.8829281 0.4519132 0.127328 0.9459447 0.3190939 0.05803328 0.9459447 0.3190938 0.0580331 0.9459447 0.3190939 0.05803316 0.8824682 0.4564683 0.1135202 0.8824682 0.4564682 0.1135203 0.8824682 0.4564682 0.1135203 0.8832442 0.4527911 0.1219021 0.883244 0.4527911 0.1219021 0.883244 0.4527911 0.1219021 0.9455181 0.3204985 0.05723857 0.9455181 0.3204985 0.05723863 0.945518 0.3204986 0.05723869 0.9461833 0.3210473 0.04081386 0.8842924 0.4528138 0.1139599 0.8842924 0.4528138 0.1139599 0.8842924 0.4528138 0.1139599 0.8826369 0.4576261 0.1073811 0.9455491 0.3207201 0.05545836 0.8838462 0.4571712 0.09904867 0.883846 0.4571713 0.09904873 0.8838462 0.4571712 0.09904873 0.9475495 0.3157695 0.0493946 0.9475495 0.3157694 0.04939454 0.9475494 0.3157695 0.04939466 0.8846921 0.4536218 0.1074589 0.8846921 0.4536218 0.1074589 0.884692 0.4536218 0.1074589 0.9481261 0.314096 0.04899525 0.9481261 0.314096 0.04899543 0.9481261 0.3140962 0.04899519 0.8840109 0.4575378 0.09583282 0.8840109 0.4575381 0.09583288 0.8840108 0.457538 0.09583282 0.8849614 0.4538221 0.1043491 0.8849614 0.4538221 0.1043491 0.8849615 0.4538222 0.1043491 0.9468848 0.3180263 0.04762876 0.9468849 0.3180263 0.04762846 0.9468849 0.3180263 0.04762864 0.8846701 0.4569052 0.09271758 0.88467 0.4569053 0.0927177 0.8846701 0.4569048 0.09271782 0.9472928 0.3187121 0.03254324 0.9472928 0.3187121 0.03254324 0.9472928 0.3187121 0.03254324 0.8851482 0.4552677 0.09614557 0.8851482 0.4552677 0.09614557 0.8851482 0.4552677 0.09614557 0.884359 0.4577334 0.09159409 0.9473736 0.3168997 0.04536527 0.9473736 0.3168997 0.04536527 0.9473735 0.3168997 0.04536527 0.8855988 0.4568378 0.08374977 0.886403 0.4545196 0.08776038 0.886403 0.4545195 0.08776044 0.886403 0.4545196 0.08776038 0.9492957 0.3116652 0.04126185 0.9492957 0.3116652 0.04126179 0.9492958 0.3116652 0.04126185 0.9490455 0.3128556 0.0378682 0.9490456 0.3128553 0.03786808 0.9490456 0.3128555 0.0378682 0.8855812 0.4579963 0.07736653 0.8855811 0.4579961 0.07736659 0.8855812 0.457996 0.07736659 0.8862462 0.4557806 0.08265417 0.8862463 0.4557805 0.08265417 0.9489995 0.3130539 0.03738117 0.9489995 0.3130539 0.03738123 0.9489995 0.3130539 0.03738117 0.8860014 0.4573351 0.07646095 0.8860013 0.4573351 0.07646095 0.8860014 0.4573351 0.07646095 0.886449 0.4569008 0.07382315 0.8864492 0.4569007 0.07382303 0.8864491 0.4569007 0.07382309 0.9487248 0.3141416 0.03516334 0.9487248 0.3141416 0.0351634 0.9487248 0.3141416 0.0351634 0.8865355 0.4557179 0.07985049 0.5553342 0.6922084 0.4609248 0.4048078 0.7566525 0.5134273 0.4628244 0.7298114 0.503159 0.4628244 0.7298113 0.5031591 0.4628244 0.7298113 0.5031592 0.4408222 0.7387394 0.509843 0.4408222 0.7387396 0.5098428 0.4174069 0.7503131 0.512642 0.4174069 0.7503132 0.512642 0.4174069 0.7503132 0.512642 0.3948239 0.7917577 0.4660836 0.5421656 0.7658688 0.3456898 0.5519273 0.7280576 0.4065814 0.5436617 0.7362046 0.4030321 0.6847512 0.6489858 0.3315621 0.67682 0.680458 0.2808768 0.6824077 0.6734035 0.2843371 0.7954218 0.5676329 0.2123608 0.9489135 0.3135372 0.03546053 0.8860419 0.4583256 0.0697661 0.8860419 0.4583256 0.06976616 0.8860419 0.4583256 0.06976616 0.9490944 0.3139657 0.02540749 0.9490944 0.3139657 0.02540749 0.9490944 0.3139657 0.02540749 0.8869398 0.4558197 0.07460862 0.8869397 0.4558198 0.07460868 0.8869397 0.4558199 0.07460868 0.24918 0.7313719 0.6348264 0.24918 0.731372 0.6348263 0.24918 0.7313719 0.6348263 0.2980141 0.7196264 0.6271567 0.2980141 0.7196264 0.6271567 0.2980141 0.7196264 0.6271567 0.3280131 0.7634419 0.5563849 0.2622541 0.7478042 0.6099276 0.3654642 0.7530112 0.5471838 0.3644595 0.7108467 0.6015532 0.2609394 0.7270129 0.6351085 0.2957739 0.7633917 0.5742395 0.6794364 0.687524 0.2562755 0.6794364 0.687524 0.2562755 0.6780346 0.6902593 0.2526088 0.6780346 0.6902593 0.2526089 0.6780346 0.6902593 0.2526089 0.7928391 0.5812262 0.1832555 0.792839 0.5812262 0.1832555 0.792839 0.5812262 0.1832555 0.7938402 0.575538 0.1964026 0.7938402 0.575538 0.1964026 0.7938402 0.575538 0.1964026 0.8868007 0.4576641 0.06425011 0.9499059 0.3109546 0.03140103 0.9499059 0.3109546 0.03140109 0.9499059 0.3109545 0.03140097 0.8872647 0.4557244 0.07125002 0.8872647 0.4557245 0.07125002 0.6802495 0.6908512 0.2449192 0.6802495 0.6908512 0.2449192 0.6802495 0.6908512 0.2449192 0.794238 0.5761904 0.1928488 0.794238 0.5761905 0.1928489 0.794238 0.5761905 0.1928489 0.9495011 0.3121818 0.03146743 0.9495011 0.3121818 0.03146737 0.9495012 0.3121818 0.03146737 0.8873603 0.4569967 0.06120324 0.8873602 0.4569967 0.06120318 0.8873602 0.4569967 0.06120312 0.6792022 0.6933222 0.2408087 0.6792023 0.693322 0.2408087 0.6792024 0.693322 0.2408087 0.7934942 0.5819943 0.1779038 0.7934942 0.5819942 0.1779038 0.7934942 0.5819943 0.1779038 0.7943852 0.5779398 0.1869169 0.7943851 0.5779398 0.1869169 0.7943851 0.5779398 0.1869169 0.9495868 0.3121126 0.02951157 0.8867661 0.4578495 0.06340056 0.8867664 0.4578492 0.06340056 0.8867663 0.4578493 0.06340056 0.8873606 0.4563053 0.06615728 0.8873606 0.4563053 0.06615728 0.7946168 0.5792731 0.1817331 0.7946168 0.5792731 0.1817331 0.7946168 0.5792731 0.1817331 0.6784179 0.6967549 0.2329844 0.6784179 0.6967549 0.2329844 0.6784179 0.6967549 0.2329844 0.6804322 0.692838 0.2387212 0.7943948 0.5844363 0.1654425 0.7943948 0.5844363 0.1654426 0.7943949 0.5844363 0.1654425 0.9499073 0.3118739 0.02026969 0.9499073 0.3118739 0.02026969 0.9499073 0.3118739 0.02026969 0.9496275 0.3121167 0.02812045 0.9496275 0.3121167 0.02812045 0.9496275 0.3121167 0.02812051 0.8870366 0.4582843 0.05605047 0.8870366 0.4582842 0.05605047 0.8870366 0.4582843 0.05605047 0.8877112 0.4564229 0.06039112 0.8877112 0.4564229 0.06039112 0.8877111 0.4564229 0.06039118 0.7957893 0.5803821 0.1728471 0.7957893 0.5803821 0.1728471 0.7957893 0.5803821 0.1728471 0.6809372 0.6982267 0.2209162 0.6809372 0.6982267 0.2209162 0.6809372 0.6982268 0.2209162 0.8877964 0.4568921 0.05538207 0.8877964 0.4568921 0.05538207 0.950324 0.3102271 0.02536785 0.950324 0.3102271 0.02536785 0.9503239 0.3102273 0.02536791 0.8876879 0.4575912 0.05119103 0.8876881 0.4575906 0.05119097 0.8876879 0.4575911 0.05119103 0.9504135 0.309978 0.02505844 0.9504099 0.3099892 0.02506023 0.9504098 0.3099892 0.02506023 0.8876669 0.4579524 0.04824185 0.6793044 0.7017681 0.2146325 0.6793045 0.7017681 0.2146325 0.6793045 0.701768 0.2146325 0.6815752 0.6974722 0.2213323 0.7950847 0.58633 0.1551046 0.7950848 0.58633 0.1551046 0.7950847 0.58633 0.1551046 0.7956535 0.5824471 0.1664056 0.7956535 0.5824471 0.1664056 0.7956537 0.5824471 0.1664056 0.8877322 0.4574434 0.05174207 0.8877322 0.4574433 0.05174213 0.8877322 0.4574433 0.05174207 0.9501844 0.3109244 0.02181309 0.9501842 0.3109282 0.02176535 0.9501841 0.3109285 0.02176535 0.8878356 0.4577203 0.04733121 0.8878356 0.4577203 0.04733133 0.8878356 0.4577203 0.04733139 0.6812117 0.7013019 0.2100628 0.7956084 0.5823744 0.1668757 0.7956084 0.5823745 0.1668758 0.7956082 0.5823746 0.1668757 0.795104 0.5848136 0.1606326 0.7951038 0.5848138 0.1606324 0.795104 0.5848135 0.1606326 0.6808835 0.7035048 0.2036631 0.6808835 0.7035048 0.2036632 0.6808835 0.7035048 0.2036632 0.7951651 0.5873438 0.1507971 0.8878773 0.4579272 0.04445993 0.8878773 0.4579271 0.04445999 0.8878774 0.4579272 0.04445999 0.9504797 0.3104755 0.01390302 0.8878479 0.4580122 0.04417085 0.8878479 0.4580122 0.04417085 0.9502511 0.3107122 0.02192878 0.9502494 0.3107173 0.0219295 0.9502494 0.3107173 0.0219295 0.6819127 0.7011539 0.2082744 0.6819127 0.7011539 0.2082744 0.6819127 0.7011539 0.2082744 0.6805176 0.7046137 0.2010356 0.6805174 0.7046139 0.2010357 0.6805313 0.7046018 0.2010311 0.7963039 0.5844728 0.1558579 0.7963041 0.5844726 0.1558579 0.7963041 0.5844727 0.1558579 0.7965396 0.5882138 0.1397472 0.6815547 0.706214 0.1916902 0.7954862 0.5869916 0.150475 0.7954862 0.5869916 0.150475 0.7954862 0.5869916 0.150475 0.6812538 0.706853 0.1904003 0.6812537 0.706853 0.1904004 0.6812537 0.706853 0.1904003 0.888518 0.457482 0.03529894 0.951184 0.3080978 0.01802378 0.8886222 0.4571771 0.03660118 0.6825712 0.7079532 0.1813808 0.7961395 0.5914275 0.1279675 0.7961395 0.5914274 0.1279675 0.7961394 0.5914275 0.1279676 0.7969399 0.5874751 0.1405708 0.7969399 0.5874751 0.1405708 0.8884558 0.4579554 0.03038531 0.8884558 0.4579553 0.03038531 0.8884558 0.4579554 0.03038531 0.9510209 0.3087412 0.01543229 0.9510209 0.308741 0.01543229 0.951021 0.3087412 0.01543229 0.6822723 0.7103534 0.1729236 0.6822723 0.7103534 0.1729236 0.6822723 0.7103534 0.1729236 0.7977232 0.5877743 0.1347564 0.7977232 0.5877742 0.1347563 0.7977232 0.587774 0.1347562 0.888498 0.457836 0.03094625 0.888498 0.4578361 0.03094625 0.888498 0.457836 0.03094625 0.9508857 0.3091964 0.01463234 0.9508857 0.3091964 0.01463228 0.9508857 0.3091962 0.01463228 0.888446 0.4582855 0.02526217 0.888446 0.4582855 0.02526217 0.8884459 0.4582856 0.02526223 0.6829126 0.7098756 0.1723576 0.6829127 0.7098755 0.1723576 0.7969444 0.5916806 0.1216295 0.7969443 0.5916808 0.1216296 0.7969444 0.5916807 0.1216295 0.6816889 0.7124091 0.1666541 0.6816889 0.7124091 0.1666541 0.6816889 0.7124091 0.1666541 0.7969303 0.589785 0.1305984 0.7969303 0.589785 0.1305984 0.7969303 0.589785 0.1305984 0.8885735 0.4579079 0.02752107 0.9510267 0.3088102 0.01358121 0.888763 0.457539 0.02754122 0.888763 0.457539 0.02754116 0.888763 0.457539 0.02754116 0.6831938 0.7119787 0.1622734 0.6831939 0.7119786 0.1622734 0.6831938 0.7119787 0.1622734 0.7970775 0.5908961 0.1245365 0.7970821 0.5908805 0.1245815 0.7970775 0.5908961 0.1245365 0.7969611 0.5925992 0.1169578 0.7969611 0.5925993 0.1169577 0.7969611 0.5925993 0.1169577 0.6830119 0.7133854 0.156768 0.6830118 0.7133854 0.1567681 0.6830117 0.7133855 0.1567681 0.797536 0.5902231 0.1247923 0.797536 0.5902232 0.1247924 0.797536 0.5902232 0.1247924 0.3072962 0.8104353 0.4987621 0.3072963 0.8104354 0.4987621 0.3072963 0.8104354 0.4987622 0.2352628 0.8655798 0.4420669 0.2840736 0.8170402 0.5017448 0.2840736 0.8170402 0.5017447 0.2840736 0.8170402 0.5017447 0.2455444 0.8288885 0.5026448 0.2455444 0.8288885 0.5026449 0.2455444 0.8288885 0.5026449 0.4041864 0.7847197 0.4699453 0.5482289 0.760042 0.3489719 0.3926807 0.8281435 0.3999756 0.399356 0.8233106 0.4033291 0.7974854 0.5912556 0.1201417 0.6831011 0.7127813 0.1591097 0.7973969 0.5935621 0.1088225 0.7973968 0.5935622 0.1088225 0.7973969 0.5935621 0.1088225 0.6824986 0.7144861 0.153965 0.6824987 0.7144861 0.153965 0.6824987 0.7144861 0.153965 0.3953076 0.8423074 0.3664018 0.3953076 0.8423073 0.3664018 0.3953075 0.8423074 0.3664018 0.5453922 0.7744384 0.3206128 0.5453923 0.7744384 0.3206127 0.5453922 0.7744384 0.3206128 0.3940232 0.8442792 0.3632331 0.3940232 0.8442604 0.3632771 0.394023 0.8442605 0.3632771 0.9510247 0.3089473 0.01018029 0.9510247 0.3089473 0.01018029 0.9510247 0.3089473 0.01018029 0.8887007 0.4580539 0.01994293 0.9512556 0.3083183 0.007246732 0.9512557 0.3083183 0.007246732 0.9512556 0.3083182 0.007246732 0.8886612 0.4580878 0.0209009 0.8886612 0.4580878 0.02090084 0.8886613 0.4580878 0.02090084 0.6833541 0.7148982 0.1481479 0.6833542 0.7148981 0.1481478 0.6833542 0.7148981 0.1481478 0.7984045 0.5909445 0.1154771 0.7984045 0.5909444 0.1154771 0.7984045 0.5909445 0.1154771 0.3945653 0.8487712 0.3520023 0.3945654 0.8487713 0.3520024 0.3945654 0.8487712 0.3520023 0.5447199 0.7777362 0.3136986 0.54472 0.7777361 0.3136986 0.5447199 0.7777361 0.3136986 0.5451983 0.78134 0.3037541 0.3946687 0.8483353 0.3529365 0.6827259 0.7173066 0.1391282 0.6827259 0.7173067 0.1391282 0.6827069 0.7173238 0.1391324 0.6835595 0.7153298 0.1450852 0.6835595 0.7153298 0.1450852 0.6835595 0.7153299 0.1450852 0.79781 0.5928117 0.1098801 0.7978099 0.5928117 0.1098802 0.7978101 0.5928117 0.1098801 0.7976956 0.5943208 0.1022971 0.7976956 0.5943208 0.1022971 0.7976956 0.5943209 0.1022971 0.8889237 0.4578617 0.01332151 0.8889237 0.4578617 0.01332151 0.8889237 0.4578617 0.01332151 0.9513598 0.3079943 0.007359325 0.9513598 0.3079943 0.007359325 0.9513598 0.3079942 0.007359325 0.8887946 0.4580554 0.01514613 0.8887946 0.4580555 0.01514613 0.8887946 0.4580554 0.01514613 0.6837022 0.7168412 0.1367117 0.6837024 0.7168409 0.1367117 0.6837022 0.7168411 0.1367118 0.7983436 0.5930739 0.1044561 0.7983438 0.5930736 0.104456 0.5458854 0.7803663 0.3050208 0.5458855 0.7803663 0.3050208 0.3955467 0.8517118 0.3437004 0.3955469 0.8517117 0.3437004 0.3955467 0.8517117 0.3437004 0.9510836 0.3088632 0.006605207 0.9510836 0.3088631 0.006605267 0.9510836 0.3088631 0.006605267 0.8891963 0.4573335 0.01327025 0.8891963 0.4573335 0.01327019 0.8891964 0.4573335 0.01327013 0.6832792 0.718882 0.1278211 0.6832831 0.7188701 0.1278674 0.6832832 0.7188701 0.1278674 0.7981411 0.5937702 0.102019 0.7981412 0.5937702 0.102019 0.7981411 0.5937702 0.102019 0.7978681 0.5950556 0.0965169 0.797868 0.5950556 0.0965169 0.797868 0.5950557 0.0965169 0.8887672 0.4582434 0.01028573 0.8887673 0.4582435 0.01028573 0.8887672 0.4582434 0.01028573 0.9511932 0.3085493 0.005390465 0.9511932 0.3085494 0.005390465 0.9511931 0.3085492 0.005390465 0.888886 0.4580001 0.01085466 0.8888859 0.4580001 0.01085466 0.8888859 0.4580002 0.01085466 0.544754 0.7836092 0.2986634 0.544754 0.7836092 0.2986635 0.5447538 0.7836093 0.2986635 0.3954269 0.8553146 0.3347753 0.3954271 0.8553146 0.3347753 0.395427 0.8553146 0.3347754 0.3949232 0.8552234 0.335602 0.3949231 0.8552235 0.335602 0.5459511 0.7886317 0.2828383 0.5459511 0.7886317 0.2828383 0.5459511 0.7886317 0.2828384 0.6831806 0.7191691 0.1267287 0.6837115 0.7181525 0.1295982 0.7982145 0.594285 0.09838259 0.7982144 0.594285 0.09838259 0.7982171 0.595937 0.08780014 0.7982171 0.5959369 0.08780014 0.7982171 0.5959369 0.08780014 0.9512964 0.3082527 0.003950476 0.9512963 0.3082526 0.003950417 0.9512963 0.3082526 0.003950417 0.9514012 0.3079531 8.59846e-4 0.9514012 0.3079531 8.59844e-4 0.9514012 0.3079531 8.59847e-4 0.8888285 0.4581888 0.006856262 0.8888285 0.4581888 0.006856262 0.8888285 0.4581889 0.006856262 0.8887546 0.4583652 0.004088401 0.8887547 0.4583652 0.004088401 0.3960387 0.8592639 0.3237577 0.3960386 0.859264 0.3237577 0.5471067 0.7858378 0.2883286 0.5471067 0.7858378 0.2883286 0.5471068 0.7858378 0.2883287 0.6840245 0.719501 0.1201205 0.6840244 0.719501 0.1201206 0.6840243 0.7195011 0.1201206 0.7990806 0.594141 0.09201526 0.7990806 0.594141 0.09201526 0.7990805 0.594141 0.09201526 0.394118 0.8641723 0.3128537 0.3941177 0.8641723 0.3128537 0.394118 0.8641723 0.3128537 0.3959367 0.8609624 0.3193398 0.3959368 0.8609625 0.3193397 0.3959368 0.8609625 0.3193398 0.5455141 0.79581 0.2628708 0.5461133 0.790154 0.2782393 0.5461132 0.790154 0.2782393 0.5461133 0.7901539 0.2782393 0.7986166 0.5963231 0.08130377 0.7986166 0.5963233 0.08130383 0.7983463 0.5960361 0.08593165 0.7983464 0.5960361 0.08593159 0.7983464 0.5960361 0.08593165 0.6832006 0.7216642 0.1115249 0.6832006 0.7216641 0.1115249 0.6832006 0.7216642 0.1115248 0.6842632 0.7200989 0.1150721 0.6842631 0.720099 0.1150721 0.7987936 0.5958182 0.08324384 0.7987936 0.5958182 0.08324384 0.7987936 0.5958183 0.0832439 0.6843612 0.7212221 0.1071854 0.6843611 0.721222 0.1071853 0.6843611 0.721222 0.1071853 0.5476685 0.792536 0.2682275 0.5476686 0.7925359 0.2682275 0.5476686 0.792536 0.2682275 0.3963125 0.8656084 0.306037 0.3963126 0.8656083 0.306037 0.3963127 0.8656082 0.306037 0.3958835 0.8667788 0.3032671 0.7987496 0.5969312 0.07531392 0.7987498 0.5969312 0.07531392 0.7987498 0.5969312 0.07531386 0.7984573 0.596764 0.07961726 0.7984573 0.5967639 0.0796172 0.7984573 0.596764 0.07961726 0.684072 0.7220006 0.1037341 0.684072 0.7220005 0.1037341 0.684072 0.7220005 0.1037341 0.396168 0.8690628 0.2962785 0.3961682 0.8690627 0.2962785 0.3961681 0.8690627 0.2962786 0.5466139 0.7939583 0.2661647 0.5466138 0.7939584 0.2661647 0.5466138 0.7939583 0.2661647 0.9513893 0.3079904 5.48694e-4 0.88887 0.4581474 -0.003328084 0.8888662 0.4581549 -0.003328144 0.8888701 0.4581473 -0.003328084 0.8890732 0.4577642 8.16775e-4 0.5461522 0.8004685 0.246917 0.3963256 0.8691543 0.2957988 0.3963257 0.8691542 0.2957988 0.3963257 0.8691542 0.2957988 0.3951145 0.8703993 0.2937511 0.3951145 0.8703993 0.293751 0.3951145 0.8703992 0.2937511 0.546348 0.7962872 0.2596739 0.5463479 0.7962872 0.259674 0.5463482 0.7962871 0.2596738 0.6842457 0.7221385 0.1016073 0.6842456 0.7221385 0.1016073 0.7990058 0.5963764 0.07697409 0.7990057 0.5963764 0.07697409 0.7990058 0.5963765 0.07697409 0.6837258 0.7229874 0.0990377 0.6837258 0.7229874 0.0990377 0.6837258 0.7229873 0.0990377 0.9513725 0.3080307 -0.00278306 0.9513725 0.3080306 -0.00278306 0.9513724 0.3080306 -0.00278306 0.8890781 0.4577151 -0.006099402 0.8890781 0.457715 -0.006099402 0.8890781 0.4577151 -0.006099402 0.8889236 0.4579707 -0.008818566 0.8889236 0.4579707 -0.008818566 0.8889237 0.4579706 -0.008818566 0.9511508 0.3087167 -0.002467572 0.9511509 0.3087166 -0.002467572 0.9511508 0.3087168 -0.002467572 0.8888239 0.45822 -0.005163371 0.8888239 0.45822 -0.005163371 0.8888238 0.45822 -0.005163311 0.3961722 0.8723744 0.2863748 0.5480321 0.7969848 0.2539218 0.5480321 0.7969848 0.2539218 0.5480321 0.7969849 0.2539218 0.8888084 0.4581361 -0.01145416 0.8888083 0.4581362 -0.01145416 0.8888083 0.4581362 -0.01145416 0.8888854 0.4580204 -0.01000845 0.8888854 0.4580203 -0.01000845 0.8888854 0.4580203 -0.01000851 0.9512283 0.308456 -0.004437863 0.9512283 0.308456 -0.004437804 0.9512283 0.308456 -0.004437804 0.5468629 0.8005514 0.2450684 0.5468629 0.8005514 0.2450684 0.5468629 0.8005514 0.2450684 0.3963187 0.8737187 0.2820411 0.3945092 0.8760592 0.2772779 0.3945091 0.8760591 0.2772779 0.3945091 0.8760591 0.2772779 0.7995238 0.5971333 0.0647577 0.6836233 0.7251161 0.08286118 0.7988215 0.597505 0.0697996 0.7988215 0.5975051 0.0697996 0.7988216 0.597505 0.0697996 0.6845221 0.7234655 0.08959501 0.6845222 0.7234655 0.08959496 0.6845221 0.7234655 0.08959496 0.3966209 0.879084 0.2643921 0.3966209 0.879084 0.2643921 0.3966209 0.8790839 0.2643921 0.3966687 0.879032 0.2644933 0.3966686 0.8790321 0.2644933 0.546649 0.8037533 0.2348523 0.5466489 0.8037533 0.2348523 0.5466489 0.8037534 0.2348523 0.5482825 0.8053588 0.2253525 0.5482825 0.8053588 0.2253525 0.5482825 0.8053587 0.2253524 0.7992182 0.5987926 0.05193984 0.7992182 0.5987926 0.05193984 0.7992181 0.5987927 0.05193984 0.6845709 0.7248086 0.07755875 0.7990379 0.5981891 0.06089657 0.7990378 0.5981891 0.06089651 0.7990379 0.5981891 0.06089651 0.3968552 0.8822815 0.2531512 0.3968552 0.8822814 0.2531512 0.3968552 0.8822814 0.2531512 0.5479601 0.8060432 0.2236833 0.5479599 0.8060433 0.2236834 0.5479601 0.8060432 0.2236833 0.7995984 0.5980653 0.05440974 0.7995983 0.5980653 0.0544098 0.684862 0.7254306 0.068663 0.8890494 0.4575629 -0.01507586 0.8890495 0.457563 -0.01507586 0.8890494 0.4575631 -0.01507586 0.9513863 0.3079127 -0.00735569 0.9513862 0.3079125 -0.00735569 0.9513862 0.3079126 -0.00735569 0.9512737 0.3082889 -0.006026744 0.8885454 0.4583198 -0.0207405 0.8885454 0.4583199 -0.0207405 0.8885454 0.4583199 -0.0207405 0.7991957 0.5993492 0.04546463 0.7993713 0.5988596 0.04871249 0.7993713 0.5988595 0.04871249 0.7993713 0.5988595 0.04871243 0.6840432 0.7263408 0.06718528 0.6840432 0.7263408 0.06718516 0.6840437 0.7263404 0.06718516 0.6847187 0.7260008 0.06390011 0.5473731 0.8084359 0.2163662 0.5473731 0.8084358 0.2163662 0.5473731 0.8084359 0.2163661 0.5473691 0.8115078 0.2045538 0.5473691 0.8115078 0.2045538 0.5473691 0.8115078 0.2045538 0.396641 0.8839529 0.2475952 0.396641 0.8839528 0.2475951 0.396641 0.8839529 0.2475952 0.3958376 0.8852376 0.2442687 0.3958377 0.8852375 0.2442687 0.3958377 0.8852375 0.2442687 0.7993993 0.5989125 0.04758954 0.7993993 0.5989125 0.04758954 0.7993992 0.5989125 0.04758954 0.6848851 0.7261207 0.06067258 0.684885 0.7261208 0.06067258 0.6848851 0.7261208 0.06067258 0.5485163 0.8095387 0.20923 0.5485163 0.8095387 0.20923 0.5485163 0.8095387 0.20923 0.3970602 0.8871729 0.23509 0.3969539 0.8875071 0.2340063 0.3969539 0.8875071 0.2340063 0.3969538 0.887507 0.2340063 0.950961 0.3091005 -0.01140904 0.950961 0.3091005 -0.01140898 0.950961 0.3091004 -0.01140904 0.8887505 0.4578496 -0.02227699 0.8887506 0.4578496 -0.02227699 0.8887506 0.4578496 -0.02227699 0.8889169 0.4572231 -0.02781522 0.888917 0.4572232 -0.02781522 0.8889169 0.4572233 -0.02781516 0.6846578 0.7267999 0.05482476 0.6846577 0.7267999 0.05482476 0.6846578 0.7267999 0.05482476 0.7995206 0.5991192 0.04269587 0.7995208 0.5991191 0.04269587 0.7995207 0.5991192 0.04269587 0.7993465 0.5995948 0.03913372 0.7993465 0.5995948 0.03913372 0.7993464 0.5995948 0.03913372 0.3971481 0.8886005 0.2294838 0.3971483 0.8886004 0.2294837 0.397148 0.8886004 0.2294837 0.547895 0.8116752 0.202471 0.547895 0.8116753 0.2024711 0.5478951 0.8116751 0.202471 0.9512124 0.3082803 -0.01258361 0.9512124 0.3082801 -0.01258373 0.9512123 0.3082804 -0.01258367 0.8879755 0.4590524 -0.02775776 0.8879755 0.4590523 -0.0277577 0.8879755 0.4590525 -0.02775776 0.3975251 0.8897972 0.2241311 0.3975253 0.8897972 0.2241312 0.3975256 0.8897971 0.2241311 0.3969666 0.8898233 0.2250156 0.3969666 0.8898233 0.2250156 0.3969666 0.8898233 0.2250156 0.5478923 0.815096 0.1882354 0.5478923 0.8150961 0.1882354 0.5473667 0.8131705 0.1978469 0.5473732 0.8131775 0.1977999 0.5473735 0.8131774 0.1977999 0.8885411 0.4577449 -0.03105533 0.8885411 0.4577449 -0.03105533 0.8885411 0.4577449 -0.03105533 0.9510027 0.3088952 -0.01333254 0.9510027 0.3088952 -0.01333254 0.9510027 0.3088954 -0.0133326 0.8888528 0.4574171 -0.02665072 0.8888529 0.4574171 -0.02665072 0.8888528 0.4574171 -0.02665066 0.2421958 0.8618987 0.4455019 0.1393234 0.8752379 0.4631929 0.1393234 0.875238 0.4631927 0.1393234 0.8752379 0.4631929 0.1499808 0.8747843 0.4607149 0.1499809 0.8747842 0.4607149 0.1499809 0.8747843 0.4607149 0.08883804 0.8813744 0.4639905 0.08196389 0.8859286 0.456522 0.684728 0.7272593 0.04734402 0.684728 0.7272593 0.04734408 0.684728 0.7272593 0.04734408 0.799781 0.5995589 0.02965873 0.799781 0.5995589 0.02965873 0.799781 0.5995589 0.02965873 0.7993253 0.5997108 0.03776639 0.6846946 0.7272298 0.0482726 0.2370035 0.8871412 0.3959922 0.2370035 0.8871413 0.3959922 0.2370035 0.8871413 0.3959922 0.2376726 0.882497 0.4058458 0.2376726 0.8824973 0.4058454 0.2376722 0.8824971 0.4058458 0.07755029 0.9001791 0.4285598 0.07755017 0.9001792 0.4285598 0.07755023 0.9001792 0.4285598 0.3976545 0.891629 0.2164922 0.5486028 0.8136922 0.1921985 0.8883714 0.4575409 -0.03811269 0.8883714 0.4575409 -0.03811269 0.8883715 0.457541 -0.03811269 0.9508898 0.309246 -0.01324611 0.8885056 0.4578283 -0.03084003 0.8885056 0.4578284 -0.03084003 0.9510158 0.3087769 -0.01503235 0.9510158 0.3087769 -0.01503241 0.9510158 0.3087768 -0.01503235 0.8000604 0.5991538 0.03030133 0.8000604 0.5991538 0.03030133 0.8000604 0.5991538 0.03030133 0.6854079 0.7271918 0.03752499 0.6854079 0.7271918 0.03752499 0.6854079 0.7271918 0.03752499 0.3965109 0.8946195 0.2059981 0.3965113 0.8946194 0.205998 0.3965113 0.8946194 0.2059981 0.5480395 0.8185492 0.1721334 0.5480394 0.8185492 0.1721334 0.5480395 0.8185493 0.1721334 0.3970521 0.8934363 0.210051 0.3970521 0.8934362 0.210051 0.3970521 0.8934362 0.2100511 0.5479255 0.8158618 0.1847897 0.799676 0.6000911 0.02022802 0.6850496 0.7278298 0.03116035 0.6850496 0.7278298 0.03116035 0.6850496 0.7278298 0.03116035 0.7996413 0.5999844 0.02434337 0.7996414 0.5999844 0.02434343 0.7996414 0.5999844 0.02434343 0.6847705 0.7280645 0.03180259 0.6847705 0.7280645 0.03180259 0.6847705 0.7280646 0.03180253 0.07446479 0.9079766 0.4123512 0.2381348 0.8934169 0.3809174 0.2364617 0.8880854 0.3941959 0.07591021 0.9068658 0.4145264 0.07591021 0.9068658 0.4145263 0.07591015 0.9068658 0.4145264 0.3972674 0.8968923 0.1943266 0.5489772 0.8174949 0.1741442 0.5489772 0.8174949 0.1741442 0.3976213 0.8960432 0.1974945 0.3976212 0.8960433 0.1974945 0.3976212 0.8960433 0.1974944 0.6856691 0.7274919 0.02476847 0.685669 0.727492 0.02476847 0.685669 0.727492 0.02476853 0.7994499 0.6003402 0.02171927 0.7994499 0.6003401 0.02171927 0.7994498 0.6003403 0.02171927 0.5480339 0.8191359 0.1693375 0.5480339 0.8191359 0.1693376 0.5480338 0.819136 0.1693376 0.3973948 0.8974261 0.1915831 0.7998788 0.5999357 0.01647222 0.7998788 0.5999356 0.01647222 0.7998788 0.5999356 0.01647228 0.6844176 0.7287316 0.02286773 0.6844176 0.7287316 0.02286767 0.6844175 0.7287316 0.02286761 0.800223 0.5995214 0.01474517 0.8002232 0.5995211 0.01474511 0.8002231 0.5995213 0.01474517 0.2377856 0.8946824 0.3781554 0.2377856 0.8946824 0.3781553 0.2377856 0.8946824 0.3781554 0.07886993 0.9151249 0.395381 0.07886987 0.9151248 0.395381 0.07886993 0.9151248 0.395381 0.3976063 0.8990998 0.1831091 0.3976062 0.8990997 0.183109 0.3976062 0.8990997 0.1831091 0.5486556 0.8217566 0.1539262 0.5477887 0.8202809 0.1645206 0.5477888 0.8202808 0.1645206 0.5477887 0.8202809 0.1645205 0.3972426 0.8991239 0.1837791 0.3972426 0.8991238 0.183779 0.3972426 0.8991239 0.183779 0.2380504 0.901637 0.3610857 0.2374876 0.8981526 0.3700292 0.2374876 0.8981525 0.3700293 0.2374876 0.8981526 0.3700292 0.07862353 0.9190479 0.3862245 0.07862347 0.9190479 0.3862245 0.07862359 0.9190479 0.3862245 0.6849557 0.7283734 0.01755166 0.6849557 0.7283734 0.01755166 0.6849557 0.7283733 0.01755166 0.7995614 0.6004511 0.01265937 0.7995613 0.600451 0.01265937 0.6852185 0.7281166 0.0179407 0.6852186 0.7281166 0.01794075 0.6852185 0.7281167 0.01794075 0.9504575 0.3103107 -0.01838392 0.9504575 0.3103107 -0.01838392 0.9504575 0.3103107 -0.01838392 0.888144 0.4580202 -0.03765457 0.888144 0.4580202 -0.03765457 0.888144 0.4580202 -0.03765457 0.888079 0.4573339 -0.04649162 0.3976902 0.9002997 0.1769267 0.3976903 0.9002996 0.1769267 0.3976902 0.9002996 0.1769267 0.5492321 0.8209777 0.156012 0.5492322 0.8209776 0.1560119 0.5492322 0.8209777 0.156012 0.8881258 0.4568613 -0.05010271 0.8881258 0.4568612 -0.05010277 0.8881259 0.4568613 -0.05010277 0.8879996 0.4576167 -0.04520976 0.9503024 0.3105511 -0.02198916 0.9503024 0.3105511 -0.02198916 0.9503024 0.3105511 -0.02198916 0.07700425 0.9228296 0.3774333 0.07700419 0.9228296 0.3774333 0.07700431 0.9228296 0.3774333 0.2376782 0.908142 0.3446552 0.2376781 0.908142 0.3446552 0.2376781 0.9081421 0.3446552 0.2376224 0.9018157 0.360921 0.2376224 0.9018158 0.360921 0.2376223 0.9018158 0.360921 0.07542151 0.9253212 0.3716078 0.5485352 0.8228591 0.1483649 0.3973668 0.9019055 0.1693108 0.3973668 0.9019055 0.1693109 0.3973668 0.9019055 0.1693108 0.3967151 0.9026383 0.1669173 0.5488038 0.8246079 0.1372455 0.9505838 0.3097202 -0.02154153 0.9505837 0.3097201 -0.02154153 0.9505838 0.3097202 -0.02154153 0.8873562 0.4586314 -0.04750221 0.8873559 0.4586319 -0.04750221 0.8873562 0.4586315 -0.04750227 0.8000285 0.5999357 0.005622744 0.7999265 0.6000512 0.007498025 0.7999265 0.6000513 0.007497966 0.7999265 0.6000513 0.007497966 0.6855966 0.727936 0.008150756 0.6855966 0.727936 0.008150815 0.6855966 0.727936 0.008150815 0.684641 0.7288804 3.35568e-4 0.6846406 0.7288807 3.35569e-4 0.6846411 0.7288804 3.35568e-4 0.9505291 0.30975 -0.02343815 0.8877192 0.4579271 -0.04751431 0.8879657 0.4565393 -0.05557584 0.8879657 0.4565394 -0.05557578 0.8879658 0.4565394 -0.05557578 0.3977257 0.9043551 0.1547778 0.5490952 0.8239375 0.1400769 0.5490952 0.8239375 0.1400769 0.5490953 0.8239374 0.1400769 0.3981615 0.9037507 0.1571688 0.3981615 0.9037508 0.1571689 0.3981616 0.9037507 0.1571689 0.398136 0.9048096 0.1510211 0.3981361 0.9048097 0.1510211 0.3981361 0.9048097 0.1510211 0.5487522 0.825208 0.1338018 0.2378203 0.9077649 0.3455496 0.07881844 0.9291327 0.3612479 0.2378884 0.9134035 0.3303079 0.2378885 0.9134035 0.3303078 0.2378885 0.9134035 0.3303079 0.7998881 0.6001237 -0.005539774 0.7998881 0.6001238 -0.005539715 0.7998881 0.6001237 -0.005539774 0.684596 0.7289228 1.719e-4 0.684596 0.7289228 1.71896e-4 0.684596 0.7289228 1.71886e-4 0.799616 0.6005111 -9.19152e-4 0.3977024 0.9057515 0.146448 0.3977023 0.9057515 0.146448 0.3977023 0.9057515 0.146448 0.3983724 0.9057521 0.144612 0.3983721 0.9057523 0.1446117 0.3983724 0.9057523 0.1446117 0.5486829 0.8256446 0.1313706 0.5490425 0.8271098 0.1201739 0.5490426 0.8271098 0.1201739 0.2384036 0.9119161 0.334025 0.238407 0.9119154 0.3340246 0.2384068 0.9119154 0.3340246 0.07890552 0.9332646 0.3504157 0.07890528 0.9332646 0.350416 0.07890522 0.9332645 0.3504161 0.6854791 0.7280259 -0.009836316 0.6854791 0.7280259 -0.009836375 0.685479 0.728026 -0.009836375 0.7998273 0.6002007 -0.005967676 0.2379157 0.9168598 0.3205688 0.2379157 0.9168598 0.3205688 0.2379156 0.9168598 0.3205688 0.2378054 0.9148278 0.326403 0.2378054 0.9148277 0.326403 0.2378054 0.9148277 0.3264029 0.07851457 0.9364302 0.3419559 0.799472 0.6006132 -0.01041567 0.799472 0.6006132 -0.01041567 0.799472 0.6006132 -0.01041561 0.6851455 0.7283132 -0.01164352 0.6851454 0.7283133 -0.01164346 0.6851455 0.7283132 -0.01164346 0.6849684 0.7283787 -0.01681661 0.8001016 0.599747 -0.01188546 0.8001015 0.5997468 -0.01188546 0.8001015 0.5997469 -0.01188546 0.3982867 0.9066796 0.1389243 0.3982866 0.9066796 0.1389244 0.3982867 0.9066796 0.1389243 0.54952 0.8263238 0.1233572 0.54952 0.8263238 0.1233571 0.54952 0.8263238 0.1233572 0.07729536 0.9389939 0.3351356 0.0772953 0.9389939 0.3351356 0.0772953 0.9389939 0.3351356 0.2380598 0.9221539 0.3048929 0.2379212 0.9168004 0.3207342 0.07512336 0.9414511 0.3286736 0.684787 0.7285185 -0.01810055 0.6847869 0.7285186 -0.01810055 0.684787 0.7285184 -0.0181005 0.7996646 0.6002846 -0.01397103 0.7996646 0.6002846 -0.01397097 0.7996646 0.6002845 -0.01397103 0.3976717 0.9081615 0.1307671 0.3970664 0.9088088 0.1280815 0.5489972 0.82788 0.1149654 0.5489971 0.82788 0.1149654 0.5489974 0.8278798 0.1149654 0.8869839 0.4572991 -0.06432062 0.8876475 0.4572975 -0.05441683 0.9507396 0.3088527 -0.02653688 0.949514 0.3130341 -0.02080696 0.949514 0.3130341 -0.02080696 0.9495139 0.3130341 -0.02080696 0.6852074 0.72794 -0.02437496 0.8000842 0.5995863 -0.01901501 0.8000844 0.5995863 -0.01901501 0.8000842 0.5995863 -0.01901501 0.7998321 0.5999968 -0.01651132 0.799832 0.5999969 -0.01651132 0.2383662 0.9278017 0.286994 0.07867574 0.9444947 0.3189671 0.2379526 0.9222355 0.3047301 0.2379526 0.9222355 0.3047301 0.3984466 0.9098117 0.1161164 0.5502727 0.8292027 0.0980969 0.5492529 0.8292919 0.1029386 0.549253 0.8292919 0.1029386 0.549253 0.8292918 0.1029386 0.3977974 0.9105288 0.1126712 0.3977974 0.9105288 0.1126712 0.8868189 0.4579234 -0.06211626 0.8868188 0.4579236 -0.06211626 0.8868188 0.4579236 -0.06211626 0.8867785 0.4565019 -0.07232034 0.8867785 0.4565019 -0.0723204 0.8867785 0.4565019 -0.0723204 0.9494045 0.3125887 -0.03032112 0.9494045 0.3125888 -0.03032118 0.9494046 0.3125885 -0.03032118 0.6852928 0.727582 -0.03159797 0.6852928 0.727582 -0.03159803 0.6843041 0.728333 -0.03548204 0.7994764 0.6001682 -0.0252155 0.7994764 0.6001682 -0.02521556 0.8000536 0.5991877 -0.02980422 0.07914996 0.950025 0.3019731 0.0791499 0.9500251 0.3019732 0.07915002 0.950025 0.3019732 0.2392053 0.9270115 0.2888433 0.2392053 0.9270115 0.2888433 0.2392054 0.9270115 0.2888433 0.8871396 0.4568665 -0.06524097 0.8871396 0.4568665 -0.06524085 0.8871397 0.4568663 -0.06524085 0.9491179 0.3130695 -0.03410035 0.9491178 0.3130697 -0.03410041 0.949118 0.3130694 -0.03410041 0.5494746 0.8303806 0.09244358 0.3982636 0.9115614 0.102187 0.3982639 0.9115613 0.1021869 0.3982542 0.9115654 0.1021875 0.9497476 0.3112885 -0.03285026 0.9497475 0.3112887 -0.03285038 0.9497475 0.3112887 -0.0328505 0.8868167 0.4559476 -0.07528603 0.8868167 0.4559477 -0.07528603 0.8868167 0.4559476 -0.07528603 0.8868396 0.4572349 -0.06672376 0.8868395 0.4572349 -0.06672376 0.8868395 0.457235 -0.06672382 0.3981232 0.9119105 0.09958559 0.398021 0.9121724 0.09757524 0.3980209 0.9121724 0.0975753 0.398021 0.9121724 0.0975753 0.5483714 0.8315743 0.08816593 0.5483716 0.831574 0.08816611 0.5483716 0.8315741 0.08816617 0.07807862 0.953261 0.2918858 0.0780785 0.953261 0.2918858 0.0780785 0.953261 0.2918858 0.2386687 0.9335209 0.2675373 0.2386687 0.9335209 0.2675373 0.2386687 0.9335208 0.2675373 0.07557976 0.9554728 0.2852362 0.2380643 0.9299151 0.2803274 0.6851921 0.7270836 -0.04314273 0.6851922 0.7270836 -0.04314273 0.6851922 0.7270836 -0.04314273 0.7994079 0.5998051 -0.03436493 0.7994079 0.5998051 -0.03436493 0.6849215 0.7265926 -0.05427592 0.9487574 0.31481 -0.02746188 0.9487574 0.31481 -0.02746188 0.9487574 0.31481 -0.02746188 0.8868523 0.4551755 -0.07942527 0.8868523 0.4551755 -0.07942521 0.8868523 0.4551755 -0.07942521 0.8862128 0.4580023 -0.06971961 0.8862128 0.4580023 -0.06971955 0.8862129 0.4580022 -0.06971949 0.9494897 0.3118802 -0.03464066 0.9494897 0.3118802 -0.03464066 0.9494897 0.3118802 -0.03464066 0.5497258 0.8318801 0.07600736 0.3976834 0.9135183 0.08562922 0.398227 0.9128178 0.09043711 0.5497971 0.8314554 0.08003205 0.5497971 0.8314554 0.08003211 0.5497971 0.8314554 0.08003211 0.5492655 0.832419 0.07338893 0.5492656 0.832419 0.07338887 0.5492655 0.8324192 0.07338893 0.3984242 0.9136804 0.08028978 0.3984241 0.9136803 0.08028978 0.3984242 0.9136803 0.08028978 0.7995362 0.5991843 -0.04147595 0.7995362 0.5991843 -0.04147595 0.7995362 0.5991843 -0.04147595 0.6846111 0.7270276 -0.05233192 0.7991617 0.5997972 -0.03979784 0.7991618 0.5997972 -0.0397979 0.7991617 0.5997973 -0.03979784 0.2380622 0.9340261 0.2663114 0.2380623 0.9340261 0.2663114 0.2380622 0.9340261 0.2663114 0.07846438 0.9572708 0.278345 0.07846444 0.9572708 0.2783451 0.07846438 0.9572708 0.278345 0.2387324 0.9376303 0.2526981 0.2387325 0.9376303 0.2526981 0.2387325 0.9376303 0.2526981 0.6851555 0.7262533 -0.05584144 0.6851553 0.7262533 -0.05584138 0.6851553 0.7262534 -0.05584138 0.7995014 0.5989961 -0.04473865 0.7995014 0.5989961 -0.0447387 0.7995014 0.5989961 -0.0447387 0.3981555 0.9143567 0.07365018 0.3981555 0.9143567 0.07365018 0.3981555 0.9143565 0.07365018 0.3980575 0.9147076 0.06971651 0.3980576 0.9147076 0.06971651 0.3980575 0.9147076 0.06971651 0.5493785 0.8330221 0.06524968 0.5500571 0.833178 0.05702298 0.2387211 0.9369474 0.2552292 0.238721 0.9369474 0.2552293 0.2387211 0.9369473 0.2552293 0.07917237 0.9617249 0.2623296 0.07917338 0.9617249 0.2623297 0.07917284 0.9617249 0.2623298 0.8860391 0.4558417 -0.08451712 0.8860392 0.4558417 -0.08451706 0.8860391 0.4558417 -0.08451712 0.885896 0.4579757 -0.07379978 0.8858962 0.4579758 -0.07379978 0.9486502 0.3142067 -0.03656625 0.9486502 0.3142068 -0.03656625 0.7992589 0.5992843 -0.04520791 0.7992587 0.5992844 -0.04520791 0.7992588 0.5992845 -0.04520797 0.7997692 0.598329 -0.04870104 0.7997692 0.598329 -0.04870098 0.7997692 0.598329 -0.04870098 0.6848725 0.7254723 -0.06811529 0.6846666 0.7261536 -0.06271272 0.6846666 0.7261535 -0.06271272 0.6846666 0.7261535 -0.06271272 0.2383908 0.938688 0.2490678 0.2383909 0.9386879 0.2490679 0.2383907 0.9386879 0.2490678 0.238949 0.9404017 0.241967 0.238949 0.9404017 0.241967 0.2389491 0.9404017 0.2419671 0.07902407 0.9629528 0.2578314 0.07902407 0.9629528 0.2578314 0.07902407 0.9629528 0.2578315 0.9487537 0.3136756 -0.03839451 0.9487536 0.3136758 -0.03839433 0.9487537 0.3136755 -0.03839427 0.8863036 0.4565939 -0.07738298 0.8862997 0.4565934 -0.07743078 0.8863034 0.4565942 -0.0773831 0.8859423 0.4551717 -0.08902359 0.8859422 0.4551716 -0.08902359 0.8859422 0.4551716 -0.08902359 0.9487068 0.3137077 -0.03928112 0.9487068 0.3137076 -0.03928101 0.9487068 0.3137076 -0.03928101 0.8860907 0.4566478 -0.07947403 0.8860907 0.4566477 -0.07947397 0.8860907 0.4566478 -0.07947409 0.5497234 0.8334067 0.05690109 0.5497232 0.8334067 0.05690109 0.5497233 0.8334068 0.05690109 0.398859 0.9148701 0.06264364 0.7993456 0.5987251 -0.05074274 0.6843915 0.7262051 -0.06507301 0.2383412 0.9411981 0.239457 0.2383412 0.9411982 0.2394571 0.2383412 0.9411981 0.239457 0.07800287 0.964558 0.2520782 0.0780031 0.964558 0.2520783 0.07800292 0.964558 0.2520784 0.2390782 0.9442533 0.2263346 0.2390781 0.9442533 0.2263346 0.2390781 0.9442534 0.2263346 0.07527184 0.9676858 0.2406623 0.5492471 0.8344599 0.04477131 0.5492467 0.83446 0.04477137 0.5492469 0.83446 0.04477137 0.5497308 0.8345148 0.03716427 0.5497307 0.8345148 0.03716427 0.5497307 0.8345149 0.03716427 0.3979648 0.9159172 0.05215048 0.3980711 0.9158708 0.0521562 0.3980709 0.9158707 0.0521562 0.3980711 0.9158707 0.0521562 0.8852229 0.4580957 -0.08080154 0.8852228 0.4580957 -0.08080154 0.8852229 0.4580957 -0.08080154 0.947872 0.3170487 -0.03192174 0.9487824 0.3132761 -0.04086655 0.9487825 0.3132759 -0.04086655 0.9487824 0.3132761 -0.04086661 0.8857529 0.4547659 -0.09289705 0.799224 0.5984217 -0.05596965 0.799224 0.5984217 -0.05596965 0.799224 0.5984218 -0.05596965 0.7997904 0.5975012 -0.05768519 0.7997904 0.5975012 -0.05768519 0.7997905 0.5975012 -0.05768519 0.6847345 0.7249972 -0.07428246 0.6847344 0.7249973 -0.07428252 0.6847344 0.7249972 -0.07428252 0.6842231 0.724056 -0.08707278 0.5493916 0.8347129 0.03772997 0.5493916 0.8347129 0.03773003 0.5493916 0.8347129 0.03772997 0.3981026 0.9165605 0.03783166 0.3981026 0.9165605 0.03783166 0.3981026 0.9165605 0.03783166 0.3988117 0.916073 0.04194629 0.3988118 0.9160731 0.04194629 0.3988117 0.9160731 0.04194623 0.2389807 0.9479213 0.2105551 0.2389808 0.9479213 0.2105552 0.2389807 0.9479213 0.2105551 0.2383491 0.9450725 0.2236688 0.07810437 0.9692149 0.2335004 0.07810443 0.9692149 0.2335004 0.07810443 0.9692149 0.2335004 0.3989514 0.9162431 0.03655433 0.3989515 0.9162431 0.03655433 0.3989513 0.9162432 0.03655445 0.5498678 0.8346881 0.03068053 0.5498678 0.8346881 0.03068047 0.5498679 0.8346881 0.03068047 0.238919 0.9482508 0.209137 0.2389189 0.9482508 0.2091369 0.2389189 0.9482508 0.2091369 0.07909178 0.9724616 0.219233 0.07909166 0.9724616 0.219233 0.07909166 0.9724616 0.219233 0.5499216 0.8349403 0.02147519 0.5499215 0.8349403 0.02147519 0.5499215 0.8349403 0.02147519 0.3984246 0.9167763 0.027915 0.3984245 0.9167763 0.027915 0.3984245 0.9167763 0.027915 0.3982138 0.916789 0.03039622 0.3982139 0.9167889 0.03039616 0.3982138 0.9167889 0.03039616 0.5488992 0.8354902 0.02580314 0.5488993 0.8354902 0.02580314 0.5488992 0.8354902 0.02580314 0.947638 0.3162831 -0.04412823 0.947638 0.3162832 -0.04412829 0.947638 0.3162831 -0.04412823 0.8849436 0.4575716 -0.0866208 0.8849436 0.4575715 -0.0866208 0.8849437 0.4575716 -0.0866208 0.8854303 0.4541859 -0.09863245 0.8854303 0.454186 -0.09863251 0.8854303 0.4541861 -0.09863251 0.798746 0.597943 -0.0668509 0.7987459 0.597943 -0.0668509 0.798746 0.5979431 -0.0668509 0.6836385 0.7248821 -0.08476191 0.6836385 0.724882 -0.08476191 0.7989547 0.5975682 -0.06770229 0.2391775 0.9505103 0.1983037 0.2391775 0.9505103 0.1983037 0.2391775 0.9505103 0.1983036 0.2389248 0.9493304 0.2041732 0.07918179 0.9739741 0.2123792 0.07918173 0.9739741 0.2123792 0.07918179 0.9739741 0.2123793 0.9476771 0.3161751 -0.04406219 0.9476771 0.3161751 -0.04406225 0.947677 0.3161752 -0.04406225 0.8840859 0.4582167 -0.09181344 0.8840859 0.4582167 -0.09181344 0.8840858 0.4582166 -0.0918135 0.398465 0.9168624 0.02427566 0.3984649 0.9168623 0.02427566 0.3984649 0.9168623 0.02427572 0.5496394 0.8351523 0.02042949 0.5496394 0.8351523 0.02042949 0.5496394 0.8351523 0.02042949 0.6843879 0.7230241 -0.09407067 0.7989059 0.5971179 -0.07210886 0.7989058 0.5971179 -0.07210886 0.798906 0.5971179 -0.07210886 0.9479813 0.3147426 -0.04762989 0.9479813 0.3147426 -0.04762983 0.9479813 0.3147426 -0.04762989 0.8852113 0.4541249 -0.1008543 0.8852113 0.4541249 -0.1008543 0.8852113 0.4541249 -0.1008543 0.8850044 0.4563211 -0.09240281 0.8850046 0.456321 -0.09240269 0.8850044 0.4563211 -0.09240287 0.2393819 0.9534249 0.1835138 0.2388492 0.9512447 0.1951529 0.07807993 0.9758484 0.2040188 0.07590734 0.9777229 0.1956937 0.8838719 0.4580514 -0.09465539 0.8838719 0.4580514 -0.09465533 0.8838719 0.4580513 -0.09465551 0.9476128 0.3161786 -0.04540026 0.9476128 0.3161784 -0.04540026 0.9476128 0.3161786 -0.04540032 0.8848648 0.453817 -0.1051876 0.8848649 0.4538171 -0.1051877 0.8848648 0.453817 -0.1051876 0.3980092 0.9172711 0.01422649 0.3980092 0.9172711 0.01422649 0.3980093 0.9172711 0.01422649 0.3979402 0.9173058 0.01392495 0.5494209 0.8354599 0.01198059 0.549421 0.8354599 0.01198059 0.549421 0.8354598 0.01198059 0.7985421 0.5974882 -0.07306569 0.798542 0.5974882 -0.07306563 0.798542 0.5974882 -0.07306563 0.6844921 0.7223733 -0.09822094 0.6844919 0.7223735 -0.09822094 0.6844921 0.7223734 -0.09822088 0.6840282 0.7219461 -0.1043998 0.6840282 0.7219461 -0.1043998 0.6840282 0.7219461 -0.1043998 0.7987674 0.5965825 -0.07784676 0.7987674 0.5965825 -0.07784676 0.7987673 0.5965825 -0.07784676 0.6841921 0.7212059 -0.1083664 0.6841917 0.7212063 -0.1083666 0.6841917 0.7212063 -0.1083666 0.798395 0.596217 -0.08420634 0.7983952 0.5962169 -0.08420628 0.7983952 0.5962167 -0.08420628 0.07863932 0.9789628 0.1882753 0.2393124 0.9563117 0.1679217 0.2393124 0.9563117 0.1679217 0.2393123 0.9563117 0.1679217 0.2385783 0.9542537 0.1802232 0.2385783 0.9542537 0.1802232 0.2385783 0.9542537 0.1802232 0.5502548 0.8349927 0.002628028 0.5502548 0.8349927 0.002628028 0.5502549 0.8349927 0.002627968 0.3979455 0.9174017 -0.003674685 0.5505616 0.8347947 0 0.3986799 0.9170852 0.003056108 0.3986799 0.9170852 0.003056108 0.3986799 0.9170852 0.003056108 0.7988971 0.5957712 -0.08258408 0.7988972 0.5957713 -0.08258408 0.7988972 0.5957713 -0.08258408 0.6846057 0.7209759 -0.107279 0.6846057 0.720976 -0.1072791 0.6846057 0.720976 -0.107279 0.7982674 0.5968074 -0.08117985 0.7982674 0.5968074 -0.08117979 0.7982674 0.5968074 -0.08117985 0.239225 0.9563661 0.1677356 0.07933098 0.9814347 0.1746214 0.07933092 0.9814347 0.1746214 0.07933092 0.9814347 0.1746212 0.8841102 0.4539633 -0.1107537 0.8841104 0.4539632 -0.1107537 0.8841103 0.4539632 -0.1107537 0.9459097 0.32222 -0.0378043 0.8840938 0.4570724 -0.09727931 0.8840937 0.4570723 -0.09727931 0.9480756 0.3143448 -0.04837363 0.9480757 0.3143448 -0.04837352 0.9480756 0.3143448 -0.04837357 0.5499356 0.8351753 -0.007303774 0.5499354 0.8351753 -0.007303714 0.5499355 0.8351753 -0.007303774 0.3985563 0.9170973 -0.009240984 0.3985563 0.9170975 -0.009240984 0.3985562 0.9170975 -0.009241044 0.07907813 0.9827182 0.1673667 0.07907849 0.9827182 0.1673668 0.07908165 0.9827098 0.167414 0.2391377 0.9575121 0.1611948 0.2391377 0.9575121 0.1611948 0.239138 0.957512 0.1611948 0.2392805 0.9580959 0.1574709 0.2392804 0.9580959 0.1574709 0.2392804 0.9580959 0.157471 0.3984397 0.917115 -0.01208424 0.3984395 0.917115 -0.01208424 0.3984396 0.917115 -0.0120843 0.548856 0.8358046 -0.01371282 0.548856 0.8358045 -0.01371288 0.5488559 0.8358047 -0.01371282 0.3982089 0.9171624 -0.01558494 0.3982089 0.9171624 -0.01558494 0.3982089 0.9171624 -0.01558494 0.8833041 0.4573448 -0.1030035 0.8833039 0.4573451 -0.1030036 0.8833041 0.4573448 -0.1030035 0.9465997 0.3180002 -0.05315101 0.9465997 0.3180002 -0.05315101 0.9465997 0.3180001 -0.05315101 0.8841622 0.4526004 -0.1158021 0.8841623 0.4526004 -0.1158021 0.8841623 0.4526003 -0.115802 0.7985538 0.5945677 -0.09381467 0.7985537 0.5945677 -0.09381461 0.7985538 0.5945677 -0.09381461 0.6829553 0.7198212 -0.1242158 0.7986545 0.5948941 -0.09084063 0.7986546 0.5948941 -0.09084063 0.6840534 0.7199612 -0.1171615 0.6840534 0.7199612 -0.1171615 0.2396236 0.9605313 0.1412805 0.238907 0.9588583 0.1533433 0.238907 0.9588583 0.1533433 0.2389069 0.9588583 0.1533433 0.07830405 0.9836822 0.1619813 0.07830399 0.9836822 0.1619814 0.07830393 0.9836822 0.1619814 0.0754646 0.9857338 0.1504459 0.0754646 0.9857338 0.1504459 0.0754646 0.9857338 0.1504459 0.9458436 0.3204308 -0.05200034 0.9458437 0.3204308 -0.0520004 0.9458436 0.3204306 -0.05200052 0.8828868 0.458024 -0.1035614 0.8828869 0.458024 -0.1035615 0.8828867 0.4580242 -0.1035617 0.549794 0.8350977 -0.01839697 0.549794 0.8350977 -0.01839697 0.549794 0.8350977 -0.01839697 0.3986205 0.9168611 -0.02162152 0.3986205 0.9168611 -0.02162152 0.3986206 0.9168611 -0.02162152 0.5498331 0.8350268 -0.02034181 0.5498331 0.8350269 -0.02034181 0.5498331 0.8350268 -0.02034181 0.3978532 0.9169471 -0.03034597 0.8836973 0.4521191 -0.121109 0.8836974 0.4521189 -0.121109 0.8836974 0.452119 -0.121109 0.8826644 0.457637 -0.1071073 0.8826645 0.4576369 -0.1071072 0.8826646 0.4576368 -0.1071072 0.9471749 0.3161185 -0.05411928 0.9471749 0.3161185 -0.05411934 0.9471748 0.3161186 -0.05411934 0.3981659 0.9167842 -0.03115719 0.398166 0.9167842 -0.03115719 0.3981659 0.9167842 -0.03115719 0.5495015 0.8350205 -0.02808815 0.7978959 0.594407 -0.1002135 0.7978959 0.594407 -0.1002135 0.7978958 0.594407 -0.1002135 0.683822 0.7182007 -0.1287451 0.683822 0.7182007 -0.1287451 0.683822 0.7182008 -0.1287451 0.6836006 0.7160495 -0.1412916 0.3981215 0.9160532 -0.04843544 0.3981215 0.9160532 -0.04843544 0.3981215 0.9160531 -0.04843544 0.5498179 0.8345162 -0.03581762 0.3985298 0.9163131 -0.03929901 0.3985298 0.9163131 -0.03929901 0.3985298 0.9163131 -0.03929901 0.5505067 0.8337845 -0.04178392 0.5505067 0.8337846 -0.04178386 0.5505067 0.8337846 -0.04178386 0.2383703 0.9613943 0.1374792 0.2383703 0.9613944 0.1374792 0.2383703 0.9613944 0.1374792 0.07824093 0.9866412 0.1428908 0.07824099 0.9866412 0.1428908 0.07824093 0.9866412 0.1428908 0.239662 0.963316 0.1207668 0.2396619 0.9633159 0.1207668 0.2396619 0.963316 0.1207668 0.7980268 0.5929779 -0.1073803 0.7980268 0.5929778 -0.1073804 0.7980269 0.5929778 -0.1073804 0.7975073 0.5939216 -0.1060159 0.7975073 0.5939216 -0.1060159 0.7975073 0.5939216 -0.1060159 0.6834294 0.7169259 -0.1376283 0.6834294 0.7169259 -0.1376283 0.6834294 0.7169259 -0.1376283 0.6821832 0.7180078 -0.1381704 0.682183 0.7180079 -0.1381705 0.6821833 0.7180077 -0.13817 0.7977964 0.5930774 -0.1085371 0.7977965 0.5930773 -0.1085373 0.7977964 0.5930774 -0.1085372 0.2395649 0.9631344 0.1223965 0.2395649 0.9631344 0.1223965 0.2395648 0.9631344 0.1223965 0.07946592 0.9885321 0.1284123 0.07946592 0.9885321 0.1284124 0.07946592 0.9885321 0.1284124 0.683561 0.7150472 -0.1464639 0.6835611 0.7150472 -0.1464639 0.6835252 0.7150797 -0.1464728 0.7978592 0.5923825 -0.1118209 0.7978592 0.5923825 -0.1118209 0.7978591 0.5923824 -0.1118209 0.7974082 0.5933813 -0.1097218 0.7974082 0.5933814 -0.1097218 0.7974082 0.5933814 -0.1097218 0.6832352 0.7135727 -0.154931 0.239474 0.9648422 0.1083139 0.2394739 0.9648422 0.1083139 0.2394739 0.9648422 0.1083139 0.07897514 0.9897223 0.1192173 0.07897514 0.9897223 0.1192173 0.07897514 0.9897223 0.1192173 0.2394273 0.9642907 0.1132168 0.2394273 0.9642907 0.1132168 0.2394273 0.9642907 0.1132168 0.3980687 0.9149742 -0.06605809 0.3986902 0.9155925 -0.05231231 0.3986902 0.9155924 -0.05231231 0.3986903 0.9155924 -0.05231231 0.5495932 0.8341188 -0.04683345 0.8823247 0.4527429 -0.128558 0.9440662 0.326528 -0.04602813 0.947088 0.3159904 -0.05634224 0.947088 0.3159904 -0.05634218 0.947088 0.3159905 -0.05634224 0.882616 0.4563837 -0.1127078 0.8826161 0.4563837 -0.1127077 0.8826161 0.4563837 -0.1127077 0.7978907 0.5914107 -0.1166353 0.7978908 0.5914108 -0.1166353 0.7978909 0.5914106 -0.1166354 0.6821087 0.7157604 -0.149716 0.6821088 0.7157604 -0.149716 0.3978855 0.9150581 -0.06599807 0.3978857 0.9150581 -0.06599801 0.3978856 0.9150581 -0.06599807 0.5494791 0.833567 -0.0569095 0.5494791 0.833567 -0.0569095 0.5494791 0.8335671 -0.0569095 0.2399553 0.9664496 0.09163314 0.2399553 0.9664497 0.09163314 0.2399553 0.9664497 0.09163314 0.2385488 0.96587 0.1009435 0.2385488 0.96587 0.1009434 0.2385488 0.96587 0.1009434 0.07716584 0.9914419 0.1053028 0.07716584 0.9914419 0.1053028 0.0771659 0.9914419 0.1053028 0.07659381 0.9915542 0.1046602 0.07659381 0.9915542 0.1046602 0.07659381 0.9915542 0.1046603 0.6829773 0.7109362 -0.1676658 0.7970207 0.5927569 -0.1157471 0.7977356 0.5903419 -0.122941 0.7977355 0.5903418 -0.122941 0.7977356 0.5903419 -0.122941 0.6830275 0.7132503 -0.1573132 0.881958 0.4513368 -0.1358129 0.8819583 0.4513365 -0.1358129 0.8819581 0.4513368 -0.1358129 0.8812488 0.4570174 -0.1205648 0.8812488 0.4570174 -0.1205648 0.9445842 0.3222925 -0.06235635 0.9445843 0.3222925 -0.06235635 0.9445843 0.3222924 -0.06235635 0.3980804 0.9136564 -0.08224385 0.3980804 0.9136564 -0.08224385 0.3980804 0.9136564 -0.08224391 0.5495061 0.8330072 -0.06435954 0.3988217 0.9140704 -0.07359731 0.3988217 0.9140704 -0.07359731 0.3988217 0.9140704 -0.07359731 0.5500298 0.8324281 -0.06731188 0.5500298 0.832428 -0.06731188 0.5500298 0.832428 -0.06731188 0.9447515 0.321501 -0.06388896 0.9447515 0.3215011 -0.06388896 0.9447515 0.3215013 -0.06388896 0.92074 0.378575 -0.09443902 0.9207401 0.378575 -0.09443891 0.9207401 0.378575 -0.09443897 0.9170239 0.385909 -0.1007055 0.9170239 0.3859091 -0.1007053 0.9170238 0.385909 -0.1007055 0.8822188 0.4504749 -0.1369755 0.8812115 0.4560604 -0.1243997 0.8812114 0.4560605 -0.1243997 0.8812115 0.4560604 -0.1243997 0.9433657 0.3276776 -0.05185139 0.2393684 0.9670833 0.08632916 0.07917612 0.9928647 0.08916735 0.07917618 0.9928647 0.08916741 0.07917612 0.9928647 0.08916741 0.3983613 0.9137695 -0.07958358 0.3983614 0.9137696 -0.0795837 0.3983615 0.9137695 -0.07958376 0.5490982 0.8327233 -0.07115679 0.5490981 0.8327233 -0.07115679 0.7971768 0.5902944 -0.1267347 0.7969202 0.59156 -0.1223728 0.7969202 0.59156 -0.1223728 0.7969202 0.59156 -0.1223728 0.6820411 0.7126792 -0.1640377 0.682041 0.7126793 -0.1640377 0.6820489 0.7126722 -0.1640356 0.3983252 0.912721 -0.090981 0.3983254 0.9127209 -0.090981 0.3983256 0.9127209 -0.09098094 0.5491021 0.8322193 -0.07679921 0.549102 0.8322193 -0.07679939 0.5491021 0.8322193 -0.07679933 0.3978829 0.9130052 -0.09005957 0.3978829 0.9130052 -0.09005963 0.3978829 0.9130052 -0.09005951 0.6827144 0.7111154 -0.1679763 0.6827144 0.7111154 -0.1679763 0.6827145 0.7111153 -0.1679763 0.7970032 0.5897242 -0.1304277 0.7970032 0.5897242 -0.1304277 0.7970032 0.5897242 -0.1304277 0.0793969 0.9936253 0.08003014 0.07939696 0.9936253 0.08003014 0.07939696 0.9936253 0.08003014 0.2397121 0.9679861 0.07443857 0.2397121 0.9679861 0.07443857 0.2397121 0.9679861 0.07443857 0.2392663 0.9678391 0.07771325 0.2392663 0.9678391 0.07771325 0.2392664 0.967839 0.07771325 0.7967652 0.5905905 -0.1279382 0.7967652 0.5905905 -0.1279382 0.7967652 0.5905905 -0.1279382 0.68239 0.7107066 -0.1709973 0.6823901 0.7107065 -0.1709973 0.6823899 0.7107067 -0.1709975 0.7967442 0.5890009 -0.1351912 0.7967443 0.5890009 -0.1351912 0.7967442 0.589001 -0.1351913 0.6825315 0.7078114 -0.182082 0.6825315 0.7078114 -0.182082 0.6825315 0.7078114 -0.182082 0.3978712 0.9112526 -0.1063835 0.3978711 0.9112526 -0.1063835 0.3978711 0.9112526 -0.1063835 0.5493601 0.8316459 -0.08104819 0.3985385 0.9123172 -0.09404599 0.3985385 0.9123171 -0.09404593 0.3985385 0.9123172 -0.09404593 0.5500523 0.8310021 -0.08293569 0.5500523 0.8310021 -0.08293569 0.5500522 0.831002 -0.08293569 0.07872384 0.9944134 0.07031834 0.0787239 0.9944134 0.07031834 0.07872396 0.9944134 0.07031834 0.2390599 0.9686437 0.06767433 0.23906 0.9686437 0.06767433 0.2390598 0.9686437 0.06767433 0.2398647 0.969138 0.05689132 0.2398647 0.969138 0.05689132 0.07596629 0.9953125 0.05985075 0.6815154 0.7103146 -0.1760398 0.7966113 0.588472 -0.1382431 0.7966114 0.5884721 -0.1382431 0.5488047 0.8307984 -0.09266918 0.5488047 0.8307983 -0.09266924 0.5488047 0.8307984 -0.09266918 0.3974276 0.9117384 -0.1038479 0.3974276 0.9117385 -0.1038479 0.3974276 0.9117385 -0.1038479 0.6820937 0.7077428 -0.1839789 0.6820936 0.7077429 -0.183979 0.6820937 0.7077429 -0.1839789 0.797033 0.5869938 -0.142045 0.797033 0.5869938 -0.142045 0.6822507 0.7043722 -0.1959434 0.6822507 0.7043722 -0.1959434 0.6822507 0.7043722 -0.1959434 0.7958996 0.590004 -0.1357905 0.7958997 0.5900041 -0.1357905 0.7958996 0.590004 -0.1357905 0.2387567 0.9697121 0.0515148 0.2387567 0.9697121 0.0515148 0.2387568 0.969712 0.05151474 0.07802116 0.9954494 0.05471074 0.2395635 0.970033 0.04056262 0.2395635 0.970033 0.04056262 0.2395634 0.9700331 0.04056257 0.3984738 0.9098013 -0.1161046 0.3984739 0.9098013 -0.1161046 0.3984739 0.9098013 -0.1161046 0.3975436 0.9090876 -0.1245749 0.5499669 0.8287846 -0.1032113 0.5499629 0.8288213 -0.1029374 0.5499631 0.8288213 -0.1029374 0.5499629 0.8288214 -0.1029375 0.07929605 0.9961035 0.03859966 0.07929605 0.9961036 0.03859966 0.07929605 0.9961035 0.03859966 0.2395018 0.970141 0.03828197 0.2395018 0.970141 0.03828203 0.2395019 0.9701409 0.03828203 0.6809257 0.707271 -0.1900213 0.6809257 0.7072709 -0.1900213 0.6809258 0.7072709 -0.1900213 0.7965829 0.5860448 -0.1483483 0.7965829 0.5860447 -0.1483484 0.7965829 0.5860448 -0.1483483 0.7959722 0.5881541 -0.1431892 0.7959719 0.5881543 -0.1431892 0.7959721 0.5881541 -0.1431892 0.2394551 0.9703797 0.03201049 0.2394552 0.9703797 0.03201031 0.2394552 0.9703796 0.03201043 0.07927197 0.9962745 0.03395676 0.07927185 0.9962745 0.03395676 0.07927197 0.9962746 0.03395682 0.2395425 0.9704173 0.03016233 0.2395546 0.9704144 0.03016215 0.2395423 0.9704174 0.03016239 0.6808881 0.7061477 -0.1942852 0.6808882 0.7061477 -0.1942851 0.6808882 0.7061478 -0.1942852 0.7956033 0.5861482 -0.1531193 0.7956034 0.5861482 -0.1531194 0.7956033 0.5861482 -0.1531194 0.3980294 0.9083788 -0.1281421 0.3980296 0.9083789 -0.1281421 0.3980295 0.9083788 -0.1281421 0.5486425 0.8283274 -0.113425 0.5486425 0.8283274 -0.113425 0.5486425 0.8283275 -0.113425 0.681916 0.7011324 -0.2083364 0.681916 0.7011323 -0.2083364 0.6819161 0.7011323 -0.2083364 0.6825956 0.7027958 -0.200353 0.6825955 0.7027959 -0.2003531 0.6825956 0.7027958 -0.200353 0.7962108 0.5841804 -0.1574218 0.7962111 0.5841802 -0.1574218 0.7952642 0.5884892 -0.1457237 0.7952643 0.5884891 -0.1457235 0.7952643 0.5884892 -0.1457236 0.2390888 0.9706758 0.02500373 0.2398436 0.9706968 0.01493078 0.07890206 0.9965353 0.02630764 0.07623732 0.9969817 0.01467204 0.5489598 0.8268662 -0.1222108 0.3973456 0.9065868 -0.1421864 0.3973457 0.9065868 -0.1421864 0.3973457 0.9065868 -0.1421864 0.5491101 0.8264555 -0.1242958 0.5491102 0.8264555 -0.1242958 0.5491101 0.8264556 -0.1242958 0.3980526 0.907289 -0.1355754 0.3980523 0.9072892 -0.1355754 0.3980523 0.9072892 -0.1355754 0.680637 0.7039584 -0.2029185 0.680637 0.7039584 -0.2029186 0.680637 0.7039585 -0.2029185 0.7959871 0.5843495 -0.157925 0.7959871 0.5843495 -0.1579251 0.6814081 0.7019065 -0.2073891 0.6814081 0.7019066 -0.2073892 0.681408 0.7019067 -0.2073892 0.7959213 0.5831171 -0.1627383 0.7959211 0.5831173 -0.1627385 0.7959212 0.5831173 -0.1627385 0.7948562 0.5870717 -0.1534618 0.7948563 0.5870717 -0.1534618 0.7948563 0.5870717 -0.1534618 0.397941 0.9037729 -0.1575992 0.5485793 0.8259891 -0.1296256 0.5485793 0.8259891 -0.1296256 0.3979532 0.9058027 -0.1454471 0.2387294 0.9710443 0.00902301 0.2387294 0.9710442 0.00902301 0.2387294 0.9710442 0.00902301 0.07814961 0.9968925 0.009911596 0.2398381 0.9708089 -0.002779126 0.2398383 0.9708089 -0.002779126 0.2398383 0.9708089 -0.002779066 0.5483487 0.8251914 -0.1355466 0.5483487 0.8251914 -0.1355466 0.5483488 0.8251914 -0.1355466 0.3977442 0.9041758 -0.1557745 0.3977443 0.9041758 -0.1557745 0.3977441 0.9041758 -0.1557748 0.7949169 0.5850661 -0.1606388 0.7949169 0.5850661 -0.1606388 0.7956156 0.5827291 -0.1655979 0.7956156 0.5827291 -0.165598 0.7956156 0.5827292 -0.165598 0.6812187 0.7004764 -0.2127769 0.6812186 0.7004764 -0.2127769 0.6809546 0.6977496 -0.2223656 0.6809545 0.6977496 -0.2223656 0.6809546 0.6977496 -0.2223656 0.07952034 0.9968022 -0.007872641 0.07952046 0.9968022 -0.007872641 0.07954257 0.9968004 -0.0078727 0.2394922 0.9708794 -0.006059288 0.2394922 0.9708794 -0.006059288 0.2394921 0.9708794 -0.006059229 0.3976486 0.9016928 -0.1697813 0.3976486 0.9016928 -0.1697813 0.3976487 0.9016929 -0.1697814 0.3977816 0.9033814 -0.1602245 0.5498187 0.8222349 -0.1470685 0.5492572 0.8236252 -0.1412734 0.5492573 0.8236252 -0.1412735 0.5492573 0.823625 -0.1412735 0.07932037 0.9968064 -0.009232461 0.07932049 0.9968065 -0.009232461 0.07932013 0.9968065 -0.009232521 0.239485 0.9708241 -0.01215541 0.239485 0.9708241 -0.01215553 0.2394851 0.970824 -0.01215547 0.2397234 0.970718 -0.01546907 0.6802517 0.6997676 -0.2181354 0.6802517 0.6997676 -0.2181354 0.6802517 0.6997676 -0.2181354 0.7948414 0.5818922 -0.1721305 0.7948414 0.5818921 -0.1721304 0.7948414 0.5818921 -0.1721305 0.7951297 0.5804476 -0.1756407 0.7951296 0.5804476 -0.1756407 0.7951296 0.5804476 -0.1756407 0.6809782 0.6965485 -0.2260287 0.6809782 0.6965485 -0.2260287 0.6809781 0.6965485 -0.2260288 0.68011 0.6938702 -0.2366318 0.68011 0.6938702 -0.2366318 0.68011 0.6938702 -0.2366318 0.7940712 0.5839779 -0.1685849 0.7940712 0.5839779 -0.1685848 0.5482139 0.8220213 -0.1540865 0.5482139 0.8220213 -0.1540865 0.5482138 0.8220213 -0.1540865 0.3978688 0.9010465 -0.1726724 0.3973245 0.898375 -0.1872315 0.3973246 0.898375 -0.1872315 0.3973246 0.898375 -0.1872314 0.6796098 0.6962746 -0.2309379 0.6796098 0.6962746 -0.2309379 0.6796097 0.6962746 -0.230938 0.7949835 0.5792139 -0.1803126 0.7949834 0.5792139 -0.1803126 0.7949836 0.5792139 -0.1803126 0.2386647 0.9707488 -0.02619463 0.240102 0.9702173 -0.03208762 0.2401018 0.9702173 -0.03208762 0.2401019 0.9702172 -0.03208762 0.07761657 0.9966089 -0.02731877 0.0760011 0.9966377 -0.03061407 0.07600116 0.9966377 -0.03061407 0.0760011 0.9966377 -0.03061407 0.3968898 0.8992506 -0.1839208 0.3968895 0.8992508 -0.1839209 0.3968898 0.8992506 -0.1839207 0.5481802 0.8201083 -0.1640762 0.5481803 0.8201082 -0.1640762 0.5481802 0.8201082 -0.1640762 0.7950693 0.5782414 -0.1830354 0.7950693 0.5782414 -0.1830355 0.7950693 0.5782412 -0.1830354 0.6798768 0.6940008 -0.2369186 0.6798768 0.6940008 -0.2369186 0.6798769 0.6940007 -0.2369185 0.7936015 0.5828348 -0.1746438 0.7936015 0.5828348 -0.1746438 0.7936014 0.5828348 -0.1746438 0.07878726 0.9958777 -0.04494726 0.07878708 0.9958777 -0.04494732 0.07878714 0.9958777 -0.04494738 0.2391541 0.9700626 -0.04223817 0.2391541 0.9700626 -0.04223823 0.2391541 0.9700625 -0.04223817 0.5488801 0.8180502 -0.1718274 0.5488801 0.8180501 -0.1718274 0.5488801 0.8180501 -0.1718274 0.3974634 0.8955594 -0.1999911 0.397472 0.8955557 -0.1999899 0.3974634 0.8955593 -0.1999911 0.3976107 0.8968639 -0.1937544 0.3976106 0.8968641 -0.1937544 0.3976108 0.896864 -0.1937544 0.5481141 0.8194015 -0.1677862 0.5485568 0.8177099 -0.1744592 0.5485569 0.8177099 -0.1744592 0.5485569 0.8177099 -0.1744592 0.3970749 0.8958961 -0.1992531 0.3970747 0.8958963 -0.1992531 0.3970747 0.8958963 -0.199253 0.239942 0.9694365 -0.05119371 0.2399421 0.9694365 -0.05119371 0.2399421 0.9694365 -0.05119377 0.2396655 0.9694311 -0.05257308 0.2396656 0.9694311 -0.05257308 0.2396656 0.9694311 -0.05257314 0.07947796 0.9953811 -0.05385082 0.07947784 0.9953811 -0.05385082 0.0794779 0.9953811 -0.05385088 0.6789922 0.6890584 -0.2533146 0.7934956 0.5796421 -0.1854183 0.7934956 0.5796421 -0.1854182 0.7934957 0.579642 -0.1854183 0.6803977 0.6919574 -0.2413589 0.7944182 0.5772306 -0.188957 0.7944182 0.5772305 -0.188957 0.3978769 0.8948571 -0.2022995 0.3978769 0.8948571 -0.2022995 0.3978769 0.8948571 -0.2022994 0.3970652 0.8935808 -0.2094101 0.3970652 0.8935808 -0.20941 0.5477955 0.8171637 -0.1793424 0.5477957 0.8171636 -0.1793424 0.5477957 0.8171635 -0.1793424 0.3975799 0.8931678 -0.2101945 0.3975797 0.8931679 -0.2101945 0.3975797 0.8931679 -0.2101945 0.5487006 0.8145946 -0.1880514 0.3971608 0.8899308 -0.2242466 0.5478416 0.8161264 -0.1838684 0.7931128 0.5761384 -0.1975769 0.7931129 0.5761384 -0.1975768 0.793113 0.5761383 -0.1975769 0.6789394 0.6891794 -0.2531269 0.6796846 0.682543 -0.2686335 0.6796879 0.6825403 -0.2686321 0.6796847 0.6825429 -0.2686335 0.2397917 0.9682058 -0.07125657 0.2397916 0.9682058 -0.07125657 0.2387459 0.9687389 -0.0674194 0.07823717 0.994437 -0.07052618 0.07542651 0.9941197 -0.07769817 0.07542663 0.9941196 -0.07769817 0.07542651 0.9941197 -0.07769817 0.3964588 0.8913536 -0.219794 0.3964587 0.8913536 -0.219794 0.3964588 0.8913536 -0.2197939 0.5478326 0.813269 -0.1961452 0.5478326 0.8132691 -0.1961452 0.5478325 0.8132691 -0.1961452 0.7918407 0.5782829 -0.1964103 0.791841 0.5782828 -0.1964103 0.791841 0.5782828 -0.1964103 0.7930001 0.5739909 -0.2041702 0.7930001 0.5739908 -0.2041702 0.7930001 0.5739908 -0.2041702 0.6778901 0.6875531 -0.2602611 0.6778901 0.6875531 -0.2602611 0.6778901 0.6875531 -0.2602612 0.7936844 0.5665923 -0.2214457 0.2390331 0.9673742 -0.08396679 0.07828366 0.9928721 -0.08987116 0.0782836 0.9928721 -0.08987116 0.07828378 0.9928721 -0.0898711 0.2395892 0.9668345 -0.08847755 0.2395892 0.9668344 -0.08847755 0.2395892 0.9668344 -0.08847755 0.5476768 0.8124197 -0.2000607 0.5476769 0.8124198 -0.2000607 0.5476769 0.8124197 -0.2000607 0.3975009 0.8881345 -0.2306734 0.3975007 0.8881345 -0.2306734 0.3975008 0.8881345 -0.2306734 0.5480663 0.8112084 -0.2038736 0.5480663 0.8112084 -0.2038736 0.5480664 0.8112082 -0.2038735 0.3969154 0.8868451 -0.2365671 0.3969154 0.8868451 -0.2365671 0.3969153 0.8868451 -0.2365671 0.2390013 0.9664658 -0.09392565 0.2390014 0.966466 -0.09392547 0.2390013 0.966466 -0.09392559 0.0792644 0.9922862 -0.09531742 0.0792644 0.9922862 -0.09531742 0.0792644 0.9922862 -0.09531742 0.3965028 0.886283 -0.2393491 0.3965027 0.8862831 -0.2393491 0.3965028 0.8862831 -0.239349 0.5473067 0.8098637 -0.2111311 0.5473069 0.8098636 -0.211131 0.5473068 0.8098636 -0.211131 0.2393317 0.9658644 -0.09912824 0.2393317 0.9658644 -0.09912824 0.2393316 0.9658644 -0.09912824 0.2394936 0.966109 -0.09631407 0.2394936 0.9661089 -0.09631419 0.2394936 0.966109 -0.09631419 0.07932883 0.9916709 -0.101468 0.07932877 0.9916709 -0.101468 0.07932883 0.9916709 -0.101468 0.5474443 0.8091965 -0.2133213 0.3970028 0.8857409 -0.2405244 0.3968337 0.8840621 -0.2468957 0.3968335 0.884062 -0.2468957 0.3968337 0.884062 -0.2468957 0.3969547 0.8830209 -0.2504022 0.3969544 0.883021 -0.2504022 0.3969546 0.8830209 -0.2504022 0.3967147 0.8795707 -0.2626274 0.3967147 0.8795707 -0.2626274 0.3967147 0.8795707 -0.2626274 0.5470556 0.8086311 -0.2164394 0.5470556 0.8086311 -0.2164394 0.5470557 0.8086311 -0.2164394 0.5481789 0.8067396 -0.2206156 0.2395622 0.9640895 -0.1146362 0.2387682 0.9645795 -0.1121435 0.2387682 0.9645795 -0.1121435 0.2387682 0.9645795 -0.1121435 0.07845544 0.990034 -0.1169514 0.07845556 0.990034 -0.1169514 0.0784555 0.9900339 -0.1169514 0.07577317 0.9893305 -0.1244338 0.5471763 0.8050507 -0.2291105 0.5471764 0.8050507 -0.2291105 0.3953867 0.8818085 -0.2570663 0.3953869 0.8818085 -0.2570662 0.3953866 0.8818086 -0.2570662 0.2389004 0.9624697 -0.1287587 0.2389004 0.9624696 -0.1287587 0.2389005 0.9624697 -0.1287587 0.2397246 0.961589 -0.1337118 0.2397245 0.9615889 -0.1337118 0.2397246 0.961589 -0.1337118 0.07818233 0.9879176 -0.1338154 0.07818233 0.9879176 -0.1338154 0.07818233 0.9879176 -0.1338154 0.3965642 0.8779017 -0.2683761 0.3965642 0.8779016 -0.2683761 0.5467097 0.8043517 -0.2326519 0.54671 0.8043516 -0.2326518 0.5467099 0.8043517 -0.2326518 0.5478332 0.8019821 -0.2381256 0.3962813 0.8752978 -0.2771552 0.3962814 0.8752977 -0.2771553 0.3962813 0.8752978 -0.2771552 0.07933157 0.9862393 -0.1450468 0.07933151 0.9862393 -0.1450468 0.07933157 0.9862393 -0.1450469 0.2390273 0.9612818 -0.1371247 0.2390272 0.9612819 -0.1371248 0.2390272 0.9612819 -0.1371247 0.5466872 0.8008054 -0.2446302 0.5466871 0.8008054 -0.2446303 0.5466871 0.8008055 -0.2446303 0.3962836 0.8758131 -0.2755193 0.5466316 0.7992227 -0.249874 0.5466317 0.7992226 -0.2498741 0.5466317 0.7992227 -0.2498741 0.396219 0.8724464 -0.2860909 0.3962189 0.8724464 -0.2860908 0.3962189 0.8724464 -0.2860909 0.3969106 0.8742434 -0.2795721 0.3969104 0.8742434 -0.2795721 0.3969103 0.8742435 -0.2795722 0.07598584 0.9823181 -0.1711063 0.2398968 0.9585722 -0.153587 0.2398969 0.9585722 -0.1535871 0.239897 0.9585722 -0.1535871 0.2390442 0.9596761 -0.1479177 0.2390441 0.9596762 -0.1479177 0.2390441 0.9596762 -0.1479177 0.07911074 0.9849928 -0.1533977 0.0791108 0.9849927 -0.1533977 0.0791108 0.9849928 -0.1533977 0.5463406 0.8000278 -0.2479267 0.5473434 0.7976906 -0.2531896 0.5473434 0.7976906 -0.2531897 0.5473434 0.7976906 -0.2531897 0.3962845 0.8681313 -0.2988423 0.3962844 0.8681313 -0.2988423 0.3963958 0.8722135 -0.2865557 0.3963961 0.8722134 -0.2865557 0.3963958 0.8722134 -0.2865557 0.5464814 0.7961666 -0.2597627 0.5464815 0.7961667 -0.2597627 0.5464813 0.7961668 -0.2597628 0.394561 0.8704954 -0.2942097 0.3945611 0.8704954 -0.2942097 0.394561 0.8704954 -0.2942097 0.5467419 0.7928967 -0.2690506 0.5467419 0.7928967 -0.2690507 0.5463032 0.7951838 -0.2631267 0.3960528 0.8680525 -0.2993779 0.3960527 0.8680526 -0.2993779 0.3960527 0.8680525 -0.299378 0.3964053 0.8633033 -0.3123624 0.3964053 0.8633034 -0.3123624 0.3964053 0.8633033 -0.3123624 0.2389622 0.9559704 -0.1703463 0.2381739 0.9572849 -0.1639484 0.2381739 0.9572848 -0.1639484 0.2381738 0.9572848 -0.1639484 0.07674342 0.9819927 -0.1726293 0.07866394 0.9796663 -0.1845695 0.2388901 0.954395 -0.1790577 0.2388909 0.9544037 -0.1790103 0.2388903 0.954395 -0.1790575 0.5456926 0.7920884 -0.2735244 0.5456928 0.7920884 -0.2735244 0.5456927 0.7920884 -0.2735244 0.3953818 0.8656078 -0.3072402 0.3953818 0.8656077 -0.3072402 0.3953818 0.8656078 -0.3072402 0.2394629 0.9533542 -0.1837755 0.2394629 0.9533542 -0.1837754 0.239463 0.9533542 -0.1837754 0.07931566 0.9782617 -0.1916072 0.0793156 0.9782617 -0.1916071 0.07931548 0.9782617 -0.1916069 0.2391817 0.9534415 -0.1836885 0.3951861 0.8588919 -0.3257804 0.5463653 0.789029 -0.2809241 0.5463653 0.789029 -0.2809241 0.5463653 0.7890289 -0.2809241 0.5457938 0.7897698 -0.2799515 0.3960024 0.8618627 -0.3168202 0.3960024 0.8618626 -0.3168202 0.3960024 0.8618627 -0.3168202 0.395401 0.8586047 -0.326276 0.395401 0.8586048 -0.326276 0.3954009 0.8586048 -0.326276 0.3959318 0.8530691 -0.3398696 0.5454576 0.7864799 -0.289699 0.5454576 0.7864798 -0.289699 0.07647091 0.9738769 -0.2138129 0.07838356 0.9746894 -0.2093722 0.07838386 0.9746894 -0.2093722 0.07838374 0.9746894 -0.2093722 0.2384917 0.9505526 -0.1989257 0.2384918 0.9505527 -0.1989257 0.2384917 0.9505526 -0.1989257 0.2391809 0.9497007 -0.2021417 0.2391809 0.9497006 -0.2021417 0.2391809 0.9497007 -0.2021417 0.3941448 0.8557314 -0.335222 0.3941445 0.8557316 -0.3352219 0.3941447 0.8557314 -0.3352218 0.5453568 0.7839303 -0.2967146 0.5453568 0.7839302 -0.2967146 0.5453568 0.7839303 -0.2967146 0.07854247 0.9717321 -0.2226385 0.07854241 0.9717321 -0.2226386 0.07854247 0.9717321 -0.2226385 0.2386201 0.9473934 -0.2133224 0.2386201 0.9473934 -0.2133224 0.2386202 0.9473933 -0.2133224 0.238991 0.9467354 -0.2158137 0.2389908 0.9467354 -0.2158136 0.238991 0.9467354 -0.2158137 0.545886 0.782517 -0.2994591 0.3955907 0.8541187 -0.3376229 0.3955908 0.8541187 -0.3376229 0.3955906 0.8541188 -0.3376228 0.3953757 0.848865 -0.3508651 0.5469411 0.7816399 -0.2998244 0.5469412 0.7816398 -0.2998244 0.07908624 0.9702743 -0.228721 0.07908624 0.9702743 -0.228721 0.07908624 0.9702742 -0.228721 0.2388452 0.9462881 -0.2179263 0.2388451 0.9462881 -0.2179263 0.2388451 0.9462881 -0.2179263 0.239059 0.944596 -0.2249206 0.07924497 0.9684906 -0.2361068 0.07924497 0.9684906 -0.2361068 0.0792576 0.9684896 -0.2361063 0.2389321 0.9443942 -0.2259007 0.2389323 0.9443942 -0.2259007 0.2389323 0.9443941 -0.2259007 0.3951308 0.8426942 -0.3657025 0.3951307 0.8426942 -0.3657025 0.3951307 0.8426941 -0.3657025 0.3947219 0.8498586 -0.3491921 0.3947221 0.8498585 -0.349192 0.394722 0.8498586 -0.349192 0.5445839 0.7793542 -0.3098956 0.5445838 0.7793543 -0.3098957 0.3987395 0.8274547 -0.3953803 0.3937537 0.845632 -0.3603672 0.3937539 0.845632 -0.3603672 0.3937538 0.845632 -0.3603673 0.5447419 0.7749292 -0.3205325 0.5447419 0.7749291 -0.3205325 0.5447419 0.7749292 -0.3205325 0.5669496 0.7624722 -0.3117761 0.5669496 0.7624723 -0.3117761 0.5669497 0.7624723 -0.3117761 0.4606897 0.8114976 -0.3594951 0.4606897 0.8114976 -0.3594951 0.4606898 0.8114976 -0.359495 0.4882394 0.7887842 -0.3734191 0.4882394 0.7887842 -0.3734191 0.5414549 0.7869777 -0.2957921 0.5414549 0.7869777 -0.2957921 0.5414548 0.7869776 -0.2957921 0.07521444 0.9634897 -0.2569641 0.07825934 0.9655119 -0.2483194 0.07825928 0.9655119 -0.2483193 0.07825928 0.9655119 -0.2483193 0.2382421 0.9416308 -0.2378492 0.2382421 0.9416308 -0.2378492 0.2382422 0.9416307 -0.2378492 0.2391734 0.9402523 -0.242326 0.07814913 0.9605418 -0.2669315 0.2386361 0.936571 -0.2566858 0.2384237 0.9372408 -0.2544282 0.2384237 0.9372409 -0.2544282 0.2384236 0.9372409 -0.2544283 0.2385879 0.9351773 -0.2617619 0.2385879 0.9351773 -0.2617619 0.07918149 0.9585852 -0.2735778 0.07918149 0.9585852 -0.2735778 0.07918155 0.9585852 -0.2735778 0.2384597 0.9333552 -0.2683006 0.2384597 0.9333552 -0.2683006 0.2384597 0.9333552 -0.2683005 0.07916831 0.9565396 -0.2806501 0.07916831 0.9565396 -0.2806501 0.07916831 0.9565396 -0.2806501 0.2386828 0.9336779 -0.2669762 0.2386828 0.9336779 -0.2669761 0.2386829 0.9336779 -0.2669761 0.07484841 0.950066 -0.3029392 0.23807 0.9295017 -0.2816902 0.07828748 0.9525085 -0.2942766 0.07828748 0.9525085 -0.2942767 0.07828748 0.9525085 -0.2942767 0.2386001 0.9287018 -0.2838717 0.2386001 0.9287018 -0.2838717 0.2386001 0.9287018 -0.2838717 0.07766896 0.9468633 -0.3121179 0.07766896 0.9468632 -0.3121179 0.0776689 0.9468632 -0.3121178 0.2381316 0.9240165 -0.2991435 0.2381315 0.9240165 -0.2991435 0.2381316 0.9240166 -0.2991435 0.2381007 0.9246811 -0.2971079 0.07877808 0.9439663 -0.3205022 0.07877814 0.9439663 -0.3205022 0.07877814 0.9439663 -0.3205022 0.2382785 0.9218314 -0.3056966 0.2382783 0.9218314 -0.3056966 0.2382787 0.9218313 -0.3056966 0.07895505 0.9418674 -0.3265761 0.07895493 0.9418674 -0.3265763 0.07895505 0.9418674 -0.3265765 0.2384374 0.9198244 -0.3115618 0.2384371 0.9198246 -0.3115617 0.2384371 0.9198245 -0.3115617 0.2379721 0.9207371 -0.3092127 0.2379722 0.9207371 -0.3092127 0.2379721 0.9207371 -0.3092127 0.07593464 0.9354684 -0.3451562 0.0759347 0.9354684 -0.3451562 0.07593464 0.9354684 -0.3451562 0.07871723 0.9385063 -0.3361691 0.07871711 0.9385063 -0.3361691 0.2377915 0.9161931 -0.3225609 0.238016 0.916319 -0.3220374 0.2380158 0.916319 -0.3220375 0.238016 0.9163189 -0.3220373 0.07764172 0.9333735 -0.3504078 0.07764172 0.9333735 -0.3504078 0.07764166 0.9333735 -0.3504078 0.2378732 0.9111095 -0.3365944 0.2378733 0.9111096 -0.3365942 0.2378733 0.9111096 -0.3365943 0.0786885 0.9294285 -0.3605147 0.0786888 0.9294285 -0.3605147 0.07868856 0.9294285 -0.3605148 0.238879 0.90869 -0.3423732 0.2388789 0.90869 -0.3423731 0.2388789 0.9086901 -0.3423731 0.2373943 0.9107447 -0.3379172 0.2373944 0.9107447 -0.3379172 0.2373943 0.9107447 -0.3379173 0.07670551 0.9198088 -0.3847964 0.07670551 0.9198088 -0.3847964 0.07670551 0.9198087 -0.3847963 0.2382814 0.9050038 -0.3524063 0.2382815 0.9050038 -0.3524063 0.2382815 0.9050039 -0.3524063 0.2380481 0.9061911 -0.3495007 0.238048 0.9061912 -0.3495007 0.2380478 0.9061912 -0.3495007 0.07890969 0.927062 -0.3665098 0.07890963 0.927062 -0.3665099 0.07890951 0.9270619 -0.3665099 0.237227 0.8998554 -0.3660376 0.2372271 0.8998555 -0.3660376 0.237227 0.8998555 -0.3660376 0.07514351 0.9209787 -0.3822982 0.07514351 0.9209787 -0.3822982 0.07514351 0.9209787 -0.3822982 0.2369252 0.9002155 -0.3653474 0.2375535 0.8947011 -0.3782571 0.2375535 0.8947011 -0.378257 0.2375535 0.8947011 -0.3782571 0.07778358 0.9159834 -0.3936041 0.07778334 0.9159834 -0.393604 0.07778376 0.9159834 -0.393604 0.2373995 0.8943811 -0.3791093 0.2373995 0.8943811 -0.3791093 0.2385749 0.8921026 -0.383712 0.238575 0.8921026 -0.383712 0.2385751 0.8921026 -0.383712 0.07875818 0.9124303 -0.401582 0.07875818 0.9124303 -0.401582 0.07875806 0.9124304 -0.401582 0.0756241 0.9022618 -0.4245052 0.0756241 0.9022618 -0.4245052 0.0756241 0.9022618 -0.4245052 0.2371051 0.8875204 -0.3950809 0.2371051 0.8875204 -0.3950808 0.2371051 0.8875204 -0.3950808 0.2373917 0.8865928 -0.3969868 0.2373917 0.8865929 -0.3969868 0.2373916 0.8865929 -0.3969868 0.07843446 0.9065927 -0.4146538 0.5389374 0.6940764 -0.4772887 0.4194287 0.7450422 -0.5186442 0.3987941 0.7552239 -0.5201924 0.5310423 0.7322761 -0.4263401 0.440963 0.7356014 -0.5142394 0.08252829 0.8830761 -0.4619153 0.1381154 0.8734638 -0.466889 0.1381154 0.8734638 -0.466889 0.1381154 0.8734638 -0.466889 0.0888555 0.8789075 -0.4686431 0.2372583 0.880042 -0.4113814 0.2372583 0.8800421 -0.4113815 0.2372583 0.880042 -0.4113814 0.07705301 0.8999571 -0.4291156 0.07705295 0.8999571 -0.4291157 0.07705301 0.8999571 -0.4291157 0.2352734 0.8866058 -0.3982169 0.1667345 0.869881 -0.4642271 0.2843627 0.8141272 -0.5062952 0.2960935 0.8521013 -0.4315693 0.3826579 0.825437 -0.4150024 0.2326608 0.8356576 -0.4975395 0.2357893 0.8222147 -0.518041 0.2357892 0.8222147 -0.518041 0.2357892 0.8222147 -0.518041 0.236808 0.8214694 -0.5187582 0.2368079 0.8214695 -0.5187581 0.2368078 0.8214695 -0.5187582 0.2295204 0.8287591 -0.5103712 0.3847516 0.8190487 -0.4255884 0.3231462 0.8045377 -0.4982929 0.3977764 0.7604291 -0.5133437 0.4326863 0.7822233 -0.4482291 0.4326864 0.7822234 -0.4482288 0.4326864 0.7822234 -0.4482288 0.4415935 0.7729589 -0.4555543 0.4415935 0.772959 -0.4555543 0.4415935 0.772959 -0.4555543 0.3042233 0.8165603 -0.490589 0.3042233 0.8165603 -0.490589 0.3042233 0.8165602 -0.490589 0.2482215 0.7319676 -0.6345152 0.2482215 0.7319677 -0.6345151 0.2482215 0.7319677 -0.6345152 0.3665035 0.7518084 -0.5481418 0.249202 0.7313748 -0.6348144 0.249202 0.7313748 -0.6348145 0.249202 0.7313748 -0.6348145 0.363027 0.7113408 -0.6018353 0.2974682 0.7200405 -0.6269406 0.3257467 0.76317 -0.5580867 0.2932667 0.7626284 -0.576535 0.2932667 0.7626283 -0.576535 0.2616391 0.7482974 -0.6095868 0.2616391 0.7482973 -0.6095868 0.2616391 0.7482974 -0.6095868 0.2569049 0.7113046 -0.6542519 0.256905 0.7113046 -0.654252 0.256905 0.7113046 -0.654252 0.6867721 0.6420265 -0.3408023 0.5929296 0.727991 -0.3441855 0.5929296 0.727991 -0.3441855 0.5929296 0.727991 -0.3441855 0.6979928 0.6591654 -0.2798339 0.6780619 0.6860201 -0.2638342 0.6780619 0.6860201 -0.2638342 0.518372 0.7641816 -0.3838192 0.518372 0.7641815 -0.3838192 0.6030777 0.7041273 -0.3748362 0.6030777 0.7041274 -0.3748362 0.6030777 0.7041273 -0.3748361 0.6137236 0.7000887 -0.3649919 0.5976392 0.7329533 -0.3249722 0.5206816 0.7563844 -0.3959461 0.5206816 0.7563844 -0.3959461 0.5206816 0.7563844 -0.3959461 0.5329677 0.7324938 -0.4235545 0.8896945 0.4084445 -0.2040019 0.9140428 0.3782106 -0.1465691 0.9351468 0.3300187 -0.1287956 0.9351467 0.3300187 -0.1287956 0.9351467 0.3300187 -0.1287956 0.9558635 0.2667698 -0.1231215 0.9558635 0.2667698 -0.1231216 0.9558635 0.2667698 -0.1231216 0.9199666 0.3755801 -0.1122552 0.8917357 0.4148947 -0.1807485 0.873953 0.4355478 -0.2156491 0.8940597 0.4109312 -0.1783056 0.8930298 0.4107989 -0.1836906 0.8930297 0.4107989 -0.1836906 0.8930297 0.4107989 -0.1836907 0.9129653 0.3715694 -0.1686137 0.8955532 0.4078343 -0.1779206 0.8955532 0.4078344 -0.1779206 0.8955532 0.4078344 -0.1779206 0.9012874 0.3952164 -0.1774405 0.8697664 0.4277548 -0.2460328 0.9008079 0.3853234 -0.2001779 0.873534 0.428717 -0.2305213 0.8810406 0.4082771 -0.2389086 0.8810406 0.4082771 -0.2389086 0.8810406 0.408277 -0.2389087 0.8622907 0.4405634 -0.2497172 0.8622909 0.4405632 -0.2497172 0.8622909 0.4405633 -0.2497172 0.8452586 0.4598149 -0.2722283 0.8554014 0.4424337 -0.2693343 0.8772994 0.4232956 -0.2262006 0.8772994 0.4232956 -0.2262006 0.8772994 0.4232956 -0.2262006 0.8526493 0.45603 -0.2550019 0.8526493 0.4560298 -0.2550019 0.8526494 0.4560299 -0.2550019 0.8578705 0.460847 -0.2273287 0.8603892 0.4425013 -0.2528306 0.7760612 0.5117709 -0.3685373 0.7760612 0.5117709 -0.3685372 0.7760612 0.5117709 -0.3685372 0.7993845 0.510232 -0.3172501 0.8259819 0.487627 -0.2827966 0.8259819 0.4876272 -0.2827966 0.8259818 0.487627 -0.2827966 0.8202862 0.4953079 -0.2860078 0.8202863 0.4953081 -0.2860078 0.8202863 0.495308 -0.2860079 0.795147 0.4962595 -0.3485227 0.7951468 0.4962594 -0.3485228 0.8204656 0.482509 -0.3066292 0.8204655 0.482509 -0.3066291 0.8204655 0.482509 -0.3066291 0.8248614 0.4802911 -0.2982018 0.8232246 0.4834937 -0.2975487 0.7910955 0.510861 -0.3364357 0.7910956 0.510861 -0.3364357 0.7910956 0.510861 -0.3364357 0.7304887 0.5610102 -0.3894277 0.7304887 0.5610103 -0.3894277 0.7304887 0.5610103 -0.3894277 0.7659407 0.5206931 -0.3771123 0.7659407 0.5206932 -0.3771123 0.7659407 0.5206931 -0.3771123 0.7842717 0.5172864 -0.3425385 0.7873772 0.5045199 -0.3542556 0.7873771 0.5045199 -0.3542556 0.7873771 0.5045199 -0.3542556 0.8714322 0.4361535 -0.2244465 0.8714323 0.4361534 -0.2244465 0.8997775 0.4066655 -0.1581887 0.8969069 0.4150742 -0.1525495 0.8595461 0.4518571 -0.2387586 0.8595462 0.4518572 -0.2387588 0.8595462 0.4518572 -0.2387587 0.8985424 0.4029185 -0.1740068 0.9124565 0.379397 -0.1532353 0.8330909 0.4871037 -0.2620872 0.7405511 0.5524472 -0.3826047 0.7405511 0.5524472 -0.3826045 0.7789995 0.5149325 -0.3577772 0.704067 0.5768769 -0.4141289 0.704067 0.5768768 -0.414129 0.704067 0.5768768 -0.4141291 0.7529155 0.5408999 -0.3748943 0.7529154 0.5408999 -0.3748943 0.7020501 0.564777 -0.4337657 0.7495601 0.5330034 -0.3925138 0.7495601 0.5330034 -0.3925138 0.7495601 0.5330035 -0.3925139 0.7152255 0.5526813 -0.4277802 0.7152255 0.5526813 -0.4277803 0.7152255 0.5526814 -0.4277802 0.6681978 0.5827736 -0.4624789 0.6681977 0.5827736 -0.4624789 0.6681978 0.5827737 -0.4624789 0.6972587 0.5663045 -0.4394652 0.6310371 0.6050257 -0.4855267 0.6805129 0.5724361 -0.4574047 0.6805129 0.5724361 -0.4574047 0.788501 0.5209711 -0.3268873 0.8209621 0.4918095 -0.2900773 0.820962 0.4918095 -0.2900773 0.820962 0.4918096 -0.2900772 0.8381537 0.4728422 -0.2718797 0.8523074 0.4510002 -0.264898 0.8523075 0.4510002 -0.264898 0.8523074 0.4510002 -0.264898 0.7595613 0.5478103 -0.3506717 0.8460637 0.4717218 -0.2483037 0.7594804 0.5475876 -0.3511942 0.6668056 0.6034289 -0.4373144 0.6668056 0.6034289 -0.4373143 0.6668056 0.6034289 -0.4373144 0.6379817 0.6100385 -0.4699282 0.6379817 0.6100385 -0.4699283 0.6379817 0.6100385 -0.4699283 0.6777637 0.577681 -0.4548859 0.6777637 0.577681 -0.4548859 0.6777637 0.577681 -0.454886 0.7184807 0.5282874 -0.4524357 0.7184807 0.5282875 -0.4524356 0.7184807 0.5282874 -0.4524357 0.6152623 0.618694 -0.4885388 0.6152623 0.618694 -0.4885389 0.6152623 0.618694 -0.4885389 0.6004318 0.6256983 -0.4979792 0.5961855 0.6288288 -0.4991365 0.5961855 0.6288287 -0.4991366 0.5961855 0.6288288 -0.4991364 0.5619697 0.640435 -0.5234818 0.5619697 0.640435 -0.5234818 0.5619696 0.640435 -0.5234817 0.577856 0.632942 -0.515235 0.5778559 0.6329419 -0.5152351 0.577857 0.6329379 -0.5152388 0.6229762 0.6122317 -0.4869016 0.6229761 0.6122317 -0.4869016 0.596589 0.6101111 -0.5213886 0.596589 0.6101111 -0.5213887 0.6250481 0.6093209 -0.4878965 0.5721851 0.6294811 -0.5256975 0.572185 0.6294812 -0.5256974 0.5721851 0.6294811 -0.5256974 0.5754942 0.6282439 -0.523561 0.5754942 0.6282439 -0.523561 0.5143127 0.656284 -0.5520632 0.5143128 0.656284 -0.5520632 0.5577341 0.624814 -0.5463883 0.5577341 0.624814 -0.5463884 0.5577341 0.624814 -0.5463885 0.5513616 0.6366379 -0.5391592 0.5513616 0.6366379 -0.5391592 0.5772835 0.6204587 -0.5308246 0.5772835 0.6204588 -0.5308247 0.4409407 0.6637312 -0.6041792 0.4409406 0.6637312 -0.6041791 0.4409406 0.6637312 -0.6041791 0.4804307 0.6655312 -0.571187 0.4804307 0.6655312 -0.571187 0.4804307 0.6655313 -0.571187 0.5274102 0.631791 -0.5680482 0.5274102 0.6317909 -0.5680482 0.5190083 0.6424646 -0.5637993 0.5671792 0.64748 -0.5089966 0.5671792 0.6474798 -0.5089968 0.5671793 0.64748 -0.5089966 0.714123 0.5332384 -0.4535253 0.7141231 0.5332384 -0.4535251 0.714123 0.5332384 -0.4535252 0.5429061 0.666877 -0.5104196 0.5429061 0.666877 -0.5104196 0.5429061 0.6668769 -0.5104196 0.6610426 0.6038901 -0.4453534 0.6772582 0.5866335 -0.4440524 0.6408827 0.5937824 -0.4865099 0.7111994 0.5695355 -0.4120982 0.7111994 0.5695356 -0.4120982 0.7111994 0.5695355 -0.4120981 0.734742 0.563858 -0.3771184 0.734742 0.5638581 -0.3771185 0.69453 0.5768115 -0.4300194 0.69453 0.5768115 -0.4300193 0.69453 0.5768115 -0.4300194 0.7387933 0.5500435 -0.3894056 0.7387933 0.5500435 -0.3894056 0.6341004 0.6163385 -0.4669514 0.5190012 0.64243 -0.5638454 0.4301491 0.6782495 -0.5957763 0.4301491 0.6782496 -0.5957763 0.4301491 0.6782495 -0.5957763 0.5010641 0.6440657 -0.5780261 0.4351731 0.6612491 -0.6110433 0.4351731 0.6612492 -0.6110433 0.4351731 0.6612492 -0.6110433 0.4753209 0.6584222 -0.583567 0.5051928 0.6657686 -0.5491198 0.3913955 0.6713637 -0.6293493 0.4235817 0.6656979 -0.6143492 0.4235817 0.6656979 -0.6143492 0.3466575 0.6828145 -0.643112 0.40132 0.6667832 -0.627967 0.5786147 0.6337215 -0.5134221 0.4928303 0.6707469 -0.5542716 0.3056425 0.691834 -0.6541777 0.3056425 0.691834 -0.6541777 0.3528517 0.6799527 -0.6427754 0.3528518 0.6799527 -0.6427753 0.3528517 0.6799527 -0.6427753 0.4031476 0.6499764 -0.6442071 0.4031476 0.6499764 -0.644207 0.4031475 0.6499764 -0.6442071 0.3808912 0.6993746 -0.6048116 0.4181231 0.6367641 -0.6478462 0.2976463 0.6898486 -0.6599361 0.2976464 0.6898486 -0.6599361 0.2598181 0.6947479 -0.6706863 0.259818 0.6947479 -0.6706863 0.2598181 0.6947478 -0.6706863 0.27458 0.6916121 -0.6680408 0.3297899 0.6916626 -0.6425275 0.2571898 0.6887111 -0.6778868 0.2571897 0.6887111 -0.6778868 0.2571897 0.6887111 -0.6778868 0.303539 0.6798233 -0.667611 0.3035392 0.6798232 -0.6676111 0.303539 0.6798232 -0.667611 0.2922148 0.6873568 -0.6649445 0.2922147 0.6873567 -0.6649447 0.2922147 0.6873567 -0.6649446 0.2668766 0.6884023 -0.6744473 0.2668765 0.6884025 -0.6744471 0.2668765 0.6884025 -0.6744471 0.3402491 0.6795228 -0.6499841 0.3402492 0.6795229 -0.6499841 0.3402491 0.6795229 -0.6499841 0.5971411 0.6252241 -0.502511 0.5971412 0.6252242 -0.502511 0.6579701 0.6013268 -0.4533007 0.5812373 0.6272284 -0.5184089 0.5812373 0.6272284 -0.5184089 0.5812373 0.6272284 -0.5184089 0.6147191 0.620346 -0.4871256 0.6147192 0.620346 -0.4871256 0.6147191 0.620346 -0.4871256 0.5783966 0.6330681 -0.5144729 0.5796786 0.6270103 -0.5204141 0.5796786 0.6270104 -0.5204141 0.5796787 0.6270103 -0.5204141 0.6593801 0.5984521 -0.4550529 0.08401364 0.6403414 -0.763482 0.08401364 0.6403414 -0.7634821 0.1211948 0.6864745 -0.7169831 0.1211947 0.6864745 -0.716983 0.1211949 0.6864745 -0.716983 0.1661264 0.6957927 -0.6987664 0.1661264 0.6957928 -0.6987664 0.1661264 0.6957927 -0.6987665 0.2194533 0.6728845 -0.7064465 0.2194533 0.6728845 -0.7064465 0.2194532 0.6728845 -0.7064466 0.2057955 0.6851456 -0.6987302 0.480923 0.6608138 -0.5762277 0.4809229 0.6608137 -0.5762277 0.4869236 0.6536853 -0.5793108 0.4869236 0.6536853 -0.5793108 0.4869236 0.6536853 -0.5793108 0.4320779 0.6728249 -0.6005126 0.4222832 0.6713145 -0.6091091 0.4222832 0.6713144 -0.6091091 0.3986217 0.6778232 -0.6177836 0.3986216 0.6778232 -0.6177836 0.3986217 0.6778232 -0.6177836 0.4828601 0.661342 -0.5739973 0.3650418 0.6809547 -0.6348584 0.3650417 0.6809547 -0.6348584 0.4821609 0.6638371 -0.5717003 0.3617307 0.6924597 -0.62422 0.2089608 0.6938104 -0.6891753 0.02901118 0.6629565 -0.7480956 0.0290113 0.6629565 -0.7480956 0.02901118 0.6629566 -0.7480956 0.1488876 0.6701726 -0.7271184 0.1488876 0.6701726 -0.7271184 0.1488876 0.6701726 -0.7271184 0.0648477 0.68622 -0.7244977 0.1033586 0.6944214 -0.7121068 0.1033586 0.6944214 -0.7121067 0.1033586 0.6944214 -0.7121068 0.142811 0.6924219 -0.7072178 0.142811 0.6924219 -0.7072178 0.142811 0.692422 -0.7072177 0.1653437 0.68838 -0.7062539 0.2086465 0.7006223 -0.6823453 0.2086464 0.7006222 -0.6823453 0.2086465 0.7006222 -0.6823453 0.2167745 0.6821416 -0.6983494 0.2246326 0.7104655 -0.6669175 0.2246327 0.7104655 -0.6669175 0.2246326 0.7104656 -0.6669175 0.1894454 0.6919485 -0.6966475 0.1894454 0.6919485 -0.6966476 0.01729059 0.712136 -0.7018287 0.01729059 0.712136 -0.7018287 0.01729059 0.712136 -0.7018287 0.06916004 0.6929706 -0.7176411 0.1185546 0.686774 -0.7171377 0.1185546 0.686774 -0.7171377 0.1185546 0.6867739 -0.7171377 0.1229299 0.7381683 -0.6633218 0.1229299 0.7381682 -0.6633218 0.1229298 0.7381683 -0.6633219 0.1350398 0.6893378 -0.7117428 0.1350399 0.6893379 -0.7117426 0.1350399 0.6893379 -0.7117426 0.05860298 0.6869033 -0.7243822 0.05860292 0.6869033 -0.7243822 0.05860292 0.6869032 -0.7243822 0.274551 0.691701 -0.6679608 0.2974402 0.6906327 -0.6592085 0.2974402 0.6906327 -0.6592084 0.2974402 0.6906327 -0.6592084 0.2914593 0.6900642 -0.6624674 0.2914592 0.6900641 -0.6624674 0.2914593 0.6900642 -0.6624674 0.2207633 0.7000925 -0.6790686 0.2658399 0.6932282 -0.6698985 0.2658399 0.6932282 -0.6698985 0.2658399 0.6932282 -0.6698984 0.2254502 0.6832278 -0.6945301 0.2254502 0.6832278 -0.6945301 0.35865 0.6875669 -0.6313652 0.3560671 0.6851923 -0.6353958 0.3585399 0.6763085 -0.6434718 0.2268474 0.6667092 -0.7099572 0.05682355 0.6804658 -0.7305734 0.0628786 0.6823807 -0.7282876 0.1501728 0.6765254 -0.7209448 0.4236604 0.6376461 -0.6433656 0.2754517 0.6688622 -0.6904706 0.2754518 0.6688622 -0.6904706 0.4356133 0.6297919 -0.6431199 0.3122728 0.6669303 -0.6765277 0.06282299 0.682844 -0.7278581 0.08740222 0.6817878 -0.72631 0.2276966 0.6737093 -0.7030434 0.05825817 0.6840521 -0.727103 0.05825817 0.6840522 -0.727103 0.6573671 0.5432854 -0.5222161 0.6573671 0.5432854 -0.522216 0.6573671 0.5432854 -0.5222161 0.5075498 0.617542 -0.6008619 0.5075498 0.6175421 -0.6008619 0.5075499 0.6175421 -0.6008619 0.3033868 0.6813217 -0.6661511 0.3033867 0.6813217 -0.6661512 0.3033867 0.6813217 -0.6661511 0.3032239 0.6809564 -0.6665986 0.3032239 0.6809564 -0.6665986 0.3032239 0.6809564 -0.6665986 0.7245839 0.5398383 -0.4284306 0.7245839 0.5398383 -0.4284306 0.7245839 0.5398383 -0.4284307 0.3481913 0.6757814 -0.6496787 0.3260051 0.6773697 -0.6594628 0.3260052 0.6773697 -0.6594628 0.7324578 0.5349319 -0.4211336 0.7324579 0.5349318 -0.4211336 0.7324578 0.5349318 -0.4211336 0.7501912 0.5204199 -0.4078928 0.750191 0.5204198 -0.4078928 0.7406155 0.5294141 -0.4137746 0.3492068 0.6754269 -0.6495023 0.748211 0.5226492 -0.4086785 0.748211 0.5226489 -0.4086789 0.7482109 0.5226491 -0.4086787 0.7643665 0.510667 -0.3936538 0.7643665 0.510667 -0.3936538 0.7546783 0.5198308 -0.4002957 0.7546783 0.5198307 -0.4002957 0.7546783 0.5198307 -0.4002959 0.3709431 0.6706844 -0.6423268 0.3709431 0.6706843 -0.6423268 0.3919972 0.668595 -0.6319168 0.762102 0.5126388 -0.395477 0.7621019 0.5126388 -0.3954771 0.7621019 0.5126388 -0.3954772 0.7778102 0.500906 -0.3796111 0.7778103 0.5009059 -0.3796113 0.7778102 0.5009059 -0.3796111 0.7674784 0.5114778 -0.386481 0.7674784 0.5114777 -0.3864811 0.7674784 0.5114777 -0.3864811 0.3925215 0.6678963 -0.6323301 0.3925215 0.6678964 -0.6323301 0.3925215 0.6678964 -0.6323301 0.7768102 0.5015817 -0.3807647 0.7768101 0.5015817 -0.380765 0.7768102 0.5015817 -0.3807646 0.7911649 0.4903949 -0.3654735 0.791165 0.4903948 -0.3654735 0.791165 0.4903949 -0.3654735 0.7813737 0.5004245 -0.372868 0.7813737 0.5004245 -0.3728679 0.7813737 0.5004246 -0.3728678 0.7886329 0.492515 -0.3680859 0.7886329 0.492515 -0.3680859 0.7886329 0.4925151 -0.3680858 0.7947542 0.4882277 -0.3605546 0.7947542 0.4882278 -0.3605544 0.7947542 0.4882276 -0.3605546 0.8876726 0.3931982 -0.2396512 0.8725093 0.4161332 -0.2560486 0.8725093 0.4161332 -0.2560486 0.8725093 0.4161332 -0.2560485 0.8967254 0.3736566 -0.2372011 0.8967254 0.3736566 -0.237201 0.8967254 0.3736567 -0.2372009 0.8309575 0.4560553 -0.3186272 0.8309574 0.4560553 -0.3186272 0.8309574 0.4560553 -0.3186273 0.8304869 0.4566712 -0.3189718 0.8304868 0.4566712 -0.3189718 0.830487 0.4566713 -0.3189718 0.1730673 0.6809484 -0.7115876 0.1730673 0.6809484 -0.7115876 0.2883539 0.6641525 -0.689749 0.2886954 0.6624879 -0.6912053 0.1737674 0.6770187 -0.7151579 0.1737674 0.6770185 -0.7151579 0.1737674 0.6770186 -0.7151579 0.1886317 0.6803855 -0.7081621 0.1886654 0.6813768 -0.7071994 0.199797 0.6751067 -0.7101495 0.2987665 0.6632809 -0.6861465 0.2839434 0.7123773 -0.6417903 0.4290747 0.6532092 -0.6238691 0.3154913 0.6556895 -0.6859567 0.4097372 0.6409348 -0.6490902 0.379759 0.6469144 -0.6612753 0.2292338 0.6675164 -0.7084305 0.3660215 0.6586243 -0.6574515 0.207203 0.6821179 -0.7012717 0.380405 0.6412121 -0.6664378 0.5300406 0.5727227 -0.6253365 0.5300406 0.5727226 -0.6253366 0.4668617 0.6412251 -0.6089914 0.266289 0.6752206 -0.6878716 0.4259046 0.649311 -0.6300797 0.3548803 0.6560932 -0.6660344 0.525404 0.618205 -0.5846138 0.525404 0.618205 -0.5846139 0.6505772 0.5491233 -0.5246076 0.3046801 0.6804226 -0.6664798 0.04268211 0.6713159 -0.7399415 0.1338943 0.662413 -0.7370763 0.2112894 0.6855742 -0.6966668 0.05165028 0.6823489 -0.7291997 0.0513783 0.682071 -0.7294788 0.0513783 0.682071 -0.7294788 0.05137836 0.6820711 -0.7294788 0.1593357 0.6842731 -0.7116056 0.1596502 0.6815087 -0.7141834 0.3725525 0.6631045 -0.649228 0.3725526 0.6631045 -0.649228 0.3725525 0.6631045 -0.649228 0.2681894 0.6733313 -0.6889843 0.2712889 0.6775342 -0.6836298 0.3777147 0.6558384 -0.6536113 0.4721819 0.632178 -0.614325 0.05322927 0.6825123 -0.7289332 0.05079436 0.6827954 -0.7288419 0.162624 0.6821917 -0.712859 0.2711744 0.678456 -0.6827605 0.4783223 0.638599 -0.602826 0.7698413 0.4853306 -0.4144861 0.5867765 0.5929943 -0.5514082 0.5867765 0.5929943 -0.5514082 0.5927666 0.600972 -0.5361535 0.6006061 0.5872656 -0.5425786 0.501149 0.6339828 -0.5889954 0.6737935 0.5618558 -0.479917 0.7692373 0.4861507 -0.4146463 0.7692373 0.4861507 -0.4146464 0.6814671 0.5471038 -0.4860866 0.766965 0.49105 -0.4130795 0.6874179 0.5549935 -0.4684431 0.06560444 0.6840205 -0.7265068 0.06560444 0.6840205 -0.7265067 0.06560444 0.6840205 -0.7265067 0.185235 0.6832791 -0.7062703 0.8155025 0.4648084 -0.3448318 0.7332001 0.5177157 -0.4408947 0.03840976 0.6094137 -0.7919215 0.03840976 0.6094138 -0.7919215 0.03840965 0.6094138 -0.7919215 0.07540017 0.6635189 -0.7443505 0.118058 0.6887674 -0.7153055 0.118058 0.6887674 -0.7153055 0.118058 0.6887674 -0.7153055 0.06815391 0.6856588 -0.7247255 0.2015743 0.6852335 -0.6998735 0.3516053 0.6589435 -0.6649565 0.3516054 0.6589434 -0.6649566 0.3516054 0.6589435 -0.6649566 0.3718447 0.6668831 -0.6457542 0.3718447 0.6668831 -0.6457542 0.3718448 0.6668831 -0.6457542 0.3930218 0.6660675 -0.6339464 0.3930218 0.6660677 -0.6339462 0.3930218 0.6660676 -0.6339463 0.3330797 0.645547 -0.6872606 0.3330798 0.6455469 -0.6872606 0.3330793 0.6455472 -0.6872606 0.1650057 0.6905292 -0.704232 0.1650056 0.6905292 -0.704232 0.1650057 0.6905292 -0.704232 0.2146082 0.6738727 -0.7069929 0.2146082 0.6738727 -0.7069929 0.2146083 0.6738728 -0.7069928 0.2692513 0.6265699 -0.7313781 0.2692513 0.6265699 -0.7313781 0.2692514 0.62657 -0.7313781 0.1472943 0.6867452 -0.7118184 0.1472944 0.6867452 -0.7118184 0.1472943 0.6867453 -0.7118184 0.164965 0.5956999 -0.7860842 0.164965 0.5956999 -0.7860841 0.164965 0.5956998 -0.7860842 0.2243939 0.6816406 -0.6964291 0.26023 0.7651513 -0.5889177 0.2602299 0.7651512 -0.5889177 0.2602298 0.7651513 -0.5889178 0.4150273 0.6618308 -0.6242856 0.4150272 0.6618309 -0.6242854 0.4150273 0.6618309 -0.6242855 0.4020002 0.6640473 -0.6304262 0.4020001 0.6640474 -0.6304261 0.4020001 0.6640474 -0.6304261 0.5871137 0.5982059 -0.5453872 0.5871137 0.5982061 -0.5453872 0.5871138 0.5982058 -0.5453873 0.6036856 0.5995013 -0.525511 0.569658 0.5897823 -0.5724043 0.5696582 0.5897821 -0.5724044 0.5696581 0.5897821 -0.5724044 0.6210238 0.5949056 -0.5103105 0.6210238 0.5949057 -0.5103104 0.4123287 0.6630421 -0.6247882 0.4123287 0.6630421 -0.6247882 0.4123287 0.6630421 -0.6247882 0.6389325 0.5857589 -0.49865 0.6389326 0.585759 -0.4986498 0.6261504 0.5913583 -0.5081645 0.6261504 0.5913583 -0.5081645 0.6261504 0.5913584 -0.5081645 0.7474333 0.4890139 -0.4496765 0.7474333 0.4890138 -0.4496765 0.7520124 0.4946334 -0.4356777 0.7520123 0.4946338 -0.4356777 0.7520123 0.4946338 -0.4356777 0.7596983 0.4979699 -0.4181919 0.759698 0.4979705 -0.4181921 0.7596983 0.4979699 -0.4181919 0.763805 0.4986864 -0.4097729 0.763805 0.4986866 -0.4097728 0.763805 0.4986865 -0.4097729 0.7710367 0.4983896 -0.3963714 0.7765871 0.4971386 -0.3869957 0.7826194 0.4941758 -0.3785462 0.7826194 0.4941758 -0.3785462 0.7826194 0.4941757 -0.3785461 0.7892533 0.4906206 -0.3692842 0.7892532 0.4906207 -0.3692842 0.7892533 0.4906206 -0.3692842 0.7947883 0.4863294 -0.3630362 0.7947883 0.486329 -0.3630368 0.7947883 0.486329 -0.3630368 0.6561687 0.5757703 -0.487782 0.6561686 0.5757704 -0.4877819 0.6752909 0.5574523 -0.4829381 0.6752909 0.5574524 -0.4829381 0.675291 0.5574524 -0.482938 0.6931478 0.5359632 -0.4819641 0.6931479 0.5359632 -0.4819642 0.693148 0.5359632 -0.481964 0.7128354 0.5054693 -0.4861752 0.7128354 0.5054694 -0.4861754 0.7128356 0.5054693 -0.4861752 0.6862558 0.5706008 -0.4510742 0.7297275 0.4705879 -0.4960292 0.7297276 0.4705878 -0.4960291 0.7297275 0.4705878 -0.4960292 0.7034059 0.604992 -0.3731017 0.703406 0.604992 -0.3731017 0.7034059 0.6049922 -0.3731017 0.748003 0.4270071 -0.5080912 0.7480031 0.427007 -0.5080909 0.748003 0.4270071 -0.508091 0.635172 0.5885637 -0.5001492 0.635172 0.5885637 -0.5001493 0.6351721 0.5885638 -0.5001492 0.791811 0.4886835 -0.3663657 0.7918111 0.4886837 -0.3663654 0.7918111 0.4886835 -0.3663656 0.8001446 0.4789541 -0.3610701 0.8001188 0.4789946 -0.3610739 0.8001188 0.4789942 -0.3610742 0.8306138 0.45687 -0.3183562 0.7997132 0.4826157 -0.3571287 0.7997131 0.4826155 -0.357129 0.7996845 0.4826442 -0.3571547 0.4724274 0.643876 -0.6018605 0.4707714 0.6536477 -0.592553 0.4707714 0.6536477 -0.592553 0.4707714 0.6536477 -0.592553 0.5799243 0.6312217 -0.5150215 0.5799242 0.6312217 -0.5150215 0.5636108 0.6254228 -0.5396196 0.5636108 0.6254228 -0.5396196 0.5636107 0.6254229 -0.5396196 0.5253875 0.6310698 -0.5707178 0.5253875 0.6310698 -0.5707178 0.5078762 0.704872 -0.4951941 0.5078765 0.7048718 -0.4951943 0.5078769 0.7048714 -0.4951943 0.5289126 0.6295583 -0.5691291 0.5289127 0.6295583 -0.5691291 0.5454351 0.6250575 -0.558394 0.5454351 0.6250574 -0.558394 0.4461284 0.6049681 -0.6595325 0.4799603 0.6366105 -0.6036267 0.5180006 0.6403888 -0.5670781 0.5180006 0.6403888 -0.5670781 0.5180007 0.6403888 -0.5670781 0.3946497 0.7417535 -0.5422669 0.3946495 0.7417535 -0.542267 0.3946495 0.7417535 -0.542267 0.4671031 0.64713 -0.6025259 0.5579454 0.6249418 -0.5460265 0.601247 0.5866434 -0.5425418 0.5326845 0.6317453 -0.5631564 0.5326845 0.6317454 -0.5631564 0.4818124 0.6501097 -0.5875495 0.5468375 0.543563 -0.6367952 0.5468375 0.5435632 -0.636795 0.5468373 0.5435632 -0.6367952 0.710608 0.5826084 -0.3944665 0.710608 0.5826084 -0.3944665 0.710608 0.5826084 -0.3944665 0.7295116 0.5560786 -0.3982331 0.7295116 0.5560786 -0.3982329 0.7295116 0.5560786 -0.3982329 0.76326 0.5155365 -0.3894309 0.76326 0.5155366 -0.3894309 0.76326 0.5155365 -0.389431 0.7475298 0.5324965 -0.3970476 0.7522406 0.5990384 -0.2743851 0.7522096 0.5990748 -0.2743908 0.752241 0.5990383 -0.2743842 0.7767668 0.5043532 -0.3771753 0.7767668 0.5043532 -0.3771753 0.7767691 0.504351 -0.377174 0.7791537 0.5010894 -0.3766016 0.7791538 0.5010895 -0.3766018 0.7791538 0.5010895 -0.3766018 0.7613005 0.5831331 -0.2835091 0.7612783 0.5831713 -0.2834905 0.7612783 0.583171 -0.2834905 0.7867884 0.496115 -0.3671975 0.7867885 0.496115 -0.3671975 0.7867884 0.496115 -0.3671975 0.7736944 0.5601179 -0.2960827 0.7736943 0.560118 -0.2960827 0.7736943 0.5601182 -0.2960826 0.7926877 0.4913241 -0.3608971 0.7926878 0.4913242 -0.3608973 0.7926877 0.4913241 -0.3608972 0.790926 0.4926003 -0.3630167 0.790926 0.4926003 -0.3630167 0.790926 0.4926003 -0.3630167 0.8261112 0.4642249 -0.31943 0.8261113 0.4642249 -0.31943 0.8222996 0.4594455 -0.3357579 0.8265457 0.4694271 -0.3105809 0.7687118 0.5079909 -0.3886226 0.7687119 0.5079909 -0.3886227 0.7952066 0.4966279 -0.3478609 0.8257517 0.4579176 -0.329311 0.8257517 0.4579175 -0.3293111 0.8257516 0.4579175 -0.3293111 0.8570171 0.393279 -0.3329467 0.857017 0.393279 -0.3329467 0.857017 0.393279 -0.3329467 0.4102655 0.6388898 -0.6507704 0.4102655 0.6388898 -0.6507704 0.4102655 0.6388897 -0.6507704 0.5259944 0.6176968 -0.58462 0.4093728 0.6414809 -0.6487806 0.2514472 0.6625284 -0.7055711 0.3782064 0.6614537 -0.6476412 0.386205 0.6338299 -0.6701533 0.2500594 0.6671167 -0.7017304 0.3277958 0.6692904 -0.6667837 0.6203534 0.5799866 -0.5279937 0.6203534 0.5799866 -0.5279937 0.6203534 0.5799866 -0.5279937 0.5284945 0.6075623 -0.5929263 0.5284945 0.6075623 -0.5929264 0.6192311 0.5841656 -0.5246937 0.5044552 0.6269682 -0.5936632 0.5077286 0.6153095 -0.6029974 0.506892 0.6147056 -0.6043158 0.4082091 0.651453 -0.6395111 0.4232925 0.6305325 -0.6505784 0.4232926 0.6305325 -0.6505783 0.4232926 0.6305325 -0.6505783 0.4702964 0.6679414 -0.5767805 0.4702963 0.6679414 -0.5767805 0.4702963 0.6679414 -0.5767806 0.3428745 0.6822708 -0.6457117 0.3428745 0.6822708 -0.6457117 0.3428745 0.6822708 -0.6457118 0.3515725 0.6529831 -0.6708279 0.6633584 0.555628 -0.5012317 0.599663 0.5715032 -0.5601683 0.5497285 0.608842 -0.5719354 0.647137 0.5672667 -0.5093352 0.2817716 0.6576597 -0.6986333 0.431545 0.6212324 -0.6540943 0.4208938 0.6556258 -0.6268998 0.3413341 0.6800434 -0.6488699 0.2912042 0.6284226 -0.7213079 0.2912042 0.6284226 -0.721308 0.2912042 0.6284226 -0.7213079 0.3168053 0.710499 -0.6283515 0.3168053 0.7104991 -0.6283515 0.2670232 0.6585627 -0.703558 0.1710073 0.7041098 -0.6891922 0.3334551 0.6623944 -0.6708512 0.1780052 0.6849319 -0.7065286 0.1780052 0.6849318 -0.7065286 0.1780052 0.6849319 -0.7065286 0.1819735 0.6801584 -0.7101199 0.1775295 0.6609899 -0.7290923 0.3627177 0.6641273 -0.6537361 0.3240029 0.6228775 -0.7120715 0.3240029 0.6228775 -0.7120715 0.2735217 0.687886 -0.6723085 0.2735217 0.687886 -0.6723086 0.2735217 0.6878859 -0.6723086 0.3676705 0.6578111 -0.6573454 0.3676705 0.6578112 -0.6573454 0.3676705 0.6578111 -0.6573454 0.2640714 0.6784515 -0.6855435 0.3680992 0.656921 -0.6579953 0.2643132 0.6776516 -0.6862412 0.2643131 0.6776516 -0.6862412 0.2643131 0.6776516 -0.6862412 0.460294 0.6349896 -0.6204174 0.5605266 0.5992947 -0.5715382 0.4545994 0.643279 -0.6160614 0.4661512 0.6406926 -0.6100952 0.4661512 0.6406926 -0.6100952 0.4661512 0.6406926 -0.6100952 0.5591599 0.6024158 -0.5695924 0.559254 0.6014047 -0.5705677 0.465848 0.6416191 -0.6093527 0.1705909 0.6845206 -0.7087527 0.2783519 0.6730644 -0.685204 0.3767861 0.6633945 -0.6464828 0.4846754 0.6292023 -0.6076136 0.4846755 0.6292023 -0.6076137 0.4866312 0.6377736 -0.5970218 0.4866312 0.6377736 -0.5970218 0.4866312 0.6377736 -0.5970218 0.3846199 0.6551647 -0.6502513 0.5659266 0.6089027 -0.5558459 0.6687745 0.5496207 -0.5006575 0.5727374 0.5975474 -0.5611676 0.2729394 0.664546 -0.6956169 0.1933611 0.7213404 -0.665041 0.3771504 0.6815277 -0.6271184 0.4961574 0.6270852 -0.6004931 0.3679609 0.6675889 -0.6472479 0.3679609 0.667589 -0.6472479 0.3679609 0.6675889 -0.6472479 0.4967736 0.6257042 -0.6014236 0.3862986 0.6616823 -0.6426119 0.5791047 0.6058514 -0.5455107 0.5791047 0.6058515 -0.5455106 0.6667556 0.554732 -0.4977041 0.6667556 0.554732 -0.4977041 0.6669608 0.5529499 -0.4994094 0.6669608 0.5529499 -0.4994094 0.6669607 0.5529499 -0.4994095 0.5794081 0.6044603 -0.5467305 0.5794081 0.6044602 -0.5467304 0.5794081 0.6044602 -0.5467305 0.2975305 0.6733255 -0.6768371 0.2028798 0.6633883 -0.7202469 0.2028798 0.6633884 -0.720247 0.2028798 0.6633884 -0.720247 0.1685081 0.6869943 -0.7068549 0.1685081 0.6869944 -0.7068549 0.1685081 0.6869943 -0.7068549 0.6129688 0.5953838 -0.5194107 0.5988383 0.6000778 -0.5303767 0.606648 0.5863232 -0.5368458 0.4344308 0.6932802 -0.5750066 0.598284 0.613166 -0.5158331 0.4463421 0.628782 -0.6367196 0.5104084 0.6176117 -0.5983638 0.3118056 0.6765691 -0.6671069 0.4247408 0.6501053 -0.6300463 0.6082087 0.5479915 -0.5742714 0.6082087 0.5479915 -0.5742714 0.5384413 0.6321299 -0.5572189 0.4399969 0.6490427 -0.6206016 0.3120352 0.679547 -0.6639654 0.3120352 0.679547 -0.6639654 0.3125116 0.6779285 -0.6653943 0.7053617 0.5593759 -0.4353889 0.6246578 0.5754469 -0.527886 0.5532453 0.6597853 -0.5085303 0.1962632 0.6871674 -0.6994868 0.3204193 0.6722071 -0.6674348 0.7099311 0.5344176 -0.458689 0.3408485 0.6540217 -0.6753355 0.2808007 0.681023 -0.676283 0.2808008 0.681023 -0.676283 0.2808008 0.681023 -0.676283 0.1964976 0.6890062 -0.6976096 0.1968129 0.688362 -0.6981564 0.3045098 0.6730855 -0.6739657 0.4436764 0.6565026 -0.6100457 0.5742399 0.5932241 -0.5642109 0.5742399 0.5932241 -0.5642108 0.5259577 0.6289091 -0.5725749 0.5466756 0.6160337 -0.5671406 0.5466756 0.6160337 -0.5671405 0.5466756 0.6160336 -0.5671406 0.5581758 0.6129416 -0.5592339 0.5581759 0.6129415 -0.5592339 0.5626834 0.62252 -0.5439267 0.626806 0.5890015 -0.5100898 0.6268059 0.5890015 -0.5100898 0.626806 0.5890015 -0.5100899 0.6704535 0.5546594 -0.4927932 0.6704535 0.5546594 -0.4927933 0.6354036 0.582946 -0.5063955 0.6354036 0.5829459 -0.5063955 0.6354036 0.582946 -0.5063955 0.733035 0.486432 -0.4754405 0.7330593 0.486391 -0.475445 0.7330594 0.486391 -0.4754448 0.7424775 0.4656779 -0.4815302 0.7424776 0.465678 -0.4815299 0.7424774 0.465678 -0.4815301 0.7258052 0.4992437 -0.4732469 0.7257824 0.4992848 -0.4732385 0.7258055 0.4992433 -0.4732467 0.7367675 0.4792572 -0.4769551 0.7367675 0.4792572 -0.4769551 0.6477757 0.6116035 -0.4542332 0.7143796 0.5769864 -0.3959148 0.5953577 0.637414 -0.4891347 0.6373242 0.5934606 -0.4915512 0.6373242 0.5934605 -0.4915513 0.6373242 0.5934604 -0.4915513 0.6556581 0.5789203 -0.4847305 0.6556581 0.5789203 -0.4847306 0.6556581 0.5789203 -0.4847306 0.5922296 0.6413516 -0.487783 0.6728067 0.5700446 -0.4715721 0.6728067 0.5700447 -0.4715721 0.6872992 0.5671786 -0.4537934 0.6872991 0.5671787 -0.4537934 0.687299 0.5671787 -0.4537934 0.7013057 0.5688928 -0.4295712 0.7013058 0.5688927 -0.4295712 0.7013058 0.5688926 -0.4295712 0.617556 0.6120871 -0.4939373 0.617556 0.6120871 -0.4939373 0.617556 0.6120871 -0.4939373 0.598798 0.6133317 -0.515039 0.6065713 0.5984699 -0.5233594 0.7274769 0.5530603 -0.4060809 0.7274768 0.5530603 -0.4060809 0.7274769 0.5530602 -0.4060809 0.7233868 0.5365273 -0.4345688 0.7428178 0.5183719 -0.4236889 0.7428178 0.518372 -0.4236889 0.6372545 0.5754659 -0.5125874 0.6690247 0.5779429 -0.4673201 0.6690247 0.5779429 -0.4673202 0.7046446 0.5534989 -0.4439764 0.7046446 0.5534989 -0.4439764 0.7467439 0.4945502 -0.4447401 0.7424675 0.5028122 -0.4426308 0.6106542 0.6137323 -0.5004339 0.6210833 0.5580185 -0.5503371 0.6210833 0.5580185 -0.5503371 0.6210833 0.5580186 -0.5503371 0.4419653 0.6472026 -0.6211244 0.4861734 0.6143585 -0.6214492 0.54735 0.618067 -0.5642705 0.5473499 0.618067 -0.5642705 0.5473499 0.6180671 -0.5642705 0.5463358 0.608666 -0.5753635 0.4413112 0.6416718 -0.6272973 0.4413112 0.6416718 -0.6272973 0.4413112 0.6416717 -0.6272973 0.3748934 0.6196998 -0.6895122 0.3748934 0.6196998 -0.6895122 0.3748934 0.6196998 -0.6895122 0.2965651 0.6862113 -0.6642012 0.4106868 0.6523618 -0.6369933 0.291025 0.6788049 -0.6741873 0.291025 0.6788048 -0.6741873 0.291025 0.6788049 -0.6741872 0.2912818 0.677412 -0.6754761 0.686929 0.5569766 -0.4668038 0.686929 0.5569766 -0.4668038 0.6869291 0.5569765 -0.4668038 0.6927818 0.5448276 -0.4724578 0.6927817 0.5448276 -0.4724578 0.6927818 0.5448277 -0.4724578 0.7704631 0.5214075 -0.3667711 0.766668 0.4932088 -0.4110537 0.692596 0.5417062 -0.4763038 0.4373936 0.6737548 -0.5956017 0.443274 0.6407647 -0.6268405 0.443274 0.6407646 -0.6268405 0.445909 0.645787 -0.6197777 0.4459089 0.645787 -0.6197777 0.5726572 0.5404485 -0.6164245 0.5655726 0.6659513 -0.4864529 0.5360751 0.6081755 -0.5854452 0.6062899 0.6001343 -0.5217774 0.3234218 0.6784784 -0.6595949 0.4474064 0.6480458 -0.6163312 0.6257591 0.56455 -0.5382462 0.6257591 0.56455 -0.5382462 0.6257591 0.5645499 -0.5382462 0.5280091 0.6800227 -0.5086999 0.5280091 0.6800227 -0.5086999 0.5912305 0.5808782 -0.5594884 0.5912304 0.5808782 -0.5594884 0.5912305 0.5808781 -0.5594884 0.6204566 0.5948881 -0.5110204 0.539789 0.6278835 -0.5607051 0.3233823 0.6791536 -0.6589191 0.4474455 0.6482934 -0.6160424 0.4474455 0.6482934 -0.6160424 0.4474455 0.6482934 -0.6160424 0.4509971 0.6564798 -0.6046784 0.3264014 0.6727921 -0.6639376 0.7122996 0.6016561 -0.3614406 0.6906704 0.5507538 -0.4686626 0.7107633 0.5360185 -0.4555213 0.7224983 0.4804243 -0.4971808 0.8106712 0.4739631 -0.3437605 0.8106712 0.4739631 -0.3437605 0.8106712 0.4739631 -0.3437605 0.7493008 0.5328878 -0.3931651 0.793556 0.4772977 -0.3774331 0.7935561 0.4772979 -0.377433 0.793556 0.4772976 -0.3774335 0.7996754 0.4692358 -0.3746159 0.7996755 0.4692357 -0.374616 0.7996754 0.4692358 -0.374616 0.8189287 0.4377638 -0.3711048 0.8189287 0.4377638 -0.3711048 0.8189287 0.4377637 -0.3711049 0.8014575 0.466186 -0.3746151 0.8014336 0.4662272 -0.3746151 0.8014581 0.4661857 -0.3746142 0.3288339 0.6800247 -0.6553127 0.4143602 0.6567707 -0.6300461 0.4143601 0.6567707 -0.6300461 0.4143602 0.6567706 -0.6300461 0.3289284 0.6783162 -0.6570336 0.4553482 0.6466223 -0.6119949 0.4025256 0.6630017 -0.631191 0.4025256 0.663002 -0.6311907 0.4025255 0.6630018 -0.6311909 0.45598 0.6301711 -0.6284638 0.4559801 0.6301711 -0.6284638 0.4559801 0.6301711 -0.6284638 0.5021345 0.6263739 -0.5962523 0.3999321 0.6604905 -0.6354579 0.4033764 0.6529206 -0.641079 0.5099371 0.6321881 -0.5833545 0.407065 0.6601096 -0.6313108 0.407065 0.6601097 -0.6313108 0.4073558 0.6595089 -0.631751 0.5138737 0.6226369 -0.5901333 0.5138737 0.6226368 -0.5901333 0.5138738 0.6226368 -0.5901333 0.513839 0.6232702 -0.5894945 -1 -2.09387e-6 0 -1 1.7116e-6 0 -1 -2.67384e-6 0 -0.9999997 7.79622e-4 -1.82096e-5 -0.9999997 7.79622e-4 -1.82507e-5 -0.9999997 7.79618e-4 -1.81616e-5 -0.9999999 -4.79285e-4 -9.70598e-6 -0.9999999 -4.79285e-4 -9.72471e-6 -0.9999999 -4.79285e-4 -9.69882e-6 -0.9999998 -6.83076e-4 -1.60145e-5 -0.9999998 -6.83076e-4 -1.60456e-5 -0.9999998 -6.83083e-4 -1.59518e-5 -1 0 0 -0.9999999 -4.78776e-4 -2.41359e-5 -0.9999999 -4.78775e-4 -2.41571e-5 -0.9999999 -4.78777e-4 -2.41003e-5 -1 7.4909e-7 0 -0.9999999 4.89545e-4 -2.46369e-5 -0.9999999 4.89543e-4 -2.46506e-5 -0.9999999 4.89541e-4 -2.46484e-5 -1 -3.84572e-7 0 -1 -3.35128e-4 -1.71937e-5 -1 -3.35127e-4 -1.72117e-5 -1 -3.35128e-4 -1.71859e-5 -1 3.8415e-7 0 -1 3.35127e-4 -1.72008e-5 -1 3.35127e-4 -1.72066e-5 -1 3.35127e-4 -1.71997e-5 -0.9999999 -4.89533e-4 -2.46064e-5 -0.9999999 -4.89533e-4 -2.46509e-5 -0.9999999 -4.89535e-4 -2.46353e-5 -1 -6.0854e-7 0 -1 1.93713e-7 0 -0.9999999 4.78774e-4 -2.417e-5 -0.9999999 4.78774e-4 -2.41739e-5 -0.9999999 4.78778e-4 -2.40981e-5 -1 -7.38937e-7 0 -0.9999998 6.83077e-4 -1.60187e-5 -0.9999998 6.83071e-4 -1.60753e-5 -0.9999998 6.83072e-4 -1.60256e-5 -0.9999997 -7.79622e-4 -1.8215e-5 -0.9999997 -7.79628e-4 -1.82179e-5 -0.9999997 -7.79629e-4 -1.81452e-5 -1 -3.27597e-5 -3.75795e-4 -1 4.51708e-5 -2.41942e-5 -1 4.87504e-5 1.19173e-5 -1 4.36097e-5 -2.77565e-5 -1 4.04582e-5 -2.84323e-5 -1 3.91955e-5 -3.20148e-5 -1 -7.97484e-5 -3.65726e-4 -1 -7.96738e-5 -3.6573e-4 -1 -7.95961e-5 -3.65735e-4 -1 4.13614e-7 0 -1 -1.28343e-6 0 -1 -8.0187e-7 0 -1 1.51659e-6 0 -1 -7.2643e-7 0 -1 1.05368e-6 0 -1 -1.02735e-6 0 -1 -6.74096e-7 0 -1 2.33832e-6 0 -1 -2.00699e-6 0 -1 6.74175e-7 0 -1 2.74066e-6 0 -1 -3.51162e-7 0 -1 -3.63093e-7 0 -1 -6.06528e-6 0 -0.9999999 4.79383e-4 -7.77989e-7 -0.9999999 4.79383e-4 -7.59173e-7 -0.9999999 4.79383e-4 -7.91535e-7 -1 1.94331e-7 0 -0.9999999 -4.84993e-4 -1.94037e-5 -0.9999999 -4.8499e-4 -1.94288e-5 -0.9999999 -4.84992e-4 -1.94245e-5 -0.9999999 4.81404e-4 -2.36513e-5 -0.9999999 4.81402e-4 -2.37203e-5 -0.9999999 4.81402e-4 -2.37011e-5 -1 -9.47888e-7 0 -0.9999999 -4.77653e-4 -2.47676e-5 -0.9999999 -4.77658e-4 -2.4691e-5 -0.9999999 -4.77655e-4 -2.47379e-5 -0.9999999 4.80392e-4 -2.51215e-5 -0.9999999 4.80395e-4 -2.50702e-5 -0.9999999 4.80394e-4 -2.50749e-5 -1 -3.59483e-6 0 -1 0 0 -1 -2.25659e-6 0 -1 2.25659e-6 0 -1 0 0 -1 3.5948e-6 0 -0.9999999 -4.80395e-4 -2.50603e-5 -0.9999999 -4.80394e-4 -2.50843e-5 -0.9999999 -4.80393e-4 -2.51035e-5 -0.9999999 4.77655e-4 -2.47389e-5 -0.9999999 4.77655e-4 -2.47334e-5 -0.9999999 4.77654e-4 -2.47626e-5 -1 9.4821e-7 0 -1 -3.37762e-4 -1.65748e-5 -1 -3.37761e-4 -1.65953e-5 -1 -3.37762e-4 -1.65839e-5 -0.9999999 4.84982e-4 -1.9476e-5 -0.9999999 4.84982e-4 -1.94571e-5 -0.9999999 4.84984e-4 -1.93905e-5 -1 -6.9742e-6 0 -1 -6.63744e-5 -2.16787e-6 -1 2.7222e-4 -3.6876e-7 -1 2.7222e-4 -3.22634e-7 -1 2.72221e-4 -3.65893e-7 -1 -5.46302e-5 -9.54962e-6 -1 -5.55595e-5 -1.27324e-5 -1 -3.84937e-4 1.64681e-5 -1 -3.84942e-4 1.64224e-5 -1 -3.84941e-4 1.64273e-5 -1 -5.20714e-5 -1.85954e-5 -1 -4.48259e-5 -2.14703e-5 -1 -4.87981e-5 -2.43312e-5 -1 -4.21287e-5 -2.73021e-5 -1 -4.11183e-5 -3.027e-5 -1 -4.21199e-5 -3.35483e-5 -1 -3.8282e-5 -3.70747e-5 -1 2.58358e-4 -3.6366e-4 -1 2.584e-4 -3.63659e-4 -1 2.584e-4 -3.63659e-4 -1 -4.00357e-7 0 -1 -4.28471e-7 0 -1 -3.44055e-5 -2.76527e-5 -1 -4.65978e-7 0 -1 -2.16328e-6 0 -1 2.18838e-6 0 -1 -2.275e-6 0 -0.9999999 4.79065e-4 -1.7466e-5 -0.9999999 4.79064e-4 -1.74974e-5 -0.9999999 4.79065e-4 -1.74716e-5 -0.9999997 -7.66916e-4 -1.22527e-5 -0.9999997 -7.66915e-4 -1.22793e-5 -0.9999997 -7.66916e-4 -1.22391e-5 -1 4.73547e-4 -2.06043e-5 -1 4.73547e-4 -2.06392e-5 -1 4.73547e-4 -2.06431e-5 -0.9999997 7.54112e-4 -1.16716e-5 -0.9999997 7.54108e-4 -1.17136e-5 -0.9999997 7.54111e-4 -1.17709e-5 -0.9999997 -7.53241e-4 -1.01883e-5 -0.9999997 -7.53244e-4 -1.01692e-5 -0.9999997 -7.5324e-4 -1.02051e-5 -1 3.42978e-6 0 -1 5.38915e-6 0 -1 4.55604e-7 0 -0.9999999 -4.78848e-4 -2.2646e-5 -0.9999999 -4.7885e-4 -2.26059e-5 -0.9999999 -4.78847e-4 -2.26798e-5 -1 -3.30932e-4 -6.11648e-5 -1 -3.30929e-4 -6.1177e-5 -1 -3.30927e-4 -6.11926e-5 -1 6.15588e-6 0 -1 -1.60589e-6 0 -1 2.5971e-7 0 -1 3.36967e-7 0 -1 9.7122e-5 -2.7001e-4 -1 9.70137e-5 -2.70011e-4 -1 9.69725e-5 -2.70012e-4 -1 -1.25592e-6 0 -1 -5.33474e-5 1.22565e-5 -1 -5.37591e-5 1.62776e-5 -1 -1.44273e-6 0 -1 -5.46077e-5 2.06379e-5 -1 3.40794e-4 -1.53904e-5 -1 3.40792e-4 -1.54177e-5 -1 3.40793e-4 -1.53897e-5 -1 -5.44858e-5 2.55214e-5 -1 -1.21259e-6 0 -1 -5.82176e-5 3.11622e-5 -1 -1.18533e-6 0 -0.9999998 6.70994e-4 -1.38501e-5 -0.9999998 6.70995e-4 -1.37851e-5 -0.9999998 6.70994e-4 -1.38489e-5 -0.9999998 -6.70999e-4 -1.36023e-5 -0.9999998 -6.71e-4 -1.35453e-5 -0.9999998 -6.71001e-4 -1.3506e-5 -0.9999997 7.66884e-4 -1.40867e-5 -0.9999997 7.66885e-4 -1.40671e-5 -0.9999997 7.66883e-4 -1.41639e-5 -0.9999997 -7.66891e-4 -1.37473e-5 -0.9999997 -7.6689e-4 -1.37912e-5 -0.9999997 -7.66891e-4 -1.37206e-5 -1 1.32591e-5 0 -1 -4.34943e-5 -6.75541e-6 -1 -1.18085e-6 0 -1 4.38944e-6 0 -1 -3.59437e-6 0 -1 3.37021e-6 0 -1 -3.36252e-4 -2.09274e-5 -1 -3.3625e-4 -2.09533e-5 -1 -3.36253e-4 -2.09241e-5 -1 -6.69076e-7 0 -1 -3.33321e-4 -1.94325e-5 -1 -3.3332e-4 -1.94592e-5 -1 -3.33321e-4 -1.94356e-5 -1 3.31026e-4 -1.70773e-5 -1 3.31025e-4 -1.70716e-5 -1 3.31025e-4 -1.7084e-5 -1 1.40509e-6 0 -0.9999999 4.80117e-4 -1.84757e-5 -0.9999999 4.80116e-4 -1.84902e-5 -0.9999999 4.80116e-4 -1.85043e-5 -0.9999998 -6.71753e-4 -1.38366e-5 -0.9999998 -6.71753e-4 -1.38025e-5 -0.9999998 -6.71754e-4 -1.37983e-5 -1 -4.80505e-6 0 -1 3.85533e-6 0 -1 2.78655e-6 0 -1 -2.57272e-6 0 -1 1.20191e-6 0 -1 3.79052e-7 0 -1 -7.2651e-7 0 -1 -3.42311e-7 0 -1 -3.36967e-7 0 -1 -9.25672e-5 -2.08855e-4 -1 -9.26145e-5 -2.08851e-4 -1 -9.25948e-5 -2.08853e-4 -1 5.30343e-5 1.62951e-5 -1 5.53407e-5 2.05573e-5 -1 5.60881e-5 2.55213e-5 -1 5.7798e-5 3.11868e-5 -1 -3.85194e-6 0 -1 4.81101e-6 0 -0.9999998 5.75897e-4 -1.18283e-5 -0.9999998 5.75898e-4 -1.17876e-5 -0.9999998 5.75896e-4 -1.18498e-5 -1 -3.36408e-4 -1.29523e-5 -1 -3.36408e-4 -1.29491e-5 -1 -3.36408e-4 -1.29532e-5 -1 3.3213e-4 -3.68884e-5 -1 3.32136e-4 -3.68316e-5 -1 3.32136e-4 -3.68418e-5 -1 4.10956e-6 0 -1 3.33318e-4 -1.94755e-5 -1 3.33319e-4 -1.94739e-5 -1 3.3332e-4 -1.94459e-5 -1 6.68371e-7 0 -1 3.36254e-4 -2.09222e-5 -1 3.36252e-4 -2.09516e-5 -1 3.36253e-4 -2.09314e-5 -1 -3.37024e-6 0 -1 3.59535e-6 0 -1 -4.38949e-6 0 -1 1.18087e-6 0 -1 2.93806e-6 0 -1 -5.0009e-7 0 -1 1.41918e-6 0 -1 4.34941e-5 -6.75411e-6 -0.9999997 -7.78921e-4 -1.83166e-5 -0.9999997 -7.78921e-4 -1.83353e-5 -0.9999997 -7.78928e-4 -1.82587e-5 -1 -5.47797e-6 0 -1 -3.35142e-4 -1.69091e-5 -1 -3.35142e-4 -1.69087e-5 -1 -3.35144e-4 -1.68757e-5 -1 6.06492e-6 0 -1 3.45925e-4 -1.72024e-5 -1 3.45924e-4 -1.71933e-5 -1 3.45922e-4 -1.72134e-5 -0.9999999 -4.79383e-4 -7.99952e-7 -0.9999999 -4.79383e-4 -7.66144e-7 -0.9999999 -4.79383e-4 -7.54779e-7 -1 3.44047e-5 -2.76527e-5 -1 -2.72225e-4 -4.47893e-7 -1 -2.72225e-4 -4.09415e-7 -1 -2.72225e-4 -4.29514e-7 -1 6.63247e-5 -2.20637e-6 -1 4.78777e-4 -2.41095e-5 -1 4.78773e-4 -2.41796e-5 -1 4.78778e-4 -2.40921e-5 -1 5.46271e-5 -9.54908e-6 -1 5.81422e-5 -1.26902e-5 -1 5.05663e-5 -1.57361e-5 -1 -4.29761e-4 -1.05416e-6 -1 -4.29759e-4 -1.01782e-6 -1 -4.29761e-4 -1.05768e-6 -0.9999997 -7.79616e-4 -1.82532e-5 -0.9999997 -7.79623e-4 -1.82145e-5 -0.9999997 -7.79623e-4 -1.82084e-5 -1 4.31387e-5 -2.14693e-5 -1 3.1208e-7 0 -1 4.81194e-5 -2.43417e-5 -1 4.28209e-5 -2.72544e-5 -1 -1.64027e-4 -3.16737e-4 -1 -1.64051e-4 -3.16728e-4 -1 -1.63996e-4 -3.16749e-4 -1 -2.73905e-6 0 -1 2.80987e-6 0 -1 3.82729e-7 0 -1 -3.40952e-7 0 -1 -8.59272e-5 -3.24294e-4 -1 -8.59565e-5 -3.24286e-4 -1 -8.59414e-5 -3.2429e-4 -1 6.323e-7 0 -1 -3.40251e-7 0 -1 6.64964e-7 0 -1 3.65717e-7 0 -1 3.85515e-7 0 -1 3.84101e-7 0 -0.9999999 -4.84995e-4 -1.94094e-5 -0.9999999 -4.84992e-4 -1.94482e-5 -0.9999999 -4.84995e-4 -1.94065e-5 -0.9999999 4.81399e-4 -2.3737e-5 -0.9999999 4.81402e-4 -2.36946e-5 -0.9999999 4.814e-4 -2.3718e-5 -1 3.36775e-4 -1.75839e-5 -1 3.36777e-4 -1.75574e-5 -1 3.36777e-4 -1.75528e-5 -1 -3.59371e-6 0 -1 0 0 -1 3.59367e-6 0 -1 3.34031e-4 -1.73158e-5 -1 3.34032e-4 -1.73034e-5 -1 3.34032e-4 -1.73059e-5 -1 9.47862e-7 0 -1 -7.49801e-7 0 -1 3.777e-7 0 -1 -3.60951e-7 0 -1 -2.05574e-4 -1.73239e-5 -1 -2.05585e-4 -1.73155e-5 -1 -2.05588e-4 -1.73132e-5 -1 2.23179e-5 -1.16292e-4 -1 -4.48252e-5 -2.147e-5 -1 -4.87974e-5 -2.43308e-5 -1 -4.2128e-5 -2.73017e-5 -1 1.99802e-4 -4.06459e-4 -1 1.99848e-4 -4.06441e-4 -1 1.9987e-4 -4.06433e-4 -1 1.36973e-6 0 -1 -1.40483e-6 0 -1 3.63193e-7 0 -1 -4.00352e-7 0 -1 -4.28466e-7 0 -1 3.00904e-4 -1.44307e-5 -1 3.00904e-4 -1.44397e-5 -1 3.00903e-4 -1.44284e-5 -1 -3.48596e-5 -3.83319e-5 -1 -3.28673e-5 -4.08755e-5 -1 -4.85399e-5 -3.71515e-5 -1 -5.12561e-5 -3.60207e-5 -0.9999999 -5.1027e-4 -4.80714e-6 -0.9999999 -5.10272e-4 -4.82124e-6 -0.9999999 -5.1027e-4 -4.79669e-6 -1 -1.64456e-5 -4.11417e-5 -1 -4.11134e-5 -3.49102e-5 -1 4.50844e-4 -2.42986e-6 -1 4.50846e-4 -2.44829e-6 -1 4.50848e-4 -2.47303e-6 -1 -3.42973e-6 0 -1 -2.14034e-5 -4.55397e-5 -1 3.20521e-6 0 -1 -2.69458e-5 -4.73656e-5 -1 -1.64432e-5 -4.95224e-5 -1 -3.50965e-4 -2.06113e-5 -1 -3.50963e-4 -2.05925e-5 -1 -3.50964e-4 -2.06e-5 -1 -2.90647e-6 0 -0.9999999 4.65492e-4 -7.95221e-6 -0.9999999 4.65487e-4 -7.90245e-6 -0.9999999 4.65488e-4 -7.90998e-6 -0.9999999 -4.832e-4 -1.13776e-5 -0.9999999 -4.83202e-4 -1.14148e-5 -0.9999999 -4.83199e-4 -1.13814e-5 -1 5.468e-5 -3.31084e-4 -1 5.33069e-5 -3.31307e-4 -1 5.32828e-5 -3.31311e-4 -0.9999999 4.64206e-4 -1.41914e-5 -0.9999999 4.64215e-4 -1.42475e-5 -0.9999999 4.6421e-4 -1.42119e-5 -1 0 -6.60928e-5 -1 7.49744e-7 -6.60913e-5 -1 -3.19867e-4 -8.09313e-6 -1 -3.19864e-4 -8.08252e-6 -1 -3.19865e-4 -8.08269e-6 -1 0 -6.87749e-5 -0.9999999 4.832e-4 -1.13885e-5 -0.9999999 4.83203e-4 -1.14256e-5 -0.9999999 4.83204e-4 -1.14178e-5 -1 -1.4041e-6 0 -0.9999999 -4.65487e-4 -7.89748e-6 -0.9999999 -4.65486e-4 -7.89197e-6 -0.9999999 -4.65492e-4 -7.947e-6 -1 1.45296e-6 0 -1 3.50963e-4 -2.0582e-5 -1 3.50965e-4 -2.06019e-5 -1 3.50961e-4 -2.05673e-5 -1 1.64476e-5 -4.95193e-5 -1 -3.20443e-6 0 -1 2.69463e-5 -4.73666e-5 -1 2.14202e-5 -4.55283e-5 -1 -3.07588e-4 -1.47853e-5 -1 -3.0759e-4 -1.48162e-5 -1 -3.07591e-4 -1.48208e-5 -1 3.66897e-4 -1.60628e-5 -1 3.66898e-4 -1.60789e-5 -1 3.66897e-4 -1.60726e-5 -1 3.28782e-5 -4.08729e-5 -1 -3.00909e-4 -1.43857e-5 -1 -3.00908e-4 -1.43748e-5 -1 -3.00909e-4 -1.43831e-5 -1 3.48726e-5 -3.83292e-5 -1 4.85237e-5 -3.71569e-5 -1 5.13199e-5 -3.60091e-5 -1 4.1077e-5 -3.49195e-5 -1 4.10903e-6 0 -1 -3.44993e-4 -1.58347e-5 -1 -3.44992e-4 -1.58228e-5 -1 -3.44993e-4 -1.58436e-5 -1 1.02307e-6 0 -1 -3.28808e-4 -1.41052e-5 -1 -3.2881e-4 -1.40809e-5 -1 -3.28807e-4 -1.41239e-5 -1 5.72462e-4 -1.16772e-5 -1 5.7246e-4 -1.17553e-5 -1 5.72463e-4 -1.16638e-5 -1 -3.38301e-4 -1.04904e-5 -1 -3.38301e-4 -1.04806e-5 -1 -3.38301e-4 -1.04903e-5 -1 0 0 -1 3.35038e-4 -1.88565e-5 -1 3.35036e-4 -1.88925e-5 -1 3.35039e-4 -1.88487e-5 -1 -3.41488e-4 -1.79531e-5 -1 -3.41488e-4 -1.7924e-5 -1 -3.41489e-4 -1.79339e-5 -1 1.04606e-6 0 -1 5.35219e-7 0 -1 5.24299e-6 0 -1 1.83359e-7 0 -1 -7.52077e-7 0 -1 -3.44877e-6 0 -1 3.33385e-4 -3.82164e-5 -1 3.33387e-4 -3.82051e-5 -1 3.33386e-4 -3.82135e-5 -1 4.78478e-4 -3.89125e-5 -1 4.78475e-4 -3.8952e-5 -1 4.78481e-4 -3.88739e-5 -1 -6.75956e-7 0 -1 1.60128e-5 -4.11422e-5 -1 3.00149e-6 0 -1 -2.00325e-6 0 -1 -3.78979e-7 0 -1 1.81658e-6 0 -1 -7.02067e-7 0 -1 1.89441e-5 -3.35033e-4 -1 1.89272e-5 -3.35034e-4 -1 1.89231e-5 -3.35035e-4 -1 -3.36968e-7 0 -1 7.02161e-7 0 -1 -1.08975e-6 0 -1 -3.7904e-7 0 -1 1.6022e-6 0 -1 1.28468e-6 0 -1 -2.67477e-6 0 -1 5.6823e-7 0 -1 7.46897e-7 0 -1 -1.80631e-7 0 -1 3.35263e-4 0 -1 3.35263e-4 0 -1 3.35263e-4 0 -1 1.99119e-6 0 -1 -3.24583e-7 0 -1 5.5639e-6 0 -0.9999999 -4.76379e-4 -1.37747e-5 -0.9999999 -4.76379e-4 -1.38016e-5 -0.9999999 -4.76378e-4 -1.38132e-5 -1 2.65353e-6 0 -1 -6.53832e-6 0 -1 -1.05351e-6 0 -1 4.79448e-6 0 -1 -4.3795e-6 0 -0.9999999 4.79702e-4 -2.56129e-5 -0.9999999 4.79702e-4 -2.56009e-5 -0.9999999 4.79701e-4 -2.56206e-5 -1 -3.35496e-4 -1.96179e-5 -1 -3.35495e-4 -1.96393e-5 -1 -3.35497e-4 -1.96151e-5 -1 -1.01107e-6 0 -1 -3.37757e-4 0 -1 -3.37757e-4 0 -1 -3.37758e-4 0 -1 -2.80999e-6 0 -1 2.73916e-6 0 -1 -2.69526e-6 0 -1 4.32785e-7 0 -1 -1.7116e-6 0 -0.9999997 -7.80511e-4 -1.7182e-5 -0.9999997 -7.8051e-4 -1.71743e-5 -0.9999997 -7.80516e-4 -1.72076e-5 -0.9999997 7.79617e-4 -1.81726e-5 -0.9999997 7.79615e-4 -1.82595e-5 -0.9999997 7.7961e-4 -1.8243e-5 -1 -1.21319e-5 0 -1 1.16275e-5 0 -1 -3.35548e-4 -3.71205e-6 -1 -3.35548e-4 -3.72302e-6 -1 -3.35548e-4 -3.73907e-6 -1 1.07962e-5 0 -1 -6.40974e-6 0 -1 6.8451e-6 0 -1 -1.0783e-5 0 -1 4.5874e-5 -3.68703e-5 -1 7.93206e-5 -8.06226e-6 -1 9.58172e-5 -2.96755e-6 -1 7.89059e-5 -1.27321e-5 -1 -2.59771e-4 -4.95485e-6 -1 -2.59772e-4 -5.00202e-6 -1 -2.59771e-4 -4.99911e-6 -1 6.74218e-5 -2.09815e-5 -1 -1.16237e-5 0 -1 6.57342e-5 -2.48429e-5 -1 1.21322e-5 0 -1 -4.13674e-4 2.35107e-6 -1 -4.13671e-4 2.39116e-6 -1 -4.13671e-4 2.3874e-6 -0.9999997 -7.79617e-4 -1.81686e-5 -0.9999997 -7.79621e-4 -1.82264e-5 -0.9999997 -7.79622e-4 -1.82015e-5 -1 5.88126e-5 -3.24555e-5 -0.9999997 8.76389e-4 -1.9267e-5 -0.9999997 8.76381e-4 -1.93183e-5 -0.9999997 8.76381e-4 -1.93242e-5 -1 5.88787e-5 -3.63392e-5 -1 -2.75765e-4 2.22406e-5 -1 -2.75759e-4 2.22743e-5 -1 -2.75764e-4 2.22532e-5 -1 5.4781e-5 -4.4745e-5 -1 5.05776e-5 -4.94141e-5 -1 4.93877e-5 -5.45399e-5 -1 -3.66656e-5 -3.89457e-4 -1 -3.66898e-5 -3.89452e-4 -1 -3.67812e-5 -3.89429e-4 -1 1.28341e-6 0 -1 -1.08963e-6 0 -1 2.10733e-6 0 -1 -1.71224e-6 0 -1 3.03339e-6 0 -1 -3.34042e-7 0 -1 3.34645e-7 0 -1 3.36593e-7 0 -1 -2.40012e-6 0 -1 7.02311e-7 0 -1 1.45234e-6 0 -1 -4.32779e-7 0 -1 -6.06516e-6 0 -1 6.41e-6 0 -1 -6.8524e-6 0 -1 4.92961e-6 0 -0.9999999 4.73787e-4 -3.0768e-5 -0.9999999 4.73787e-4 -3.07584e-5 -0.9999999 4.73786e-4 -3.07821e-5 -1 4.17071e-6 0 -0.9999999 -4.79184e-4 -1.91158e-5 -0.9999999 -4.79186e-4 -1.90716e-5 -0.9999999 -4.79183e-4 -1.91477e-5 -1 -1.75526e-7 0 -1 0 0 -1 -9.85749e-6 0 -1 5.68325e-6 0 -1 -5.68325e-6 0 -1 9.8696e-6 0 -1 0 0 -1 1.75524e-7 0 -1 3.35484e-4 -1.33594e-5 -1 3.35485e-4 -1.33472e-5 -1 3.35484e-4 -1.33723e-5 -1 -4.17059e-6 0 -1 -3.30269e-4 -2.15564e-5 -1 -3.3027e-4 -2.15515e-5 -1 -3.30268e-4 -2.15665e-5 -1 -4.92318e-6 0 -1 -4.31442e-4 2.61467e-6 -1 -4.31444e-4 2.57136e-6 -1 -4.31444e-4 2.59724e-6 -1 -4.58729e-5 -3.68703e-5 -1 -7.93238e-5 -8.06258e-6 -1 -7.73914e-5 -1.27326e-5 -1 -7.48042e-5 -1.69762e-5 -1 -6.67184e-5 -2.09812e-5 -1 -6.74861e-5 -2.47934e-5 -1 -6.43375e-5 -2.8674e-5 -1 -5.88511e-5 -3.23932e-5 -1 -5.98486e-5 -3.64023e-5 -1 -5.62842e-5 -4.03595e-5 -1 -5.3762e-5 -4.47303e-5 -1 -5.12762e-5 -4.94324e-5 -1 -5.04838e-5 -5.45243e-5 -1 7.28216e-5 -3.31362e-4 -1 7.29856e-5 -3.31324e-4 -1 7.30195e-5 -3.31315e-4 -1 4.00352e-7 0 -1 -8.56932e-7 0 -1 -5.62057e-5 -5.27367e-5 -1 -5.80993e-5 -5.11093e-5 -1 -4.38236e-5 -5.45013e-5 -1 -6.06748e-5 -4.95353e-5 -0.9999999 4.26889e-4 -1.86061e-4 -0.9999999 4.26914e-4 -1.86019e-4 -0.9999999 4.26887e-4 -1.86068e-4 -1 -6.40701e-5 -4.80276e-5 -1 -2.12062e-5 -5.48557e-5 -1 -8.22267e-5 -4.65469e-5 -1 -3.35569e-4 0 -1 -3.35569e-4 0 -1 -3.35569e-4 0 -1 -3.41185e-4 0 -1 -3.41187e-4 0 -1 -3.41187e-4 0 -1 -2.90596e-6 0 -1 5.80949e-6 0 -1 -2.0885e-6 0 -1 -5.50722e-7 0 -1 1.40408e-6 0 -1 -5.80949e-6 0 -0.9999999 4.85002e-4 0 -0.9999999 4.85003e-4 0 -0.9999999 4.85e-4 0 -1 9.96007e-5 -3.20446e-4 -1 9.95908e-5 -3.2045e-4 -1 9.95665e-5 -3.20457e-4 -1 3.35569e-4 0 -1 3.35569e-4 0 -1 3.35569e-4 0 -1 -3.4276e-4 -1.40099e-4 -1 -3.42711e-4 -1.40188e-4 -1 -3.42763e-4 -1.40091e-4 -1 4.38371e-5 -5.44967e-5 -1 5.61899e-5 -5.27439e-5 -1 5.81209e-5 -5.11056e-5 -1 6.06546e-5 -4.95425e-5 -1 6.41494e-5 -4.80118e-5 -1 8.21546e-5 -4.65596e-5 -1 -1.18004e-6 0 -1 -3.51117e-7 0 -1 -3.08084e-6 0 -1 8.4256e-7 0 -1 3.34234e-7 0 -1 -3.34538e-6 0 -1 9.09564e-6 0 -1 -2.39645e-6 0 -1 -6.67417e-6 0 -1 8.71451e-6 0 -0.9999999 4.70356e-4 -1.715e-5 -0.9999999 4.70355e-4 -1.71324e-5 -0.9999999 4.70358e-4 -1.70943e-5 -0.9999999 -4.79915e-4 -1.60649e-5 -0.9999999 -4.79916e-4 -1.60437e-5 -0.9999999 -4.79916e-4 -1.60416e-5 -1 8.56742e-7 0 -1 3.24584e-7 0 -1 6.07165e-6 0 -1 -6.40828e-6 0 -0.9999999 -4.78747e-4 -2.46883e-5 -0.9999999 -4.78747e-4 -2.46916e-5 -0.9999999 -4.78749e-4 -2.46533e-5 -1 -8.57569e-7 0 -1 -8.01285e-7 0 -1 -3.79052e-7 0 -1 2.17951e-6 0 -1 -1.40412e-6 0 -1 6.73942e-7 0 -1 -1.40432e-6 0 -1 2.17951e-6 0 -1 -3.79046e-7 0 -1 -1.6673e-4 -2.91674e-4 -1 -1.66756e-4 -2.9166e-4 -1 -1.66752e-4 -2.91662e-4 -1 4.28135e-7 0 -1 2.12061e-5 -5.48563e-5 -1 -8.55983e-7 0 -0.9999999 4.79917e-4 -1.60536e-5 -0.9999999 4.79919e-4 -1.5994e-5 -0.9999999 4.79917e-4 -1.60284e-5 -1 -3.26637e-4 -1.19572e-5 -1 -3.26637e-4 -1.19704e-5 -1 -3.26635e-4 -1.19967e-5 -1 -3.24583e-7 0 -1 -8.71775e-6 0 -1 6.67225e-6 0 -1 2.39725e-6 0 -1 -9.09583e-6 0 -1 3.34187e-6 0 -1 -3.34497e-7 0 -1 -8.4256e-7 0 -1 3.08167e-6 0 -1 3.51125e-7 0 -1 1.18006e-6 0 -1 -4.17424e-6 0 -1 3.9507e-6 0 -0.9999999 4.74553e-4 -3.93413e-5 -0.9999999 4.74557e-4 -3.93004e-5 -0.9999999 4.7456e-4 -3.92749e-5 -1 9.93622e-5 -3.19636e-4 -1 9.93609e-5 -3.19636e-4 -1 9.93488e-5 -3.19641e-4 -1 4.32762e-7 0 -1 -1.71104e-6 0 -0.9999998 -7.80536e-4 -1.71246e-5 -0.9999998 -7.80534e-4 -1.7172e-5 -0.9999998 -7.8054e-4 -1.71802e-5 -0.9999997 7.79618e-4 -1.81493e-5 -0.9999997 7.79616e-4 -1.82261e-5 -0.9999997 7.7961e-4 -1.82406e-5 -1 -1.21321e-5 0 -1 1.16277e-5 0 -1 1.07963e-5 0 -1 6.85442e-6 0 -1 -1.07829e-5 0 -1 4.58698e-5 -3.68703e-5 -1 9.59478e-5 -2.86451e-6 -1 -2.59772e-4 -4.99742e-6 -1 -1.16235e-5 0 -1 1.21319e-5 0 -0.9999998 -7.79611e-4 -1.82091e-5 -0.9999998 -7.79615e-4 -1.82565e-5 -0.9999998 -7.79617e-4 -1.81946e-5 -1 -4.13677e-4 2.30064e-6 -1 -4.13676e-4 2.31927e-6 -1 -4.13677e-4 2.2965e-6 -0.9999996 9.24302e-4 -2.04271e-5 -0.9999996 9.24295e-4 -2.03877e-5 -0.9999996 9.24295e-4 -2.03971e-5 -1 -2.30504e-4 -3.92704e-4 -1 -2.30497e-4 -3.92707e-4 -1 -2.30553e-4 -3.9268e-4 -1 -2.90516e-6 0 -1 1.28373e-6 0 -1 -1.30859e-5 -3.35225e-4 -1 -1.31131e-5 -3.35223e-4 -1 -1.30804e-5 -3.35225e-4 -1 3.34493e-7 0 -1 3.36779e-7 0 -1 -4.32797e-7 0 -1 -6.8454e-6 0 -1 4.92533e-6 0 -0.9999999 4.73788e-4 -3.07829e-5 -0.9999999 4.73784e-4 -3.08254e-5 -0.9999999 4.73787e-4 -3.08018e-5 -1 4.17062e-6 0 -0.9999999 -4.79185e-4 -1.90932e-5 -0.9999999 -4.79186e-4 -1.90702e-5 -0.9999999 -4.79183e-4 -1.91325e-5 -1 -1.75581e-7 0 -1 0 0 -1 -9.85744e-6 0 -1 3.40208e-4 -2.65106e-5 -1 3.40209e-4 -2.65065e-5 -1 3.40208e-4 -2.65018e-5 -1 -5.67808e-6 0 -1 9.86965e-6 0 -1 0 0 -1 1.75526e-7 0 -1 3.35484e-4 -1.33753e-5 -1 3.35484e-4 -1.3358e-5 -1 3.35484e-4 -1.33733e-5 -1 -4.17068e-6 0 -0.9999999 -4.73789e-4 -3.07746e-5 -0.9999999 -4.73788e-4 -3.07846e-5 -0.9999999 -4.73786e-4 -3.07963e-5 -1 -4.9317e-6 0 -1 -9.58215e-5 -2.96769e-6 -1 4.14131e-4 4.03088e-7 -1 4.14132e-4 3.86775e-7 -1 4.1413e-4 4.28408e-7 -1 -5.88242e-5 -3.24411e-5 -1 2.0616e-4 -2.9724e-4 -1 2.06098e-4 -2.97267e-4 -1 2.06082e-4 -2.97275e-4 -1 6.84866e-7 0 -1 -2.10724e-6 0 -1 2.17916e-6 0 -1 -7.58244e-7 0 -1 -8.57145e-7 0 -1 -4.58761e-5 -3.68703e-5 -0.9999999 -4.79109e-4 -1.62321e-5 -0.9999999 -4.79108e-4 -1.62616e-5 -0.9999999 -4.79108e-4 -1.625e-5 -1 1.09559e-5 0 -1 1.28141e-5 0 -1 5.79923e-5 -9.0072e-6 -1 7.54562e-5 4.16134e-5 -1 7.36179e-5 3.39833e-5 -0.9999999 4.78807e-4 -2.3512e-5 -0.9999999 4.78806e-4 -2.35182e-5 -0.9999999 4.78805e-4 -2.35459e-5 -1 -9.47103e-5 -3.79128e-4 -1 -9.47453e-5 -3.79118e-4 -1 -9.48422e-5 -3.79093e-4 -1 -5.80936e-6 0 -0.9999999 -4.72713e-4 -2.41034e-5 -0.9999999 -4.72712e-4 -2.40554e-5 -0.9999999 -4.7271e-4 -2.41149e-5 -0.9999999 4.78749e-4 -2.46507e-5 -0.9999999 4.78751e-4 -2.46196e-5 -0.9999999 4.7875e-4 -2.46393e-5 -1 1.34785e-6 0 -0.9999999 -4.78754e-4 -2.45688e-5 -0.9999999 -4.78755e-4 -2.45339e-5 -0.9999999 -4.78754e-4 -2.45677e-5 -1 6.73942e-7 0 -1 8.5683e-7 0 -0.9999999 -4.76633e-4 -3.59364e-5 -0.9999999 -4.76637e-4 -3.58815e-5 -0.9999999 -4.76636e-4 -3.58903e-5 -0.9999999 4.7271e-4 -2.41218e-5 -0.9999999 4.72712e-4 -2.40655e-5 -0.9999999 4.72713e-4 -2.40923e-5 -0.9999999 -4.78807e-4 -2.35145e-5 -0.9999999 -4.78807e-4 -2.35068e-5 -0.9999999 -4.78805e-4 -2.35438e-5 -1 -5.34439e-6 0 -1 -1.09593e-5 0 -0.9999999 4.79107e-4 -1.62909e-5 -0.9999999 4.79108e-4 -1.62602e-5 -0.9999999 4.79108e-4 -1.62492e-5 -1 -1.283e-5 0 -1 3.63095e-6 0 -1 -1.75556e-6 0 -1 1.51659e-6 0 -1 -2.0054e-6 0 -1 -5.01812e-6 0 -1 7.41124e-6 0 -1 -5.81996e-6 0 -1 -2.10763e-6 0 -1 7.62518e-6 0 -1 -5.30883e-6 0 -1 5.20547e-6 0 -1 -7.28234e-6 0 -1 2.1639e-7 0 -1 -6.0715e-6 0 -1 -5.79921e-5 -9.00548e-6 -1 -7.63239e-5 4.16458e-5 -1 4.02259e-4 -1.68977e-5 -1 4.02256e-4 -1.69144e-5 -1 4.02257e-4 -1.69115e-5 -1 2.87908e-5 -3.98455e-4 -1 2.88234e-5 -3.98442e-4 -1 2.88721e-5 -3.98426e-4 -1 1.45303e-6 0 -1 -6.73934e-7 0 -1 -6.73942e-7 0 -1 6.85266e-7 0 -1 -1.45299e-6 0 -1 -4.00541e-7 0 -1 -4.2823e-7 0 -1 -2.16389e-7 0 -1 7.27589e-6 0 -1 -5.21193e-6 0 -1 5.30707e-6 0 -1 -7.62801e-6 0 -1 2.10702e-6 0 -1 5.8219e-6 0 -1 -7.41148e-6 0 -1 5.01275e-6 0 -1 2.00698e-6 0 -1 -1.51661e-6 0 -1 1.75562e-6 0 -1 -3.63087e-6 0 -1 3.60507e-6 0 -1 -1.20024e-6 0 -1 -2.40984e-7 0 -1 -7.43424e-7 0 -1 1.50864e-6 0 -1 0 0 -1 0 0 -1 1.49884e-7 0 -1 0 0 -1 2.8531e-6 0 -1 -1.46892e-6 0 -1 -4.06736e-7 0 -1 2.98993e-7 0 -1 0 0 -1 -6.0369e-6 -1.39175e-5 -1 -7.13874e-6 -1.36953e-5 -1 -7.18128e-6 -1.34015e-5 -1 -8.04258e-6 -1.30377e-5 -1 -8.72918e-6 -1.26094e-5 -1 -2.34096e-7 0 -1 1.34429e-5 -1.82772e-5 -1 0 -3.1931e-5 -1 0 0 -1 0 0 -1 -1.50788e-6 0 -1 7.43794e-7 0 -1 0 0 -1 -2.98754e-7 0 -1 4.06736e-7 0 -1 1.47021e-6 0 -1 -2.85394e-6 0 -1 6.52729e-6 -1.23346e-5 -1 5.82446e-6 -1.27094e-5 -1 -1.5507e-5 -2.29659e-5 -1 7.12987e-6 -1.18937e-5 -1 7.78905e-6 -1.13924e-5 -1 1.07738e-6 0 -1 8.04047e-6 -1.08411e-5 -1 -3.98897e-5 1.11652e-4 -1 -3.99475e-5 1.11554e-4 -1 -3.99055e-5 1.11625e-4 -1 -8.68581e-5 -5.01483e-5 -1 1.63128e-4 -3.05864e-4 -1 8.26008e-6 -1.02453e-5 -1 1.83113e-5 -2.8969e-5 -0.9999999 -4.58941e-4 -4.01802e-6 -0.9999999 -4.58942e-4 -4.03893e-6 -0.9999999 -4.58941e-4 -4.02929e-6 -1 2.03881e-5 -2.85469e-5 -1 8.62108e-6 -9.61624e-6 -1 3.5868e-4 -1.35807e-5 -1 3.58678e-4 -1.35349e-5 -1 3.5868e-4 -1.35604e-5 -1 2.69149e-5 -2.8492e-5 -1 9.11713e-6 -8.96611e-6 -1 -1.38096e-6 0 -1 5.63897e-7 0 -1 0 0 -1 2.01864e-7 0 -1 2.38262e-6 -2.73277e-5 -1 3.06086e-6 -2.81093e-5 -1 0 0 -1 1.53923e-5 -1.00707e-5 -1 1.43e-5 -1.06593e-5 -1 1.35114e-5 -1.11695e-5 -1 -1.00214e-4 -6.99207e-5 -1 1.57584e-5 -9.40782e-6 -1 1.66508e-5 -8.67723e-6 -1 1.69258e-5 -7.88493e-6 -1 1.13362e-5 -1.96245e-5 -1 2.50666e-5 -1.02298e-5 -1 3.83247e-5 -1.33367e-5 -1 0 -3.24449e-5 -1 -1.25861e-4 -1.28714e-4 -0.9999999 -4.82801e-4 -3.60279e-6 -0.9999999 -4.82801e-4 -3.64028e-6 -0.9999999 -4.82802e-4 -3.5776e-6 -1 3.22126e-6 0 -1 -3.16162e-6 0 -1 1.59559e-6 0 -1 -1.62578e-6 0 -1 1.7562e-6 0 -1 0 -2.76528e-5 -0.9999999 4.77746e-4 -7.39242e-6 -0.9999999 4.77744e-4 -7.4476e-6 -0.9999999 4.77746e-4 -7.3852e-6 -1 -1.75616e-6 0 -1 -3.12138e-7 0 -1 0 0 -1 0 0 -1 2.3218e-7 0 -1 8.34738e-5 -1.04607e-4 0 -0.9595546 0.2815226 -1.25859e-5 -0.9595452 0.2815548 0 -0.9442266 0.3292965 -1.47087e-5 -0.9442137 0.3293336 0 -0.9266898 0.3758273 0 -0.9266898 0.3758273 0 -0.9066534 0.4218764 -2.09254e-5 -0.8844355 0.4666626 0 -0.8844604 0.4666153 0 -0.8600311 0.5102417 -2.30476e-5 -0.8600012 0.5102922 0 -0.833455 0.5525873 0 -0.833454 0.5525889 -3.09329e-5 -0.8048065 0.5935374 -3.3356e-5 -0.7741898 0.6329537 0 -0.8048543 0.5934725 0 -0.7741342 0.6330217 0 -0.7415792 0.6708654 0 -0.7415817 0.6708626 -3.63919e-5 -0.7070277 0.7071859 -3.88139e-5 -0.6709634 0.7414906 0 -0.707096 0.7071176 0 -0.6708858 0.7415608 0 -0.6330214 0.7741343 0 -0.5934677 0.8048579 0 -0.593469 0.804857 0 -0.5525742 0.8334638 0 -0.5525754 0.8334631 0 -0.5101863 0.860064 -3.76026e-5 -0.5102755 0.860011 -4.00266e-5 -0.4666299 0.8844528 0 -0.4665371 0.8845018 0 -0.4218682 0.9066572 0 -0.4218677 0.9066574 0 -0.3760122 0.9266148 0 -0.3760123 0.9266148 -4.85196e-5 -0.3291479 0.9442784 0 -0.329272 0.9442351 7.2117e-5 -0.2818552 0.959457 7.21172e-5 -0.2818552 0.959457 7.21472e-5 -0.2818552 0.959457 0 -0.2816833 0.9595075 0 -0.8278537 -0.5609442 0 -0.8278537 -0.5609441 0 -0.8520643 -0.5234372 0 -0.8745266 -0.4849777 0 -0.8745254 -0.4849798 2.00176e-5 -0.8953232 -0.4454173 0 -0.8953508 -0.4453619 0 -0.9143992 -0.404814 1.81538e-5 -0.9143773 -0.4048632 0 -0.9315452 -0.3636257 1.67949e-5 -0.9468234 -0.3217537 2.12963e-5 -0.9466862 -0.3221573 2.12798e-5 -0.9466862 -0.3221573 2.13054e-5 -0.9466862 -0.3221573 0 -0.9602942 -0.2789896 1.45903e-5 -0.9602828 -0.2790288 0 0.2790504 0.9602765 0 0.2790504 0.9602765 0 0.3216984 0.9468422 0 0.3216989 0.9468421 0 0.3636114 0.9315509 0 0.3636113 0.9315509 0 0.4050096 0.9143126 -3.9352e-5 0.4453634 0.89535 0 0.4452558 0.8954034 0 0.4848231 0.8746123 -3.79976e-5 0.4849252 0.8745557 0 0.5234791 0.8520385 0 0.5234797 0.8520383 0 0.5610827 0.8277598 5.02171e-5 -0.2790709 -0.9602706 0 -0.2792144 -0.9602289 0 -0.3217058 -0.9468398 0 -0.3217058 -0.9468398 0 -0.363626 -0.9315451 0 -0.3636265 -0.9315449 0 -0.4049623 -0.9143335 0 -0.4453089 -0.895377 0 -0.4453094 -0.8953768 0 -0.4849421 -0.8745462 0 -0.4849427 -0.8745459 0 -0.5233842 -0.8520968 0 -0.5233837 -0.8520972 0 -0.5611041 -0.8277453 0 -0.5611028 -0.8277461 0 0.8278739 0.5609143 0 0.8278739 0.5609144 0 0.8519845 0.5235672 0 0.8519856 0.5235652 0 0.8746066 0.4848334 0 0.8746066 0.4848334 -2.30684e-5 0.8953497 0.4453641 -2.10384e-5 0.9143747 0.4048693 0 0.8953198 0.4454239 0 0.9143992 0.404814 0 0.9314874 0.3637736 0 0.9314874 0.3637736 -1.6793e-5 0.9468504 0.3216741 0 0.9468361 0.3217167 0 0.9602704 0.2790713 -1.45031e-5 0.9602826 0.2790296 0 0.9595019 -0.2817022 1.46304e-5 0.959513 -0.2816647 0 0.9442613 -0.3291971 -1.57885e-5 0.9441664 -0.3294691 -1.57792e-5 0.9441664 -0.3294691 -1.58105e-5 0.9441664 -0.3294691 0 0.9266376 -0.3759558 0 0.9266368 -0.3759579 0 0.9066647 -0.4218521 0 0.9066647 -0.4218521 2.45611e-5 0.8844487 -0.4666374 0 0.8844184 -0.4666948 0 0.8600703 -0.5101756 2.63824e-5 0.8601076 -0.5101128 0 0.8334529 -0.5525907 0 0.8334551 -0.5525873 3.09299e-5 0.8048485 -0.5934805 0 0.8047994 -0.5935469 0 0.7740758 -0.6330929 3.27471e-5 0.7741315 -0.6330248 0 0.7415689 -0.6708768 0 0.7415689 -0.6708768 0 0.7071762 -0.7070375 0 0.7071774 -0.7070363 0 0.6708073 -0.7416317 0 0.6708072 -0.7416318 0 0.6330095 -0.7741441 0 0.6330094 -0.7741441 0 0.5935374 -0.8048064 0 0.5935386 -0.8048055 0 0.5525742 -0.8334638 0 0.5525754 -0.833463 0 0.5102404 -0.8600319 0 0.5102398 -0.8600322 0 0.4665861 -0.8844758 0 0.4665857 -0.8844761 0 0.4217911 -0.9066931 0 0.4217906 -0.9066932 0 0.3760123 -0.9266148 0 0.3760127 -0.9266146 0 0.3292841 -0.944231 0 0.3292844 -0.9442308 0 0.2815735 -0.9595397 5.09478e-5 0.2817016 -0.9595021 -1 -1.14337e-4 4.07757e-5 -1 -1.14355e-4 4.0745e-5 -1 -1.14326e-4 4.07954e-5 -1 -1.19904e-7 0 -1 2.89806e-6 0 -1 -2.06464e-7 0 -1 -2.9174e-6 0 -1 1.98373e-7 0 -1 2.07444e-6 0 -1 -1.49531e-6 0 -1 1.6264e-6 0 -1 -7.34455e-7 0 -1 -9.33516e-7 0 -1 -2.42354e-5 -1.0806e-5 -1 -2.55912e-5 -9.9734e-6 -1 0 -3.38192e-5 -1 -1.52013e-5 -1.0295e-5 -1 -1.56958e-5 -9.65731e-6 -1 -1.60502e-5 -8.96408e-6 -1 -1.67271e-5 -8.23203e-6 -1 -1.60766e-5 -9.31093e-6 -1 -1.08194e-5 -1.87298e-5 -1 1.20805e-6 0 -1 -4.06658e-7 0 -1 1.99348e-7 0 -1 -3.34252e-4 -9.39491e-6 -1 -3.34253e-4 -9.34237e-6 -1 -3.34252e-4 -9.39205e-6 -1 -9.91742e-7 0 -1 -3.0157e-7 0 -1 -4.1324e-7 0 -1 -1.0735e-6 0 -1 2.76939e-7 0 -1 0 0 -1 0 0 -1 0 0 -1 3.75278e-7 0 -1 -8.67908e-5 -8.57802e-5 -1 1.09641e-5 -7.99394e-6 -1 3.35569e-4 0 -1 3.35569e-4 0 -1 3.35569e-4 0 -0.9999999 -4.7662e-4 0 -0.9999999 -4.76619e-4 0 -0.9999999 -4.76618e-4 0 -1 1.00547e-5 -8.37846e-6 -1 -2.88628e-5 -3.34325e-4 -1 -2.88795e-5 -3.34324e-4 -1 -2.88591e-5 -3.34325e-4 -1 1.41494e-7 0 -1 9.85399e-6 -8.70095e-6 -1 0 0 -1 0 0 -1 0 0 -1 3.36646e-4 0 -1 3.36646e-4 0 -1 3.36646e-4 0 -1 -3.1784e-4 1.06794e-4 -1 -3.17827e-4 1.06832e-4 -1 -3.17829e-4 1.06825e-4 -1 -6.11349e-7 0 -1 -1.38104e-6 0 -1 8.99134e-6 -8.96468e-6 -1 0 0 -1 8.98722e-6 -8.9632e-6 -1 8.62156e-6 -9.61884e-6 -1 8.50716e-6 -1.02455e-5 -1 8.01806e-6 -1.08401e-5 -1 7.37172e-6 -1.13923e-5 -1 2.367e-7 0 -1 0 0 -1 -2.7523e-7 0 -1 0 0 -1 3.33587e-4 -3.90042e-5 -1 3.33583e-4 -3.90354e-5 -1 3.33589e-4 -3.89919e-5 -1 1.529e-7 0 -1 7.12879e-6 -1.1893e-5 -1 6.05525e-6 -1.23348e-5 -1 -1.29309e-4 -9.82593e-5 -1 1.00056e-5 -2.52196e-5 -1 4.06404e-6 -3.42962e-5 -1 3.23565e-5 0 -1 1.32389e-5 -3.82422e-5 -1 1.19848e-5 -4.036e-5 -0.9999999 -4.67979e-4 -7.34869e-6 -0.9999999 -4.67981e-4 -7.38588e-6 -0.9999999 -4.67977e-4 -7.31254e-6 -1 3.51385e-4 -1.53369e-5 -1 3.51384e-4 -1.5319e-5 -1 3.51384e-4 -1.53155e-5 -1 1.61039e-5 -3.43717e-5 -1 2.21853e-5 -3.20647e-5 -1 2.21623e-5 -2.98795e-5 -1 2.87034e-5 -2.77566e-5 -1 2.92851e-5 -2.56753e-5 -1 3.35751e-5 -2.35419e-5 -1 3.86263e-5 -2.13158e-5 -1 -2.86803e-5 -2.77716e-5 -1 -2.92851e-5 -2.56753e-5 -1 -2.2162e-5 -2.98791e-5 -1 -3.36049e-5 -2.35234e-5 -1 -2.21963e-5 -3.20558e-5 -1 -3.86382e-5 -2.13087e-5 -1 -1.6096e-5 -3.43801e-5 -0.9999999 -4.94898e-4 -6.09408e-6 -0.9999999 -4.94898e-4 -6.08741e-6 -0.9999999 -4.94899e-4 -6.10444e-6 -0.9999999 4.6798e-4 -7.39373e-6 -0.9999999 4.67979e-4 -7.3863e-6 -0.9999999 4.67976e-4 -7.34442e-6 -1 -1.15089e-5 -4.04461e-5 -1 -3.3727e-5 0 -1 -1.34568e-5 -3.85923e-5 -1 1.24543e-4 -1.69755e-4 -1 1.34428e-5 -1.8277e-5 -1 -6.46903e-6 -1.39177e-5 -1 -6.50175e-6 -1.36956e-5 -1 -7.44241e-6 -1.34006e-5 -1 -8.36089e-6 -1.30387e-5 -1 -8.32476e-6 -1.26091e-5 -6.60585e-6 0.8656925 0.5005764 -6.59531e-6 0.8656925 0.5005764 -6.63171e-6 0.8656925 0.5005764 0 0.8155817 0.5786421 0 0.8654524 0.5009913 -6.41046e-6 0.7588374 0.6512804 -6.40213e-6 0.7588374 0.6512804 -6.39632e-6 0.7588373 0.6512803 0 0.8155793 0.5786453 0 0.6956509 0.71838 0 0.7586187 0.6515349 0 0.6260135 0.7798122 -1.04511e-5 0.6952351 0.7187824 -1.04432e-5 0.6952351 0.7187824 -1.04687e-5 0.6952351 0.7187824 1.3827e-5 0.551476 0.8341908 1.38345e-5 0.551476 0.8341908 1.38486e-5 0.551476 0.8341908 -1.50781e-5 0.626177 0.779681 -1.51456e-5 0.626177 0.779681 -1.51625e-5 0.626177 0.779681 -1.43017e-5 0.471782 0.8817152 -1.42806e-5 0.471782 0.8817152 -1.43099e-5 0.471782 0.8817152 0 0.551577 0.834124 -1.26135e-5 0.5515769 0.8341241 -1.24929e-5 0.5515769 0.8341241 -2.55869e-5 0.3888839 0.9212868 -2.55499e-5 0.3888839 0.9212868 -2.5579e-5 0.3888839 0.9212868 -3.21233e-5 0.4723632 0.881404 -3.21059e-5 0.4723632 0.881404 -3.21565e-5 0.4723632 0.881404 -1.30515e-5 0.3888089 0.9213185 -1.30466e-5 0.3888089 0.9213184 -1.30622e-5 0.3888089 0.9213185 0 0.3019235 0.9533322 0 0.3019264 0.9533312 -8.87158e-6 -0.8658331 0.5003331 -8.85184e-6 -0.8658331 0.5003331 -8.87011e-6 -0.8658331 0.5003331 -6.81142e-6 -0.8653509 0.5011665 -6.82517e-6 -0.8653509 0.5011665 -6.82253e-6 -0.8653509 0.5011665 -8.86274e-6 -0.8154821 0.5787823 0 -0.8154821 0.5787823 -8.87053e-6 -0.8154821 0.5787823 -1.40263e-5 -0.8158428 0.5782738 -1.39913e-5 -0.8158428 0.5782738 -1.39734e-5 -0.8158428 0.5782739 -1.12965e-5 -0.7589933 0.6510984 -1.12014e-5 -0.7589933 0.6510984 -1.12231e-5 -0.7589933 0.6510984 0 -0.7586187 0.6515349 -1.03932e-5 -0.6956489 0.718382 -1.0361e-5 -0.695649 0.718382 -1.03272e-5 -0.695649 0.718382 0 -0.6951667 0.7188486 -1.51536e-5 -0.626177 0.779681 -1.50738e-5 -0.626177 0.779681 -1.51747e-5 -0.626177 0.779681 0 -0.6260135 0.7798122 -7.74243e-6 -0.4723904 0.8813895 -7.76914e-6 -0.4723904 0.8813895 -7.77198e-6 -0.4723904 0.8813894 -1.17753e-5 -0.5512731 0.8343249 -1.18027e-5 -0.5512731 0.8343249 -1.17748e-5 -0.5512731 0.8343249 -4.30348e-5 -0.5514966 0.8341773 -1.40384e-5 -0.3886917 0.9213679 -1.40715e-5 -0.3886917 0.9213679 -1.40401e-5 -0.3886917 0.9213679 -2.3778e-5 -0.4721044 0.8815427 -2.37889e-5 -0.4721044 0.8815427 -2.38189e-5 -0.4721044 0.8815427 0 -0.3020199 0.9533017 -1.12136e-5 -0.3887672 0.9213361 -1.12259e-5 -0.3887672 0.9213361 -1.11708e-5 -0.3887672 0.9213361 0 -0.302017 0.9533026 -4.52431e-5 0.5013572 0.8652405 -2.15623e-5 0.5006937 0.8656246 -2.15303e-5 0.5006937 0.8656246 -2.16573e-5 0.5006937 0.8656246 0 0.5786396 0.8155834 -5.31802e-6 0.5784444 0.8157218 -5.34385e-6 0.5784444 0.8157218 -5.38581e-6 0.5784444 0.8157218 -1.11527e-5 0.6511009 0.7589911 -1.11493e-5 0.651101 0.7589912 -1.11447e-5 0.651101 0.7589912 0 0.6514744 0.7586708 -1.38274e-5 0.7187107 0.6953093 -1.38278e-5 0.7187107 0.6953092 -1.38095e-5 0.7187107 0.6953092 0 0.7183873 0.6956434 0 0.7797059 0.626146 -7.17262e-6 0.8341528 0.5515334 -7.12092e-6 0.8341528 0.5515335 -7.11011e-6 0.8341528 0.5515335 -1.01835e-5 0.834338 0.5512534 -1.01652e-5 0.8343379 0.5512534 -1.01818e-5 0.834338 0.5512534 -1.31194e-5 0.8813896 0.4723904 -2.10728e-5 0.8813896 0.4723903 -1.31434e-5 0.8813896 0.4723904 -5.4824e-6 0.8815602 0.4720717 -5.44621e-6 0.8815602 0.4720717 -5.44662e-6 0.8815602 0.4720717 0 0.9214699 0.3884502 -1.73851e-5 0.9213237 0.3887966 0 0.9533658 0.3018177 0 0.5006318 -0.8656604 3.6277e-5 0.5786489 -0.8155768 3.8472e-5 0.5013571 -0.8652405 0 0.6513816 -0.7587503 1.11447e-5 0.5783868 -0.8157626 1.11561e-5 0.5783868 -0.8157626 1.10736e-5 0.5783868 -0.8157626 0 0.7184653 -0.6955628 0 0.6513718 -0.7587589 0 0.7796428 -0.6262246 1.18339e-5 0.7187888 -0.6952286 1.18523e-5 0.7187888 -0.6952286 1.18958e-5 0.7187888 -0.6952286 0 0.8345717 -0.5508994 1.59687e-5 0.7799427 -0.6258511 1.59578e-5 0.7799427 -0.6258511 1.60031e-5 0.7799427 -0.6258511 6.21525e-6 0.8815346 -0.4721195 0 0.8815346 -0.4721195 6.30733e-6 0.8815346 -0.4721195 0 0.8340961 -0.5516194 8.10065e-6 0.8340961 -0.5516194 8.19572e-6 0.8340961 -0.5516193 4.79902e-6 0.9213639 -0.3887013 4.77063e-6 0.9213639 -0.3887013 4.77562e-6 0.9213639 -0.3887013 2.45896e-5 0.8813338 -0.4724943 0 0.953351 -0.301864 0 0.9213237 -0.3887966 0 0.953351 -0.301864 0 0.8654524 -0.5009912 0 0.8656925 -0.5005763 5.95186e-6 0.8656925 -0.5005764 5.88837e-6 0.8656925 -0.5005764 0 0.8155794 -0.5786454 0 0.8155817 -0.5786421 0 0.7586187 -0.6515349 6.40144e-6 0.7588374 -0.6512804 6.38602e-6 0.7588374 -0.6512804 6.35918e-6 0.7588374 -0.6512804 1.04519e-5 0.6952352 -0.7187824 1.04421e-5 0.6952352 -0.7187824 1.04787e-5 0.6952352 -0.7187824 0 0.6956509 -0.71838 4.06319e-5 0.6260135 -0.7798122 1.13143e-5 0.6261767 -0.7796812 1.126e-5 0.6261767 -0.7796812 1.12633e-5 0.6261767 -0.7796812 0 0.5513147 -0.8342975 2.88515e-5 0.551247 -0.8343421 2.89019e-5 0.551247 -0.8343421 2.88862e-5 0.551247 -0.8343422 1.93011e-5 0.3887071 -0.9213614 1.92839e-5 0.3887071 -0.9213614 1.92478e-5 0.3887071 -0.9213615 3.93893e-5 0.4720776 -0.8815571 1.24052e-5 0.4719844 -0.881607 1.24093e-5 0.4719844 -0.881607 1.24417e-5 0.4719844 -0.881607 0 0.3885043 -0.9214469 3.31326e-5 0.3019849 -0.9533128 3.33059e-5 0.3019849 -0.9533128 3.3256e-5 0.3019849 -0.9533128 0 0.3017799 -0.9533777 5.95201e-6 -0.8658331 -0.500333 5.92821e-6 -0.8658331 -0.500333 5.92888e-6 -0.8658331 -0.500333 5.64508e-6 -0.865423 -0.5010421 5.64621e-6 -0.865423 -0.5010421 5.66989e-6 -0.865423 -0.5010421 8.86273e-6 -0.815482 -0.5787824 0 -0.815482 -0.5787824 8.87053e-6 -0.815482 -0.5787824 1.02267e-5 -0.8157594 -0.5783914 1.02717e-5 -0.8157594 -0.5783914 1.02035e-5 -0.8157595 -0.5783913 0 -0.6951667 -0.7188486 6.39798e-6 -0.7588373 -0.6512803 6.38803e-6 -0.7588374 -0.6512804 6.38598e-6 -0.7588374 -0.6512804 0 -0.7586187 -0.6515349 1.12544e-5 -0.6261767 -0.7796812 1.12923e-5 -0.6261767 -0.7796812 1.13398e-5 -0.6261767 -0.7796812 1.03272e-5 -0.695649 -0.7183819 1.02754e-5 -0.695649 -0.7183819 1.03098e-5 -0.695649 -0.7183819 2.15734e-5 -0.5512228 -0.8343581 2.14999e-5 -0.5512228 -0.8343581 2.15347e-5 -0.5512228 -0.8343582 4.06319e-5 -0.6260135 -0.7798123 1.01681e-5 -0.4722653 -0.8814566 1.01973e-5 -0.4722653 -0.8814566 1.02069e-5 -0.4722653 -0.8814566 0 -0.551611 -0.8341016 1.83306e-5 -0.3886966 -0.9213659 1.8307e-5 -0.3886966 -0.9213659 1.89653e-5 -0.4721046 -0.8815426 1.89859e-5 -0.4721046 -0.8815426 1.8988e-5 -0.4721046 -0.8815426 1.06442e-5 -0.3886788 -0.9213733 1.06313e-5 -0.3886789 -0.9213734 1.05586e-5 -0.3886789 -0.9213734 5.04415e-5 -0.3018705 -0.9533489 0 -0.3019438 -0.9533258 1.4836e-5 -0.3019438 -0.9533258 1.47646e-5 -0.3019438 -0.9533258 0 -0.5009387 -0.8654828 -1.54109e-5 -0.5787214 -0.8155254 -1.54062e-5 -0.5787214 -0.8155254 -1.54114e-5 -0.5787214 -0.8155254 1.1565e-5 -0.5006366 -0.8656577 1.16124e-5 -0.5006366 -0.8656577 1.16375e-5 -0.5006366 -0.8656577 0 -0.6510509 -0.7590342 9.81216e-6 -0.5787134 -0.815531 9.83643e-6 -0.5787134 -0.8155311 9.76871e-6 -0.5787134 -0.815531 0 -0.7187801 -0.6952375 0 -0.6510607 -0.7590257 2.23843e-5 -0.7794964 -0.6264067 2.23753e-5 -0.7794964 -0.6264067 2.23573e-5 -0.7794964 -0.6264067 1.09839e-5 -0.7184567 -0.6955717 1.10199e-5 -0.7184568 -0.6955717 1.09546e-5 -0.7184567 -0.6955717 7.09117e-6 -0.8343005 -0.5513099 0 -0.8343006 -0.5513099 7.05879e-6 -0.8343006 -0.5513099 0 -0.7797964 -0.6260333 6.63993e-6 -0.8812823 -0.4725902 6.71029e-6 -0.8812823 -0.4725902 6.71973e-6 -0.8812823 -0.4725902 9.30243e-6 -0.8343973 -0.5511636 9.21381e-6 -0.8343973 -0.5511636 9.2834e-6 -0.8343973 -0.5511636 1.3915e-5 -0.9212502 -0.3889706 1.39444e-5 -0.9212502 -0.3889706 1.39522e-5 -0.9212502 -0.3889706 1.91783e-5 -0.8816501 -0.4719038 1.91551e-5 -0.8816501 -0.4719038 1.91604e-5 -0.8816501 -0.4719038 4.99376e-6 -0.9532523 -0.302176 0 -0.9532523 -0.302176 4.96632e-6 -0.9532521 -0.302176 8.4446e-6 -0.9214836 -0.3884176 8.45294e-6 -0.9214836 -0.3884176 8.44388e-6 -0.9214836 -0.3884176 6.65518e-6 -0.9532087 -0.3023131 6.64439e-6 -0.9532087 -0.3023132 6.65753e-6 -0.9532087 -0.3023131 -4.52054e-5 -0.5009388 0.8654828 -4.24862e-5 -0.5783436 0.8157933 -4.52061e-5 -0.5009473 0.8654778 0 -0.6511437 0.7589545 -1.194e-5 -0.5786352 0.8155866 -1.19709e-5 -0.5786352 0.8155865 -1.19413e-5 -0.5786352 0.8155866 0 -0.7187022 0.6953181 0 -0.6511535 0.7589461 0 -0.7798596 0.6259546 -1.50842e-5 -0.7184789 0.6955488 -1.50668e-5 -0.7184789 0.6955488 -1.50719e-5 -0.7184789 0.6955488 -1.64281e-5 -0.7795596 0.6263282 -1.64611e-5 -0.7795596 0.6263281 -1.64425e-5 -0.7795596 0.6263282 -6.63993e-6 -0.8812823 0.4725902 -6.71029e-6 -0.8812823 0.4725902 -6.71973e-6 -0.8812823 0.4725902 -7.34181e-6 -0.8342954 0.5513178 0 -0.8342954 0.5513178 -7.30319e-6 -0.8342954 0.5513178 -8.2664e-6 -0.8343573 0.5512241 -8.23618e-6 -0.8343573 0.5512241 -8.21631e-6 -0.8343573 0.5512241 -1.31533e-5 -0.8817991 0.4716253 -1.31249e-5 -0.8817991 0.4716253 -1.314e-5 -0.8817991 0.4716253 -4.45101e-6 -0.9531366 0.3025407 0 -0.9531366 0.3025407 -4.42162e-6 -0.9531365 0.3025407 0 -0.9214436 0.3885123 -1.73717e-5 -0.9212845 0.3888895 -1.36791e-5 -0.9212845 0.3888895 -1.36864e-5 -0.9212844 0.3888895 -5.00523e-6 -0.9532525 0.3021752 -4.94552e-6 -0.9532524 0.3021751 -5.02474e-6 -0.9532525 0.3021752</float_array>
          <technique_common>
            <accessor source="#Part__Feature469_001-mesh-normals-array" count="14139" stride="3">
              <param name="X" type="float"/>
              <param name="Y" type="float"/>
              <param name="Z" type="float"/>
            </accessor>
          </technique_common>
        </source>
        <vertices id="Part__Feature469_001-mesh-vertices">
          <input semantic="POSITION" source="#Part__Feature469_001-mesh-positions"/>
        </vertices>
        <triangles material="Part__Feature469_001-material" count="9400">
          <input semantic="VERTEX" source="#Part__Feature469_001-mesh-vertices" offset="0"/>
          <input semantic="NORMAL" source="#Part__Feature469_001-mesh-normals" offset="1"/>
          <p>0 0 1 0 2 0 3 1 0 1 2 1 3 2 2 2 4 2 5 3 3 3 4 3 5 4 4 4 6 4 7 5 5 5 6 5 7 6 6 6 8 6 9 7 7 7 8 7 9 8 8 8 10 8 11 9 9 9 10 9 11 10 10 10 12 10 13 11 12 11 14 11 13 12 11 13 12 12 15 14 14 14 16 14 15 15 13 15 14 15 17 16 16 16 18 16 17 17 15 17 16 17 19 18 18 18 20 18 19 19 17 19 18 19 21 20 20 20 22 20 21 21 19 21 20 21 23 22 22 22 24 22 23 23 21 23 22 23 25 24 24 24 26 24 25 25 23 25 24 25 27 26 26 26 28 26 27 27 25 27 26 27 29 28 28 28 30 28 29 29 27 29 28 29 31 30 30 30 32 30 31 31 29 31 30 31 33 32 32 32 34 32 33 33 31 33 32 33 35 34 34 34 36 34 35 35 33 35 34 35 37 36 35 36 36 36 37 37 36 37 38 37 39 38 37 38 38 38 39 39 38 39 40 39 41 40 39 40 40 40 41 41 40 41 42 41 43 42 41 42 42 42 43 43 42 43 44 43 45 44 43 44 44 44 45 45 44 45 46 45 47 46 45 46 46 46 47 47 46 47 48 47 49 48 47 48 48 48 49 49 48 49 50 49 51 50 49 50 50 50 51 51 50 51 52 51 53 52 51 52 52 52 53 53 52 53 54 53 55 54 54 54 56 54 55 55 53 55 54 55 57 56 55 56 56 56 58 57 59 57 60 57 58 58 56 58 59 58 58 59 57 59 56 59 61 60 58 60 60 60 62 61 63 61 64 61 62 62 60 62 63 62 62 63 61 63 60 63 65 64 64 64 66 64 65 65 62 65 64 65 67 66 66 66 68 66 67 67 65 67 66 67 69 68 68 68 70 68 69 69 67 69 68 69 71 70 69 70 70 70 72 71 70 71 73 71 72 72 71 72 70 72 74 73 73 73 75 73 74 74 72 74 73 74 76 75 77 75 78 75 76 76 75 76 77 76 76 77 74 77 75 77 79 78 78 78 80 78 79 79 76 79 78 79 81 80 80 80 82 80 81 81 79 81 80 81 83 82 81 82 82 82 84 83 85 83 86 83 84 84 82 84 85 84 84 85 83 85 82 85 87 86 84 86 86 86 87 87 86 87 88 87 89 88 87 88 88 88 89 89 88 89 90 89 91 90 89 90 90 90 92 91 91 91 90 91 92 92 93 92 94 92 92 93 90 93 93 93 95 94 92 94 94 94 96 95 97 95 98 95 96 96 94 96 97 96 96 97 95 97 94 97 99 98 98 98 100 98 99 99 96 99 98 99 101 100 99 100 100 100 102 101 103 101 104 101 102 102 100 102 103 102 102 103 101 103 100 103 105 104 102 104 104 104 106 105 104 105 107 105 106 106 105 106 104 106 108 107 109 107 110 107 108 108 107 108 109 108 108 109 106 109 107 109 111 110 108 110 110 110 112 111 113 111 114 111 112 112 110 112 113 112 112 113 111 113 110 113 115 114 112 114 114 114 116 115 117 115 118 115 116 116 114 116 117 116 116 117 115 117 114 117 119 118 118 118 120 118 119 119 116 119 118 119 121 120 119 120 120 120 122 121 123 121 124 121 122 122 120 122 123 122 122 123 121 123 120 123 125 124 122 124 124 124 126 125 124 125 127 125 126 126 125 126 124 126 128 127 129 127 130 127 130 128 129 128 131 128 129 129 132 129 131 129 131 130 132 130 133 130 132 131 134 131 133 131 133 131 134 131 135 131 134 132 136 132 135 132 135 133 136 133 137 133 136 134 138 134 137 134 137 135 138 135 139 135 138 136 140 137 139 138 139 139 140 139 141 139 140 140 142 140 141 140 141 141 142 141 143 141 142 142 144 142 143 142 143 143 144 143 145 143 144 144 146 144 145 144 145 145 146 145 147 145 147 146 146 146 148 146 146 146 149 146 148 146 148 147 149 147 150 147 149 147 151 147 150 147 150 148 152 148 153 148 151 148 152 148 150 148 153 149 154 149 155 149 152 150 154 150 153 150 155 151 156 151 157 151 154 152 156 152 155 152 157 153 158 153 159 153 156 154 158 154 157 154 159 155 160 155 161 155 158 156 160 156 159 156 161 157 162 157 163 157 160 157 162 157 161 157 162 158 164 158 163 158 163 159 164 159 165 159 164 160 166 160 165 160 165 161 166 161 167 161 166 162 168 162 167 162 167 163 168 163 169 163 169 164 168 164 170 164 168 165 171 165 170 165 171 166 172 166 170 166 170 166 172 166 173 166 173 167 172 167 174 167 172 168 175 168 174 168 175 169 176 169 174 169 174 170 176 170 177 170 176 171 178 171 177 171 177 172 178 172 179 172 178 173 180 173 179 173 179 173 180 173 181 173 180 174 182 175 181 176 181 177 182 178 183 179 182 180 184 180 183 180 183 181 184 181 185 181 184 182 186 182 185 182 185 183 186 183 187 183 186 184 188 184 187 184 187 185 188 185 189 185 189 186 188 186 190 186 188 187 191 187 190 187 191 188 192 188 190 188 190 188 192 188 193 188 193 189 192 189 194 189 192 190 195 190 194 190 195 191 196 191 194 191 194 192 196 192 197 192 197 193 196 193 198 193 196 194 199 194 198 194 198 195 200 195 201 195 199 196 200 196 198 196 201 197 202 197 203 197 203 198 202 198 204 198 200 199 202 199 201 199 202 198 205 198 204 198 204 200 206 200 207 200 207 201 206 201 208 201 205 202 206 202 204 202 206 203 209 203 208 203 208 204 210 205 211 206 211 207 210 207 212 207 209 208 210 208 208 208 210 209 213 209 212 209 213 210 214 210 212 210 212 211 214 211 215 211 214 212 216 212 215 212 215 213 216 213 217 213 216 214 218 214 217 214 217 215 218 215 219 215 219 216 220 216 221 216 218 217 220 218 219 219 221 220 222 220 223 220 220 221 222 221 221 221 223 222 224 222 225 222 222 223 224 223 223 223 225 224 226 224 227 224 227 225 226 225 228 225 224 224 226 224 225 224 226 226 229 226 228 226 228 227 230 227 231 227 231 228 230 228 232 228 229 229 230 229 228 229 230 230 233 230 232 230 232 231 234 231 235 231 233 232 234 232 232 232 235 233 236 233 237 233 234 234 236 235 235 236 237 237 238 237 239 237 236 238 238 238 237 238 239 239 240 239 241 239 238 240 240 240 239 240 241 241 242 241 243 241 240 242 242 242 241 242 243 243 244 243 245 243 242 244 244 244 243 244 245 245 246 245 247 245 244 246 246 246 245 246 247 247 248 247 249 247 246 248 248 248 247 248 249 249 250 249 251 249 251 250 250 250 252 250 248 251 250 251 249 251 250 252 253 252 252 252 252 253 254 254 255 255 253 256 254 256 252 256 256 257 0 257 3 257 256 258 257 258 0 258 258 259 3 259 5 259 258 260 256 260 3 260 259 261 258 261 5 261 259 262 5 262 7 262 260 263 7 263 9 263 260 264 259 264 7 264 261 265 9 265 11 265 261 266 260 266 9 266 262 267 11 267 13 267 262 268 261 268 11 268 263 269 13 269 15 269 263 270 262 270 13 270 264 271 15 271 17 271 264 272 263 272 15 272 265 273 17 273 19 273 265 274 264 274 17 274 266 275 19 275 21 275 266 276 265 276 19 276 267 277 21 277 23 277 267 278 266 278 21 278 268 279 23 279 25 279 268 280 267 280 23 280 269 281 268 281 25 281 270 282 25 282 27 282 271 283 270 284 27 285 272 286 25 286 270 286 273 287 271 288 27 289 274 290 273 291 27 292 275 293 269 293 25 293 275 294 25 294 272 294 276 295 274 296 27 297 277 298 276 299 27 300 278 301 277 302 27 303 279 304 278 304 27 304 280 305 279 306 27 307 281 308 27 308 29 308 281 309 280 310 27 311 282 312 281 312 29 312 283 313 282 314 29 315 284 316 283 317 29 318 285 319 284 319 29 319 286 320 285 320 29 320 287 321 269 321 275 321 288 322 286 322 29 322 289 323 288 323 29 323 290 324 29 324 31 324 290 325 289 325 29 325 291 326 290 326 31 326 292 327 291 327 31 327 293 328 292 328 31 328 294 329 293 329 31 329 295 330 294 330 31 330 296 331 295 332 31 333 297 334 296 334 31 334 297 335 31 335 33 335 298 336 297 337 33 338 299 339 298 339 33 339 300 340 299 340 33 340 301 341 300 341 33 341 302 342 301 342 33 342 303 343 302 344 33 345 303 346 33 346 35 346 304 347 303 347 35 347 305 348 304 349 35 350 306 351 305 352 35 353 307 354 306 355 35 356 308 357 307 357 35 357 309 358 308 358 35 358 310 359 309 360 35 361 311 362 35 362 37 362 311 363 310 364 35 365 312 366 311 367 37 368 313 369 312 370 37 371 314 372 313 373 37 374 315 375 314 376 37 377 316 378 37 378 39 378 316 379 315 379 37 379 317 380 39 380 41 380 317 381 316 381 39 381 318 382 317 382 41 382 319 383 41 383 43 383 319 384 318 384 41 384 320 385 319 385 43 385 45 386 320 386 43 386 321 387 320 387 45 387 322 388 45 388 47 388 322 389 321 389 45 389 323 390 322 390 47 390 49 391 323 391 47 391 324 392 323 393 49 394 325 395 324 395 49 395 51 396 325 396 49 396 326 397 325 397 51 397 327 398 326 398 51 398 328 399 327 399 51 399 53 400 328 400 51 400 329 401 328 401 53 401 330 402 329 402 53 402 55 403 330 403 53 403 331 404 330 404 55 404 332 405 331 406 55 407 57 408 332 408 55 408 333 409 332 409 57 409 334 410 333 410 57 410 335 411 334 411 57 411 58 412 335 412 57 413 336 414 335 415 58 416 337 417 336 418 58 419 61 420 337 421 58 422 338 423 337 424 61 425 339 426 338 427 61 428 62 429 339 430 61 431 65 432 340 433 62 434 341 435 340 436 65 437 342 438 341 439 65 440 67 441 342 442 65 443 343 444 342 445 67 446 344 447 343 448 67 449 69 450 345 451 344 452 69 453 344 454 67 455 346 456 345 457 69 458 71 459 346 460 69 461 71 462 347 462 348 462 71 463 348 463 346 463 349 464 347 465 71 466 350 467 349 468 71 469 72 470 350 470 71 470 351 471 350 471 72 471 352 472 351 472 72 472 74 473 352 473 72 473 353 474 352 474 74 474 76 475 353 475 74 475 354 476 353 476 76 476 355 477 354 477 76 477 79 478 355 478 76 478 356 479 355 479 79 479 81 480 356 480 79 480 357 481 356 481 81 481 83 482 357 482 81 482 358 483 357 483 83 483 84 484 358 484 83 484 359 485 358 485 84 485 360 486 84 486 87 486 360 487 359 487 84 487 361 488 87 488 89 488 361 489 360 489 87 489 91 490 361 490 89 490 362 491 361 491 91 491 92 492 362 492 91 492 363 493 92 493 95 493 363 494 362 494 92 494 364 495 95 495 96 495 364 496 363 496 95 496 365 497 364 497 96 497 365 498 96 498 99 498 366 499 365 499 99 499 366 500 99 500 101 500 366 501 367 501 365 501 368 502 366 502 101 502 368 503 101 503 102 503 369 504 368 504 102 504 369 505 102 505 105 505 370 506 369 506 105 506 370 507 105 507 106 507 371 508 370 508 106 508 371 509 106 509 108 509 372 510 371 510 108 510 372 511 108 511 111 511 373 512 372 512 111 512 373 513 111 513 112 513 374 514 373 514 112 514 374 515 112 515 115 515 375 516 374 516 115 516 375 517 115 517 116 517 376 518 375 518 116 518 376 519 116 519 119 519 377 520 376 520 119 520 377 521 119 521 121 521 378 522 377 522 121 522 378 523 121 523 122 523 379 524 122 524 125 524 379 525 378 525 122 525 380 526 379 526 125 526 380 527 125 527 126 527 381 528 380 528 126 528 340 529 339 530 62 531 382 532 383 532 384 532 383 533 385 534 386 535 382 536 385 537 383 538 386 539 387 539 388 539 385 540 387 541 386 542 387 543 389 544 388 545 389 546 390 547 391 548 387 549 390 549 389 549 391 550 392 551 393 552 390 553 392 553 391 553 393 554 394 555 395 556 392 557 394 558 393 559 395 560 396 561 397 562 394 563 396 564 395 565 397 566 398 566 399 566 396 567 398 567 397 567 399 568 400 569 401 570 398 571 400 572 399 573 401 574 402 575 403 576 400 577 402 578 401 579 402 580 404 581 403 582 405 583 404 583 406 583 403 584 404 585 405 586 404 587 407 587 406 587 406 588 407 589 408 590 407 591 409 592 408 593 408 594 409 595 410 596 409 597 411 598 410 599 410 600 411 601 412 602 411 603 413 604 412 605 411 606 414 607 413 608 413 609 414 610 415 611 414 612 416 613 415 614 415 615 416 616 417 617 416 618 418 619 417 620 419 621 418 622 420 623 417 624 418 625 419 626 418 627 421 627 420 627 420 628 421 628 422 628 422 629 423 629 424 629 421 630 423 631 422 632 424 633 425 634 426 635 423 636 425 637 424 638 426 639 427 639 428 639 425 640 427 641 426 642 427 643 429 643 428 643 428 644 430 645 431 646 429 647 430 647 428 647 431 648 432 649 433 650 430 651 432 651 431 651 433 652 434 652 435 652 432 653 434 653 433 653 435 654 436 655 437 656 434 657 436 658 435 659 436 660 438 661 437 662 438 663 439 663 437 663 438 664 440 665 439 666 441 667 442 668 443 669 443 670 442 670 444 670 442 671 445 671 444 671 444 672 445 673 446 674 445 675 447 675 446 675 446 676 447 676 448 676 447 677 449 677 448 677 448 678 449 679 450 680 449 681 451 682 450 683 450 684 451 684 452 684 451 685 453 686 452 687 452 688 453 688 454 688 453 689 455 689 454 689 454 690 455 690 456 690 455 691 457 692 456 693 456 694 457 694 458 694 457 695 459 695 458 695 458 696 459 697 460 698 459 699 461 700 460 701 460 702 461 702 462 702 461 703 463 703 462 703 462 704 463 704 464 704 463 705 465 705 464 705 464 706 465 706 466 706 465 707 467 707 466 707 466 708 467 708 468 708 467 709 469 709 468 709 468 710 469 710 470 710 469 711 471 712 470 713 470 714 471 715 472 716 472 717 473 717 474 717 471 718 473 718 472 718 474 719 475 719 476 719 473 720 475 720 474 720 476 721 477 721 478 721 475 722 477 723 476 724 478 725 479 726 480 727 477 728 479 729 478 730 480 731 481 731 482 731 482 732 481 733 483 734 479 735 481 735 480 735 483 736 484 737 485 738 481 739 484 739 483 739 485 740 486 740 487 740 484 741 486 742 485 743 487 744 488 745 489 746 486 747 488 747 487 747 488 748 490 749 489 750 490 751 491 752 489 753 489 754 491 755 492 756 492 757 491 757 493 757 491 758 494 758 493 758 493 759 494 760 495 761 494 762 496 762 495 762 495 763 496 763 497 763 496 764 498 765 497 766 497 767 498 767 499 767 498 768 500 769 499 770 499 771 500 771 501 771 500 772 502 773 501 774 502 775 503 775 501 775 501 776 503 776 504 776 504 777 503 778 505 779 503 780 506 781 505 782 505 783 506 783 507 783 506 784 508 785 507 786 507 787 508 787 509 787 508 788 510 789 509 790 509 791 510 791 511 791 510 792 512 792 511 792 511 793 512 793 513 793 512 794 514 794 513 794 514 795 515 795 513 795 513 796 515 796 516 796 516 797 515 797 517 797 515 798 518 798 517 798 517 799 518 800 519 801 518 802 520 803 519 804 519 805 520 806 521 807 520 808 522 808 521 808 521 809 522 810 523 811 522 812 524 812 523 812 523 813 524 814 525 815 524 816 526 816 525 816 525 817 526 818 527 819 526 820 528 821 527 822 527 823 528 823 529 823 528 824 530 824 529 824 529 825 530 825 531 825 530 826 532 826 531 826 531 827 532 828 533 829 532 830 534 830 533 830 533 831 534 831 535 831 534 832 536 832 535 832 535 833 536 833 537 833 536 834 538 834 537 834 539 835 540 836 541 837 541 838 540 838 542 838 540 839 543 840 542 841 542 842 543 843 544 844 543 845 545 846 544 847 544 848 545 848 546 848 545 849 547 849 546 849 546 850 547 851 548 852 547 853 549 854 548 855 548 856 549 856 550 856 549 857 551 858 550 859 550 860 551 860 552 860 551 861 553 861 552 861 552 862 553 862 554 862 553 863 555 864 554 865 554 866 555 867 556 868 555 869 557 869 556 869 556 870 557 870 558 870 557 871 559 871 558 871 558 872 559 872 560 872 559 873 561 873 560 873 560 874 561 874 562 874 561 875 563 875 562 875 562 876 563 876 564 876 563 877 565 877 564 877 564 878 565 878 566 878 565 879 567 879 566 879 566 880 567 880 568 880 567 881 569 881 568 881 568 882 569 882 570 882 570 883 571 884 572 885 569 886 571 886 570 886 572 887 573 887 574 887 571 888 573 889 572 890 574 891 575 891 576 891 573 892 575 893 574 894 576 895 577 896 578 897 575 898 577 898 576 898 578 899 579 900 580 901 580 902 579 902 581 902 577 903 579 903 578 903 581 904 582 904 583 904 579 905 582 906 581 907 583 908 584 908 585 908 582 909 584 909 583 909 585 910 586 910 587 910 584 911 586 911 585 911 586 912 588 913 587 914 588 915 589 916 587 917 587 918 589 918 590 918 590 919 589 919 591 919 589 920 592 920 591 920 591 921 592 921 593 921 592 922 594 922 593 922 593 923 594 924 595 925 594 926 596 926 595 926 595 927 596 927 597 927 596 928 598 928 597 928 597 929 598 929 599 929 598 930 600 930 599 930 600 931 601 932 599 933 599 934 601 934 602 934 602 935 601 936 603 937 601 938 604 938 603 938 603 939 604 939 605 939 604 940 606 941 605 942 605 943 606 943 607 943 606 944 608 944 607 944 607 945 608 945 609 945 608 946 610 946 609 946 609 947 610 947 611 947 610 948 612 948 611 948 612 949 613 949 611 949 611 950 613 951 614 952 614 953 613 953 615 953 613 954 616 954 615 954 615 955 616 956 617 957 616 958 618 958 617 958 617 959 618 960 619 961 618 962 620 962 619 962 619 963 620 964 621 965 620 966 622 967 621 968 621 969 622 970 623 971 622 972 624 972 623 972 623 973 624 974 625 975 624 976 626 977 625 978 625 979 626 980 627 981 626 982 628 983 627 984 627 985 628 985 629 985 628 986 630 986 629 986 629 987 630 987 631 987 630 988 632 988 631 988 631 989 632 989 633 989 632 990 634 990 633 990 633 991 634 991 635 991 634 992 636 992 635 992 637 667 638 668 639 669 639 993 638 993 640 993 638 994 641 994 640 994 640 995 641 996 642 997 641 998 643 998 642 998 642 999 643 999 644 999 643 1000 645 1000 644 1000 644 678 645 679 646 680 645 1001 647 1002 646 1003 646 1004 647 1004 648 1004 647 1005 649 1006 648 1007 648 1008 649 1008 650 1008 649 689 651 689 650 689 650 689 651 689 652 689 651 691 653 692 652 693 652 694 653 694 654 694 653 1009 655 1009 654 1009 654 1010 655 1010 656 1010 655 1011 657 1012 656 1013 656 1014 657 1015 658 1016 657 1017 659 1017 658 1017 658 704 659 704 660 704 659 1018 661 1018 660 1018 660 1019 661 1019 662 1019 661 707 663 707 662 707 662 1020 663 1020 664 1020 663 1021 665 1022 664 1023 664 1024 665 1025 666 1026 665 1027 667 1027 666 1027 666 1028 667 1028 668 1028 668 717 669 717 670 717 667 718 669 718 668 718 670 719 671 719 672 719 669 1029 671 1029 670 1029 672 1030 673 1030 674 1030 674 1031 673 1031 675 1031 671 1032 673 1033 672 1034 673 1035 676 1035 675 1035 675 731 677 731 678 731 676 735 677 735 675 735 678 1036 679 1037 680 1038 680 1039 679 1039 681 1039 677 1040 679 1041 678 1042 681 1043 682 1043 683 1043 679 1044 682 1044 681 1044 683 1045 684 1045 685 1045 682 1046 684 1046 683 1046 685 1047 686 1048 687 1049 684 1050 686 1051 685 1052 686 1053 688 1053 687 1053 687 1054 688 1054 689 1054 688 1055 690 1055 689 1055 690 762 691 762 689 762 689 1056 691 1056 692 1056 692 1057 691 1058 693 1059 691 1060 694 1060 693 1060 693 1061 694 1062 695 1063 694 1064 696 1065 695 1066 695 1067 696 1067 697 1067 696 1068 698 1068 697 1068 697 1069 698 1070 699 1071 698 1072 700 1072 699 1072 700 1073 701 1074 699 1075 699 1076 701 1077 702 1078 702 783 701 783 703 783 701 1079 704 1080 703 1081 703 1082 704 1082 705 1082 704 1083 706 1083 705 1083 705 1084 706 1085 707 1086 706 1087 708 1087 707 1087 707 1088 708 1088 709 1088 708 794 710 794 709 794 710 1089 711 1090 709 1091 709 1092 711 1092 712 1092 712 1093 711 1093 713 1093 711 797 714 797 713 797 713 1094 714 1095 715 1096 714 1097 716 1097 715 1097 716 1098 717 1099 715 1100 715 1101 717 1102 718 1103 718 809 717 810 719 811 717 812 720 812 719 812 720 1104 721 1104 719 1104 719 1105 721 1106 722 1107 722 1108 721 1109 723 1110 721 1111 724 1112 723 1113 723 1114 724 1115 725 1116 724 1117 726 1117 725 1117 725 825 726 825 727 825 726 826 728 826 727 826 727 1118 728 1118 729 1118 728 1119 730 1119 729 1119 729 1120 730 1120 731 1120 730 1121 732 1121 731 1121 731 833 732 833 733 833 732 834 734 834 733 834 735 1122 736 1123 737 1124 737 838 736 838 738 838 736 1125 739 1126 738 1127 738 1128 739 1129 740 1130 739 1131 741 1131 740 1131 740 848 741 848 742 848 741 1132 743 1132 742 1132 742 1133 743 1134 744 1135 743 1136 745 1136 744 1136 744 1137 745 1137 746 1137 745 1138 747 1139 746 1140 746 1141 747 1141 748 1141 747 1142 749 1142 748 1142 748 1142 749 1142 750 1142 749 1143 751 1144 750 1145 750 1146 751 1147 752 1148 751 1149 753 1149 752 1149 752 1150 753 1150 754 1150 753 1151 755 1151 754 1151 754 1152 755 1152 756 1152 755 1153 757 1153 756 1153 756 1154 757 1154 758 1154 757 1155 759 1155 758 1155 758 875 759 875 760 875 759 1156 761 1156 760 1156 760 1157 761 1158 762 1159 761 879 763 879 762 879 762 880 763 880 764 880 763 881 765 881 764 881 764 1160 765 1160 766 1160 766 1161 767 1162 768 1163 765 1164 767 1164 766 1164 768 1165 769 1166 770 1167 767 888 769 889 768 890 770 1168 771 1169 772 1170 769 1171 771 1172 770 1173 772 1174 773 1175 774 897 771 898 773 898 772 898 774 1176 775 1177 776 1178 776 1179 775 1179 777 1179 773 903 775 903 774 903 777 1180 778 1180 779 1180 775 1181 778 1182 777 1183 779 1184 780 1184 781 1184 778 1185 780 1185 779 1185 781 1186 782 1186 783 1186 780 1187 782 1187 781 1187 782 1188 784 1189 783 1190 784 1191 785 1192 783 1193 783 1194 785 1194 786 1194 786 1195 785 1195 787 1195 785 1196 788 1196 787 1196 787 1197 788 1197 789 1197 788 1198 790 1198 789 1198 789 1199 790 1200 791 1201 790 1202 792 1203 791 1204 791 1205 792 1205 793 1205 792 1206 794 1207 793 1208 793 1209 794 1209 795 1209 794 1210 796 1210 795 1210 796 1211 797 1211 795 1211 795 1212 797 1212 798 1212 798 1213 797 1213 799 1213 797 1214 800 1214 799 1214 799 1215 800 1215 801 1215 800 1216 802 1216 801 1216 801 1217 802 1217 803 1217 802 1218 804 1218 803 1218 803 945 804 945 805 945 804 1219 806 1220 805 1221 805 1222 806 1223 807 1224 806 1225 808 1225 807 1225 808 1226 809 1226 807 1226 807 1227 809 1228 810 1229 810 1230 809 1230 811 1230 809 1231 812 1231 811 1231 811 1232 812 1233 813 1234 812 958 814 958 813 958 813 1235 814 1236 815 1237 814 1238 816 1239 815 1240 815 1241 816 1242 817 1243 816 966 818 967 817 968 817 1244 818 1245 819 1246 818 1247 820 1247 819 1247 819 1248 820 1249 821 1250 820 1251 822 1252 821 1253 821 1254 822 1254 823 1254 822 1255 824 1256 823 1257 823 1258 824 1258 825 1258 824 1259 826 1259 825 1259 825 987 826 987 827 987 826 988 828 988 827 988 827 1260 828 1260 829 1260 828 989 830 989 829 989 829 992 830 992 831 992 830 992 832 992 831 992 833 1261 834 1261 835 1261 835 1262 834 1262 836 1262 834 1263 837 1263 836 1263 836 1264 837 1265 838 1266 837 1267 839 1268 838 1269 838 1270 839 1271 840 1272 839 1273 841 1273 840 1273 840 1274 841 1274 842 1274 841 1275 843 1275 842 1275 842 1276 843 1277 844 1278 843 1279 845 1279 844 1279 844 1280 845 1280 846 1280 845 1281 847 1281 846 1281 846 1282 847 1282 848 1282 848 1283 847 1283 849 1283 847 1284 850 1284 849 1284 850 1285 851 1285 849 1285 849 1286 851 1286 852 1286 851 1287 853 1287 852 1287 852 1288 853 1288 854 1288 853 1289 855 1290 854 1291 854 1292 855 1292 856 1292 855 1293 857 1293 856 1293 856 1294 857 1294 858 1294 857 1295 859 1295 858 1295 858 1296 859 1297 860 1298 859 1299 861 1299 860 1299 860 1300 861 1300 862 1300 861 1301 863 1301 862 1301 862 1302 863 1302 864 1302 864 1303 865 1304 866 1305 863 1306 865 1307 864 1308 866 1309 867 1309 868 1309 868 1310 867 1310 869 1310 865 1311 867 1312 866 1313 869 1314 870 1314 871 1314 867 1315 870 1315 869 1315 870 1316 872 1316 871 1316 871 1317 873 1318 874 1319 874 1320 873 1321 875 1322 872 1323 873 1324 871 1325 875 1326 876 1327 877 1328 873 1329 876 1330 875 1331 877 1332 878 1333 879 1334 876 1335 878 1336 877 1337 879 1338 880 1338 881 1338 878 1339 880 1339 879 1339 881 1340 882 1341 883 1342 880 1343 882 1344 881 1345 882 1346 884 1346 883 1346 884 1347 885 1348 883 1349 883 1350 885 1350 886 1350 886 1351 885 1352 887 1353 885 1354 888 1355 887 1356 888 1357 889 1358 887 1359 887 1360 889 1361 890 1362 890 1363 889 1364 891 1365 889 1366 892 1367 891 1368 891 1369 892 1369 893 1369 892 1370 894 1371 893 1372 893 1373 894 1373 895 1373 894 1374 896 1374 895 1374 895 1375 896 1376 897 1377 896 1378 898 1379 897 1380 898 1381 899 1382 897 1383 897 1384 899 1385 900 1386 899 1387 901 1388 900 1389 900 1390 901 1390 902 1390 902 1391 901 1392 903 1393 901 1394 904 1394 903 1394 903 1395 904 1395 905 1395 904 1396 906 1396 905 1396 905 1397 906 1397 907 1397 906 1398 908 1398 907 1398 907 1399 908 1399 909 1399 908 1400 910 1400 909 1400 910 1401 911 1401 909 1401 909 1402 911 1403 912 1404 912 1405 911 1406 913 1407 911 1408 914 1408 913 1408 913 1409 914 1410 915 1411 914 1412 916 1412 915 1412 915 1413 916 1413 917 1413 916 1414 918 1414 917 1414 918 1415 919 1415 917 1415 917 1416 919 1417 920 1418 920 1419 919 1420 921 1421 919 1422 922 1422 921 1422 921 1423 922 1423 923 1423 922 1424 924 1425 923 1426 923 1427 924 1427 925 1427 924 1428 926 1428 925 1428 925 1429 926 1430 927 1431 926 1432 928 1432 927 1432 927 1433 928 1433 929 1433 928 1433 930 1433 929 1433 931 1434 932 1434 933 1434 932 1435 934 1435 933 1435 933 1436 934 1437 935 1438 934 1439 936 1440 935 1441 936 1442 937 1443 935 1444 935 1445 937 1446 938 1447 937 1448 939 1448 938 1448 938 1449 939 1449 940 1449 939 1450 941 1450 940 1450 940 1451 941 1452 942 1453 941 1454 943 1455 942 1456 942 1457 943 1457 944 1457 943 1458 945 1458 944 1458 944 1282 945 1282 946 1282 945 1459 947 1460 946 1461 946 1462 947 1463 948 1464 947 1465 949 1465 948 1465 948 1466 949 1467 950 1468 949 1469 951 1470 950 1471 950 1472 951 1472 952 1472 951 1473 953 1474 952 1475 952 1476 953 1476 954 1476 953 1477 955 1478 954 1479 954 1480 955 1480 956 1480 955 1481 957 1482 956 1483 956 1484 957 1484 958 1484 957 1485 959 1485 958 1485 958 1486 959 1486 960 1486 959 1487 961 1487 960 1487 960 1488 961 1488 962 1488 962 1489 963 1489 964 1489 961 1490 963 1490 962 1490 964 1491 965 1491 966 1491 966 1492 965 1493 967 1494 963 1495 965 1495 964 1495 965 1496 968 1497 967 1498 967 1499 969 1500 970 1501 968 1502 969 1503 967 1504 970 1505 971 1505 972 1505 972 1506 971 1507 973 1508 969 1509 971 1510 970 1511 973 1512 974 1513 975 1514 971 1515 974 1516 973 1517 974 1518 976 1519 975 1520 975 1521 977 1521 978 1521 978 1522 977 1522 979 1522 976 1523 977 1523 975 1523 979 1524 980 1524 981 1524 977 1525 980 1525 979 1525 980 1526 982 1526 981 1526 981 1527 982 1528 983 1529 982 1530 984 1530 983 1530 983 1531 984 1532 985 1533 984 1534 986 1535 985 1536 985 1537 986 1538 987 1539 986 1540 988 1541 987 1542 988 1543 989 1544 987 1545 987 1546 989 1547 990 1548 990 1549 989 1550 991 1551 989 1552 992 1553 991 1554 991 1555 992 1556 993 1557 992 1558 994 1559 993 1560 994 1561 995 1561 993 1561 993 1562 995 1563 996 1564 996 1565 995 1565 997 1565 995 1566 998 1567 997 1568 997 1569 998 1569 999 1569 998 1570 1000 1571 999 1572 999 1573 1000 1573 1001 1573 1000 1574 1002 1575 1001 1576 1001 1577 1002 1577 1003 1577 1002 1578 1004 1579 1003 1580 1003 1581 1004 1581 1005 1581 1004 1582 1006 1582 1005 1582 1006 1583 1007 1584 1005 1585 1005 1586 1007 1587 1008 1588 1008 1589 1007 1590 1009 1591 1007 1592 1010 1593 1009 1594 1009 1595 1010 1595 1011 1595 1010 1596 1012 1597 1011 1598 1011 1599 1012 1600 1013 1601 1012 1602 1014 1603 1013 1604 1013 1605 1014 1605 1015 1605 1014 1606 1016 1606 1015 1606 1015 1607 1016 1607 1017 1607 1016 1608 1018 1609 1017 1610 1017 1611 1018 1612 1019 1613 1018 1614 1020 1614 1019 1614 1019 1615 1020 1615 1021 1615 1020 1616 1022 1616 1021 1616 1021 1617 1022 1617 1023 1617 1022 1618 1024 1618 1023 1618 1023 1619 1024 1620 1025 1621 1024 1622 1026 1622 1025 1622 1026 1623 1027 1623 1025 1623 1025 1623 1027 1623 1028 1623 1029 1624 1030 1624 1031 1624 1031 1625 1030 1625 1032 1625 1030 1626 1033 1627 1032 1628 1032 1629 1033 1630 1034 1631 1033 1632 1035 1633 1034 1634 1034 1635 1035 1636 1036 1637 1035 1273 1037 1273 1036 1273 1036 1638 1037 1638 1038 1638 1037 1639 1039 1639 1038 1639 1038 1640 1039 1640 1040 1640 1039 1641 1041 1642 1040 1643 1040 1280 1041 1280 1042 1280 1041 1281 1043 1281 1042 1281 1042 1282 1043 1282 1044 1282 1044 1283 1043 1283 1045 1283 1043 1644 1046 1645 1045 1646 1046 1647 1047 1647 1045 1647 1045 1648 1047 1648 1048 1648 1047 1649 1049 1649 1048 1649 1048 1650 1049 1650 1050 1650 1049 1651 1051 1652 1050 1653 1050 1654 1051 1654 1052 1654 1051 1293 1053 1293 1052 1293 1052 1655 1053 1655 1054 1655 1053 1656 1055 1656 1054 1656 1054 1657 1055 1657 1056 1657 1055 1658 1057 1658 1056 1658 1056 1659 1057 1659 1058 1659 1057 1660 1059 1660 1058 1660 1058 1661 1059 1661 1060 1661 1060 1662 1061 1663 1062 1664 1059 1665 1061 1665 1060 1665 1062 1666 1063 1666 1064 1666 1064 1667 1063 1667 1065 1667 1061 1668 1063 1669 1062 1670 1065 1671 1066 1671 1067 1671 1063 1672 1066 1672 1065 1672 1066 1673 1068 1673 1067 1673 1067 1674 1069 1675 1070 1676 1070 1677 1069 1678 1071 1679 1068 1680 1069 1681 1067 1682 1071 1683 1072 1683 1073 1683 1069 1684 1072 1685 1071 1686 1073 1687 1074 1687 1075 1687 1072 1688 1074 1689 1073 1690 1075 1691 1076 1691 1077 1691 1074 1692 1076 1692 1075 1692 1077 1693 1078 1694 1079 1695 1076 1696 1078 1697 1077 1698 1078 1699 1080 1699 1079 1699 1080 1700 1081 1700 1079 1700 1079 1701 1081 1701 1082 1701 1082 1702 1081 1703 1083 1704 1081 1705 1084 1706 1083 1707 1084 1708 1085 1709 1083 1710 1083 1711 1085 1712 1086 1713 1086 1714 1085 1715 1087 1716 1085 1717 1088 1717 1087 1717 1087 1718 1088 1718 1089 1718 1088 1719 1090 1720 1089 1721 1089 1722 1090 1722 1091 1722 1090 1723 1092 1723 1091 1723 1091 1724 1092 1725 1093 1726 1092 1727 1094 1728 1093 1729 1094 1730 1095 1731 1093 1732 1093 1733 1095 1734 1096 1735 1095 1736 1097 1737 1096 1738 1096 1739 1097 1739 1098 1739 1098 1740 1097 1740 1099 1740 1097 1741 1100 1741 1099 1741 1099 1742 1100 1742 1101 1742 1100 1743 1102 1743 1101 1743 1101 1397 1102 1397 1103 1397 1102 1744 1104 1744 1103 1744 1103 1399 1104 1399 1105 1399 1104 1745 1106 1746 1105 1747 1106 1748 1107 1749 1105 1750 1105 1751 1107 1751 1108 1751 1108 1752 1107 1753 1109 1754 1107 1755 1110 1755 1109 1755 1109 1756 1110 1757 1111 1758 1110 1759 1112 1759 1111 1759 1111 1760 1112 1760 1113 1760 1112 1761 1114 1762 1113 1763 1114 1415 1115 1415 1113 1415 1113 1764 1115 1765 1116 1766 1116 1767 1115 1767 1117 1767 1115 1768 1118 1769 1117 1770 1117 1771 1118 1772 1119 1773 1118 1774 1120 1774 1119 1774 1119 1775 1120 1775 1121 1775 1120 1776 1122 1777 1121 1778 1121 1779 1122 1780 1123 1781 1122 1782 1124 1782 1123 1782 1123 1783 1124 1783 1125 1783 1124 1784 1126 1784 1125 1784 1127 1785 1128 1785 1129 1785 1128 1786 1130 1786 1129 1786 1129 1436 1130 1437 1131 1438 1130 1439 1132 1440 1131 1441 1132 1442 1133 1443 1131 1444 1131 1787 1133 1788 1134 1789 1133 1448 1135 1448 1134 1448 1134 1449 1135 1449 1136 1449 1135 1450 1137 1450 1136 1450 1136 1790 1137 1790 1138 1790 1137 1791 1139 1792 1138 1793 1138 1457 1139 1457 1140 1457 1139 1458 1141 1458 1140 1458 1140 1282 1141 1282 1142 1282 1141 1794 1143 1794 1142 1794 1142 1795 1143 1796 1144 1797 1143 1798 1145 1798 1144 1798 1144 1799 1145 1799 1146 1799 1145 1800 1147 1800 1146 1800 1146 1801 1147 1801 1148 1801 1147 1802 1149 1802 1148 1802 1148 1803 1149 1803 1150 1803 1149 1804 1151 1804 1150 1804 1150 1805 1151 1805 1152 1805 1151 1806 1153 1806 1152 1806 1152 1807 1153 1807 1154 1807 1153 1808 1155 1808 1154 1808 1154 1809 1155 1810 1156 1811 1155 1812 1157 1812 1156 1812 1156 1813 1157 1813 1158 1813 1158 1814 1159 1814 1160 1814 1157 1815 1159 1816 1158 1817 1160 1491 1161 1491 1162 1491 1162 1818 1161 1818 1163 1818 1159 1819 1161 1819 1160 1819 1161 1820 1164 1821 1163 1822 1163 1823 1165 1823 1166 1823 1164 1824 1165 1824 1163 1824 1166 1825 1167 1826 1168 1827 1168 1828 1167 1829 1169 1830 1165 1831 1167 1832 1166 1833 1169 1834 1170 1835 1171 1836 1167 1837 1170 1838 1169 1839 1170 1840 1172 1841 1171 1842 1171 1521 1173 1521 1174 1521 1174 1843 1173 1843 1175 1843 1172 1844 1173 1845 1171 1846 1175 1847 1176 1848 1177 1849 1173 1850 1176 1851 1175 1852 1176 1853 1178 1853 1177 1853 1177 1527 1178 1528 1179 1529 1178 1530 1180 1530 1179 1530 1179 1854 1180 1855 1181 1856 1180 1857 1182 1858 1181 1859 1181 1860 1182 1861 1183 1862 1182 1863 1184 1864 1183 1865 1184 1866 1185 1867 1183 1868 1183 1869 1185 1869 1186 1869 1186 1870 1185 1870 1187 1870 1185 1871 1188 1871 1187 1871 1187 1872 1188 1872 1189 1872 1188 1873 1190 1873 1189 1873 1190 1874 1191 1875 1189 1876 1189 1877 1191 1878 1192 1879 1192 1565 1191 1565 1193 1565 1191 1880 1194 1881 1193 1882 1193 1569 1194 1569 1195 1569 1194 1883 1196 1884 1195 1885 1195 1886 1196 1886 1197 1886 1196 1887 1198 1888 1197 1889 1197 1890 1198 1890 1199 1890 1198 1891 1200 1891 1199 1891 1199 1892 1200 1892 1201 1892 1200 1893 1202 1893 1201 1893 1202 1894 1203 1895 1201 1896 1201 1897 1203 1897 1204 1897 1204 1898 1203 1899 1205 1900 1203 1901 1206 1901 1205 1901 1205 1902 1206 1903 1207 1904 1206 1905 1208 1905 1207 1905 1207 1906 1208 1907 1209 1908 1208 1909 1210 1909 1209 1909 1209 1605 1210 1605 1211 1605 1210 1606 1212 1606 1211 1606 1211 1607 1212 1607 1213 1607 1212 1910 1214 1911 1213 1912 1213 1913 1214 1913 1215 1913 1214 1914 1216 1915 1215 1916 1215 1615 1216 1615 1217 1615 1216 1616 1218 1616 1217 1616 1217 1917 1218 1917 1219 1917 1218 1618 1220 1618 1219 1618 1219 1619 1220 1620 1221 1621 1220 1622 1222 1622 1221 1622 1222 1918 1223 1918 1221 1918 1221 1918 1223 1918 1224 1918 1225 1919 1226 1919 1227 1919 1227 1920 1228 1920 1229 1920 1226 1921 1228 1922 1227 1923 1229 1924 1230 1924 1231 1924 1228 1925 1230 1925 1229 1925 1231 1926 1232 1926 1233 1926 1230 1927 1232 1927 1231 1927 1233 1928 1234 1928 1235 1928 1232 1929 1234 1929 1233 1929 1235 1930 1236 1930 1237 1930 1234 1931 1236 1931 1235 1931 1238 1932 1239 1932 1240 1932 1237 1933 1241 1933 1238 1933 1236 1934 1241 1934 1237 1934 1241 1935 1242 1935 1238 1935 1239 1936 1243 1936 1244 1936 1242 1937 1243 1937 1238 1937 1238 1938 1243 1938 1239 1938 1243 1939 1245 1939 1244 1939 1244 1940 1245 1940 1246 1940 1246 1941 1247 1941 1248 1941 1245 1942 1247 1942 1246 1942 1248 1943 1249 1943 1250 1943 1247 1944 1249 1944 1248 1944 1250 1945 1251 1946 1252 1947 1249 1948 1251 1948 1250 1948 1252 1949 1253 1949 1254 1949 1251 1950 1253 1950 1252 1950 1254 1951 1255 1951 1256 1951 1253 1952 1255 1952 1254 1952 1256 1953 1257 1953 1258 1953 1255 1954 1257 1954 1256 1954 1258 1955 1259 1955 1260 1955 1257 1956 1259 1956 1258 1956 1260 1957 1261 1957 1262 1957 1259 1958 1261 1958 1260 1958 1262 1959 1263 1960 1264 1961 1261 1962 1263 1962 1262 1962 1264 1963 1265 1963 1266 1963 1263 1964 1265 1964 1264 1964 1266 1965 1267 1965 1268 1965 1265 1966 1267 1966 1266 1966 1268 1967 1269 1968 1270 1969 1267 1970 1269 1970 1268 1970 1270 1971 1271 1971 1272 1971 1272 1972 1271 1972 1273 1972 1269 1973 1271 1973 1270 1973 1273 1974 1274 1974 1275 1974 1271 1975 1274 1975 1273 1975 1275 1976 1276 1976 1277 1976 1274 1977 1278 1977 1275 1977 1275 1978 1278 1978 1276 1978 1276 1979 1279 1979 1280 1979 1278 1980 1279 1981 1276 1982 1280 1983 1281 1983 1282 1983 1279 1984 1281 1984 1280 1984 1282 1985 1283 1986 1284 1987 1281 1988 1283 1988 1282 1988 1284 1989 1285 1989 1286 1989 1283 1990 1285 1991 1284 1992 1286 1993 1287 1993 1288 1993 1285 1994 1287 1994 1286 1994 1288 1995 1289 1995 1290 1995 1287 1996 1289 1996 1288 1996 1290 1997 1291 1997 1292 1997 1289 1998 1291 1998 1290 1998 1291 1999 1293 1999 1292 1999 1292 2000 1293 2000 1294 2000 1293 2001 1295 2001 1294 2001 1294 2002 1295 2002 1296 2002 1295 2003 1297 2003 1296 2003 1296 2004 1297 2004 1298 2004 1297 2005 1299 2005 1298 2005 1298 2006 1299 2006 1300 2006 1300 2007 1301 2007 1302 2007 1299 2008 1303 2008 1300 2008 1300 2009 1303 2009 1301 2009 1301 2010 1303 2011 1304 2012 1303 2013 1305 2013 1304 2013 1306 2014 1305 2015 1307 2016 1308 2017 1305 2018 1306 2019 1309 2020 1305 2021 1308 2022 1304 2023 1305 2024 1309 2025 1305 2026 1310 2026 1307 2026 1311 2027 1310 2028 1312 2029 1313 2030 1310 2031 1311 2032 1314 2033 1310 2034 1313 2035 1307 2036 1310 2037 1314 2038 1310 2039 1315 2039 1312 2039 1316 2040 1315 2040 1317 2040 1312 2041 1315 2042 1316 2043 1318 2044 1319 2044 1320 2044 1317 2045 1319 2045 1318 2045 1315 2046 1319 2046 1317 2046 1321 2047 1322 2047 1323 2047 1324 2048 1322 2049 1321 2050 1320 2051 1322 2052 1324 2053 1319 2054 1322 2054 1320 2054 1325 2055 1326 2055 1327 2055 1323 2056 1326 2056 1325 2056 1322 2057 1326 2057 1323 2057 1328 2058 1329 2059 1330 2060 1331 2061 1329 2061 1328 2061 1327 2062 1329 2063 1331 2064 1326 2065 1329 2066 1327 2067 1332 2068 1333 2068 1334 2068 1330 2069 1333 2069 1332 2069 1329 2070 1333 2070 1330 2070 1335 2071 1336 2072 1337 2073 1334 2074 1336 2075 1335 2076 1333 2077 1336 2077 1334 2077 1337 2078 1338 2079 1339 2080 1336 2081 1338 2081 1337 2081 1338 2082 1340 2083 1339 2084 1338 2085 1341 2085 1340 2085 1340 2086 1341 2086 1342 2086 1341 2087 1343 2087 1342 2087 1342 2088 1343 2088 1344 2088 1343 2089 1345 2089 1344 2089 1343 2090 1346 2091 1345 2092 1345 2093 1346 2093 1347 2093 1346 2094 1348 2094 1347 2094 1349 2095 1348 2096 1350 2097 1347 2098 1348 2098 1349 2098 1348 2099 1351 2099 1350 2099 1352 2100 1351 2101 1353 2102 1350 2103 1351 2104 1352 2105 1351 2106 1354 2106 1353 2106 1355 2107 1354 2108 1356 2109 1353 2110 1354 2111 1355 2112 1354 2113 1357 2113 1356 2113 1358 2114 1357 2114 1359 2114 1356 2115 1357 2116 1358 2117 1357 2118 1360 2118 1359 2118 1361 2119 1360 2120 1362 2121 1359 2122 1360 2123 1361 2124 1360 2125 1363 2125 1362 2125 1364 2126 1363 2127 1365 2128 1362 2129 1363 2129 1364 2129 1363 2130 1366 2130 1365 2130 1367 2131 1366 2132 1368 2133 1369 2134 1366 2135 1367 2136 1370 2137 1366 2138 1369 2139 1365 2140 1366 2140 1370 2140 1366 2141 1371 2141 1368 2141 1372 2142 1371 2143 1373 2144 1374 2145 1371 2146 1372 2147 1375 2148 1371 2148 1374 2148 1376 2149 1371 2149 1375 2149 1368 2150 1371 2151 1376 2152 1377 2153 1378 2154 1379 2155 1371 2156 1380 2157 1373 2158 1381 2159 1380 2160 1377 2161 1382 2162 1380 2163 1381 2164 1383 2165 1380 2166 1382 2167 1373 2168 1380 2169 1383 2170 1377 2171 1380 2171 1378 2171 1380 2172 1384 2172 1378 2172 1378 2173 1384 2173 1385 2173 1384 2174 1386 2174 1385 2174 1385 2175 1386 2175 1387 2175 1387 2176 1388 2176 1389 2176 1386 2177 1388 2177 1387 2177 1388 2178 1390 2178 1389 2178 1389 2179 1390 2179 1391 2179 1390 2180 1392 2180 1391 2180 1391 2181 1392 2181 1393 2181 1393 2182 1392 2182 1394 2182 1394 2183 1395 2183 1396 2183 1392 2184 1395 2184 1394 2184 1396 2185 1397 2185 1398 2185 1395 2186 1397 2186 1396 2186 1398 2187 1399 2187 1400 2187 1397 2188 1399 2188 1398 2188 1400 2189 1401 2189 1402 2189 1399 2190 1401 2190 1400 2190 1402 2191 1403 2191 1404 2191 1401 2192 1403 2192 1402 2192 1405 2193 1406 2193 1407 2193 1404 2194 1408 2194 1405 2194 1403 2195 1408 2195 1404 2195 1408 2196 1409 2196 1405 2196 1405 2197 1410 2197 1406 2197 1406 2198 1410 2198 1411 2198 1409 2199 1410 2199 1405 2199 1410 2200 1412 2200 1411 2200 1411 2201 1412 2202 1413 2203 1412 2204 1414 2204 1413 2204 1413 2205 1414 2206 1415 2207 1414 2208 1416 2208 1415 2208 1415 2209 1416 2209 1417 2209 1416 2210 1418 2211 1417 2212 1417 2213 1418 2213 1419 2213 1418 2214 1420 2215 1419 2216 1419 2217 1420 2217 1421 2217 1420 2218 1422 2218 1421 2218 1421 2219 1422 2219 1423 2219 1422 2220 1424 2220 1423 2220 1423 2221 1424 2221 1425 2221 1424 2222 1426 2222 1425 2222 1425 2223 1426 2223 1427 2223 1426 2224 1428 2224 1427 2224 1427 2225 1428 2225 1429 2225 1428 2226 1430 2227 1429 2228 1429 2229 1430 2229 1431 2229 1430 2230 1432 2231 1431 2232 1431 2233 1432 2234 1433 2235 1432 2236 1434 2236 1433 2236 1433 2237 1434 2237 1435 2237 1434 2238 1436 2238 1435 2238 1435 2239 1436 2240 1437 2241 1436 2242 1438 2242 1437 2242 1437 2243 1438 2243 1439 2243 1439 2244 1438 2244 1440 2244 1438 2245 1441 2245 1440 2245 1440 2246 1441 2246 1442 2246 1442 2247 1443 2247 1444 2247 1441 2248 1445 2248 1442 2248 1442 2249 1445 2249 1443 2249 1445 2250 1446 2250 1443 2250 1443 2251 1446 2251 1447 2251 1446 2252 1448 2252 1447 2252 1447 2253 1448 2254 1449 2255 1448 2256 1450 2257 1449 2258 1449 2259 1450 2259 1451 2259 1450 2260 1452 2261 1451 2262 1451 2263 1452 2263 1453 2263 1452 2264 1454 2264 1453 2264 1453 2265 1454 2266 1455 2267 1454 2268 1456 2268 1455 2268 1455 2269 1456 2269 1457 2269 1456 2270 1458 2270 1457 2270 1457 2271 1458 2271 1459 2271 1458 2272 1460 2272 1459 2272 1459 2273 1460 2274 1461 2275 1461 2276 1462 2276 1463 2276 1460 2277 1462 2278 1461 2279 1463 2280 1464 2280 1465 2280 1462 2281 1464 2281 1463 2281 1465 2282 1466 2282 1467 2282 1464 2283 1466 2283 1465 2283 1467 2284 1468 2284 1469 2284 1466 2285 1470 2286 1467 2287 1467 2288 1470 2288 1468 2288 1468 2289 1470 2290 1471 2291 1472 2292 1473 2293 1474 2294 1475 2295 1473 2296 1472 2297 1476 2298 1473 2299 1475 2300 1471 2301 1473 2302 1476 2303 1470 2304 1473 2305 1471 2306 1477 2307 1478 2307 1479 2307 1480 2308 1478 2308 1477 2308 1481 2309 1478 2309 1480 2309 1474 2310 1478 2311 1481 2312 1473 2313 1478 2313 1474 2313 1482 2314 1483 2315 1484 2316 1479 2317 1483 2317 1482 2317 1478 2318 1483 2319 1479 2320 1485 2321 1486 2322 1487 2323 1484 2324 1486 2324 1485 2324 1483 2325 1486 2325 1484 2325 1488 2326 1489 2327 1490 2328 1491 2329 1489 2330 1488 2331 1487 2332 1489 2332 1491 2332 1486 2333 1489 2333 1487 2333 1492 2334 1493 2334 1494 2334 1490 2335 1493 2336 1492 2337 1489 2338 1493 2338 1490 2338 1495 2339 1496 2339 1497 2339 1498 2340 1496 2340 1495 2340 1494 2341 1496 2342 1498 2343 1493 2344 1496 2344 1494 2344 1499 2345 1500 2346 1501 2347 1497 2348 1500 2348 1499 2348 1496 2349 1500 2349 1497 2349 1502 2350 1503 2350 1504 2350 1501 2351 1503 2352 1502 2353 1500 2354 1503 2354 1501 2354 1504 2355 1505 2356 1506 2357 1503 2358 1505 2358 1504 2358 1505 2359 1507 2360 1506 2361 1505 2362 1508 2362 1507 2362 1507 2363 1508 2364 1509 2365 1508 2366 1510 2366 1509 2366 1509 2367 1510 2367 1511 2367 1510 2368 1512 2368 1511 2368 1510 2369 1513 2369 1512 2369 1512 2370 1513 2370 1514 2370 1513 2371 1515 2371 1514 2371 1516 2372 1515 2372 1517 2372 1514 2373 1515 2373 1516 2373 1515 2374 1518 2374 1517 2374 1519 2375 1518 2375 1520 2375 1517 2376 1518 2376 1519 2376 1518 2377 1521 2377 1520 2377 1522 2378 1521 2378 1523 2378 1520 2379 1521 2379 1522 2379 1521 2380 1524 2380 1523 2380 1525 2381 1524 2382 1526 2383 1523 2384 1524 2384 1525 2384 1524 2385 1527 2385 1526 2385 1528 2386 1527 2386 1529 2386 1526 2387 1527 2387 1528 2387 1527 2388 1530 2388 1529 2388 1531 2389 1530 2389 1532 2389 1529 2390 1530 2390 1531 2390 1530 2391 1533 2391 1532 2391 1534 2392 1533 2393 1535 2394 1536 2395 1533 2396 1534 2397 1537 2398 1533 2399 1536 2400 1532 2401 1533 2402 1537 2403 1538 2404 1539 2405 1540 2406 1541 2407 1539 2408 1538 2409 1542 2410 1539 2411 1541 2412 1543 2413 1539 2413 1542 2413 1535 2414 1539 2414 1543 2414 1533 2415 1539 2415 1535 2415 1544 2416 1545 2417 1546 2418 1547 2419 1548 2420 1544 2421 1549 2422 1548 2423 1547 2424 1550 2425 1548 2426 1549 2427 1540 2428 1548 2429 1550 2430 1539 2431 1548 2431 1540 2431 1544 2432 1548 2432 1545 2432 1545 2433 1551 2434 1552 2435 1548 2436 1551 2436 1545 2436 1552 2437 1553 2437 1554 2437 1551 2438 1553 2438 1552 2438 1554 2439 1555 2439 1556 2439 1553 2440 1555 2440 1554 2440 1556 2441 1557 2441 1558 2441 1555 2442 1557 2442 1556 2442 1557 2443 1226 2443 1558 2443 1558 2444 1226 2444 1225 2444 1407 2445 1559 2445 1405 2445 1560 2445 1559 2445 1407 2445 1561 2446 1562 2446 1563 2446 1563 2447 1562 2447 1564 2447 1565 2448 1559 2448 1566 2448 1566 2449 1559 2449 1560 2449 1561 2450 1567 2450 1562 2450 1562 2451 1567 2451 1568 2451 1569 2452 1570 2452 1567 2452 1567 2452 1570 2452 1568 2452 1569 2453 1565 2453 1570 2453 1570 2454 1565 2454 1566 2454 1276 2455 1571 2455 1277 2455 1277 2456 1571 2456 1572 2456 1571 2457 1573 2457 1572 2457 1572 2458 1573 2458 1574 2458 1573 2459 1575 2459 1574 2459 1574 2460 1575 2460 1576 2460 1577 188 1578 188 1575 188 1575 2461 1578 2461 1576 2461 1577 2462 1579 2462 1578 2462 1578 2463 1579 2463 1580 2463 1579 2464 1581 2464 1580 2464 1580 2465 1581 2465 1582 2465 1238 188 1240 188 1583 188 1583 188 1240 188 1584 188 1585 2466 1586 2466 1587 2466 1588 2467 1586 2467 1585 2467 1589 2468 1583 2468 1590 2468 1590 2469 1583 2469 1584 2469 1587 2470 1591 2470 1585 2470 1585 2449 1591 2449 1592 2449 1593 2471 1591 2471 1594 2471 1592 2471 1591 2471 1593 2471 1594 2472 1589 2472 1593 2472 1593 2473 1589 2473 1590 2473 1595 2474 1596 2474 1443 2474 1443 2475 1596 2475 1444 2475 1597 2445 1598 2445 1599 2445 1600 2445 1598 2445 1597 2445 1595 2462 1601 2462 1596 2462 1596 2463 1601 2463 1602 2463 1601 2476 1603 2476 1602 2476 1602 2477 1603 2477 1604 2477 1605 2478 1604 2478 1606 2478 1604 2479 1603 2479 1606 2479 1606 2480 1598 2480 1605 2480 1605 2481 1598 2481 1600 2481 1607 2482 1608 2482 1609 2482 1610 2483 1608 2483 1607 2483 1611 2445 1612 2445 1613 2445 1613 2445 1612 2445 1614 2445 1615 2484 1616 2484 1617 2484 1617 2485 1616 2485 1618 2485 1619 188 1620 188 1621 188 1621 188 1620 188 1622 188 1224 2486 1223 2486 1623 2486 1223 2487 1624 2487 1623 2487 1623 2488 1624 2488 1625 2488 1624 2489 1626 2489 1625 2489 1625 2490 1626 2490 1627 2490 1626 2491 1628 2491 1627 2491 1627 2492 1628 2492 1629 2492 1628 2493 1630 2493 1629 2493 1629 2494 1630 2495 1631 2496 1630 2497 1632 2497 1631 2497 1631 2498 1632 2498 1633 2498 1632 2499 1634 2499 1633 2499 1633 2500 1634 2500 1635 2500 1634 2501 1636 2501 1635 2501 1635 2502 1636 2503 1637 2504 1636 2505 1638 2506 1637 2507 1637 2508 1638 2509 1639 2510 1638 2511 1640 2512 1639 2513 1639 2514 1640 2515 1641 2516 1640 2517 1642 2518 1641 2519 1641 2520 1642 2520 1643 2520 1642 2521 1644 2521 1643 2521 1644 2522 1645 2522 1643 2522 1643 2523 1645 2523 1646 2523 1646 2524 1645 2524 1647 2524 1645 2525 1648 2525 1647 2525 1647 2526 1648 2526 1649 2526 1648 2527 1650 2527 1649 2527 1649 2528 1650 2529 1651 2530 1650 2531 1652 2531 1651 2531 1651 2532 1652 2533 1653 2534 1652 2535 1654 2536 1653 2537 1653 2538 1654 2539 1655 2540 1655 2541 1656 2542 1657 2543 1654 2544 1656 2545 1655 2546 1656 2547 1658 2548 1657 2549 1657 2550 1659 2551 1660 2552 1658 2553 1659 2554 1657 2555 1660 2556 1661 2557 1662 2558 1659 2559 1661 2560 1660 2561 1662 2562 1663 2562 1664 2562 1661 2563 1663 2564 1662 2565 1664 2566 1665 2567 1666 2568 1663 2569 1665 2570 1664 2571 1666 2572 1667 2572 1668 2572 1665 2573 1667 2573 1666 2573 1668 2574 1669 2575 1670 2576 1667 2577 1669 2577 1668 2577 1669 2578 1671 2579 1670 2580 1670 2581 1671 2581 1672 2581 1671 2582 1673 2582 1672 2582 1672 2583 1673 2583 1674 2583 1673 2584 1675 2584 1674 2584 1674 2585 1675 2586 1676 2587 1675 2588 1677 2588 1676 2588 1676 2589 1677 2589 1678 2589 1677 2590 1679 2591 1678 2592 1678 2593 1679 2594 1680 2595 1679 2596 1681 2597 1680 2598 1680 2599 1681 2600 1682 2601 1681 2602 1683 2603 1682 2604 1682 2605 1683 2606 1684 2607 1683 2608 1685 2609 1684 2610 1684 2611 1685 2612 1686 2613 1685 2614 1687 2615 1686 2616 1686 2617 1687 2618 1688 2619 1687 2620 1689 2621 1688 2622 1688 2623 1689 2624 1690 2625 1689 2626 1691 2626 1690 2626 1690 2627 1691 2628 1692 2629 1691 2630 1693 2630 1692 2630 1692 2631 1693 2631 1694 2631 1693 2632 1695 2632 1694 2632 1694 2633 1695 2634 1696 2635 1695 2636 1697 2637 1696 2638 1696 2639 1697 2639 1698 2639 1697 2640 1699 2641 1698 2642 1698 2643 1699 2643 1700 2643 1699 2644 1701 2644 1700 2644 1700 2645 1701 2645 1702 2645 1701 2646 1703 2646 1702 2646 1702 2647 1703 2648 1704 2649 1703 2650 1705 2650 1704 2650 1704 2651 1705 2651 1706 2651 1705 2652 1707 2652 1706 2652 1706 2652 1707 2652 1708 2652 1707 2653 1709 2653 1708 2653 1708 2654 1709 2655 1710 2656 1709 2657 1711 2657 1710 2657 1710 2658 1711 2658 1712 2658 1711 2659 1713 2660 1712 2661 1712 2662 1713 2663 1714 2664 1713 2665 1715 2666 1714 2667 1714 2668 1715 2669 1716 2670 1715 2671 1128 2671 1716 2671 1716 2672 1128 2673 1127 2674 1125 2675 1126 2675 1717 2675 1126 2676 1718 2676 1717 2676 1717 2677 1718 2677 1719 2677 1718 2678 1720 2678 1719 2678 1719 2679 1720 2679 1721 2679 1720 2680 1722 2680 1721 2680 1721 2681 1722 2682 1723 2683 1722 2684 1724 2684 1723 2684 1723 2685 1724 2686 1725 2687 1724 2688 1726 2688 1725 2688 1726 2689 1727 2689 1725 2689 1725 2690 1727 2690 1728 2690 1728 2691 1727 2691 1729 2691 1727 2692 1730 2692 1729 2692 1730 2693 1731 2694 1729 2695 1729 2696 1731 2697 1732 2698 1732 2699 1731 2700 1733 2701 1731 2702 1734 2703 1733 2704 1733 2705 1734 2706 1735 2707 1734 2708 1736 2709 1735 2710 1736 2711 1737 2711 1735 2711 1735 2712 1737 2713 1738 2714 1738 2715 1737 2715 1739 2715 1737 2716 1740 2716 1739 2716 1739 2717 1740 2717 1741 2717 1740 2718 1742 2719 1741 2720 1741 2721 1742 2722 1743 2723 1742 2724 1744 2724 1743 2724 1744 2725 1745 2726 1743 2727 1743 2728 1745 2729 1746 2730 1746 2731 1745 2732 1747 2733 1745 2734 1748 2735 1747 2736 1747 2737 1749 2738 1750 2739 1748 2740 1749 2740 1747 2740 1750 2741 1751 2741 1752 2741 1749 2742 1751 2742 1750 2742 1752 2743 1753 2744 1754 2745 1751 2746 1753 2747 1752 2748 1754 2749 1755 2750 1756 2751 1753 2752 1755 2752 1754 2752 1756 2753 1757 2753 1758 2753 1755 2754 1757 2754 1756 2754 1758 2755 1759 2755 1760 2755 1757 2756 1759 2757 1758 2758 1760 2759 1761 2760 1762 2761 1759 2762 1761 2762 1760 2762 1762 2763 1763 2763 1764 2763 1761 2764 1763 2764 1762 2764 1763 2765 1765 2765 1764 2765 1764 2766 1765 2766 1766 2766 1765 2767 1767 2768 1766 2769 1766 2770 1767 2771 1768 2772 1767 2773 1769 2773 1768 2773 1768 2774 1769 2775 1770 2776 1769 2777 1771 2777 1770 2777 1770 2778 1771 2778 1772 2778 1772 2779 1771 2780 1773 2781 1771 2782 1774 2783 1773 2784 1774 2785 1775 2786 1773 2787 1773 2788 1775 2789 1776 2790 1775 2791 1777 2791 1776 2791 1776 2791 1777 2791 1778 2791 1777 2792 1779 2793 1778 2794 1778 2795 1779 2795 1780 2795 1779 2796 1781 2797 1780 2798 1780 2799 1781 2800 1782 2801 1781 2802 1783 2803 1782 2804 1782 2805 1783 2806 1784 2807 1783 2808 1785 2808 1784 2808 1784 2809 1785 2810 1786 2811 1785 2812 1787 2813 1786 2814 1786 2815 1787 2815 1788 2815 1787 2816 1789 2817 1788 2818 1788 2819 1789 2819 1790 2819 1789 2820 1791 2821 1790 2822 1790 2823 1791 2823 1792 2823 1791 2824 1793 2824 1792 2824 1792 2825 1793 2826 1794 2827 1793 2828 1795 2829 1794 2830 1794 2831 1795 2831 1796 2831 1795 2832 1797 2833 1796 2834 1796 2835 1797 2836 1798 2837 1797 2838 1799 2838 1798 2838 1798 2839 1799 2839 1800 2839 1799 2840 1801 2841 1800 2842 1800 2843 1801 2843 1802 2843 1801 2844 1803 2844 1802 2844 1802 2845 1803 2846 1804 2847 1803 2848 1805 2849 1804 2850 1804 2851 1805 2851 1806 2851 1805 2852 1807 2853 1806 2854 1806 2855 1807 2856 1808 2857 1807 2858 1809 2859 1808 2860 1808 2861 1809 2862 1810 2863 1809 2864 1029 2864 1810 2864 1810 2865 1029 2865 1031 2865 1028 2866 1027 2866 1811 2866 1027 2867 1812 2868 1811 2869 1811 2488 1812 2488 1813 2488 1812 2870 1814 2870 1813 2870 1813 2871 1814 2871 1815 2871 1814 2872 1816 2872 1815 2872 1815 2873 1816 2874 1817 2875 1816 2876 1818 2876 1817 2876 1817 2877 1818 2877 1819 2877 1818 2878 1820 2879 1819 2880 1819 2881 1820 2881 1821 2881 1820 2499 1822 2499 1821 2499 1821 2882 1822 2882 1823 2882 1822 2883 1824 2883 1823 2883 1823 2884 1824 2885 1825 2886 1824 2887 1826 2888 1825 2889 1825 2890 1826 2891 1827 2892 1826 2893 1828 2893 1827 2893 1827 2894 1828 2895 1829 2896 1828 2897 1830 2897 1829 2897 1829 2520 1830 2520 1831 2520 1830 2898 1832 2898 1831 2898 1832 2522 1833 2522 1831 2522 1831 2523 1833 2523 1834 2523 1834 2524 1833 2524 1835 2524 1833 2899 1836 2899 1835 2899 1835 2526 1836 2526 1837 2526 1836 2900 1838 2900 1837 2900 1837 2528 1838 2529 1839 2530 1838 2901 1840 2901 1839 2901 1839 2902 1840 2903 1841 2904 1840 2535 1842 2536 1841 2537 1841 2905 1842 2906 1843 2907 1843 2908 1844 2909 1845 2910 1842 2911 1844 2911 1843 2911 1844 2912 1846 2913 1845 2914 1845 2915 1847 2916 1848 2917 1846 2918 1847 2919 1845 2920 1848 2556 1849 2557 1850 2558 1847 2559 1849 2560 1848 2561 1850 2921 1851 2921 1852 2921 1849 2922 1851 2923 1850 2924 1852 2925 1853 2926 1854 2927 1851 2928 1853 2929 1852 2930 1854 2572 1855 2572 1856 2572 1853 2931 1855 2932 1854 2933 1856 2934 1857 2935 1858 2936 1855 2937 1857 2937 1856 2937 1857 2938 1859 2939 1858 2940 1858 2941 1859 2941 1860 2941 1859 2582 1861 2582 1860 2582 1860 2942 1861 2942 1862 2942 1861 2943 1863 2944 1862 2945 1862 2946 1863 2947 1864 2948 1863 2949 1865 2949 1864 2949 1864 2950 1865 2950 1866 2950 1865 2590 1867 2591 1866 2592 1866 2593 1867 2594 1868 2595 1867 2951 1869 2952 1868 2953 1868 2954 1869 2955 1870 2956 1869 2957 1871 2958 1870 2959 1870 2960 1871 2961 1872 2962 1871 2963 1873 2963 1872 2963 1872 2964 1873 2965 1874 2966 1873 2967 1875 2968 1874 2616 1874 2969 1875 2970 1876 2971 1875 2972 1877 2973 1876 2974 1876 2975 1877 2976 1878 2977 1877 2978 1879 2978 1878 2978 1878 2979 1879 2980 1880 2981 1879 2982 1881 2982 1880 2982 1880 2983 1881 2983 1882 2983 1881 2984 1883 2985 1882 2986 1882 2987 1883 2987 1884 2987 1883 2988 1885 2988 1884 2988 1884 2989 1885 2989 1886 2989 1885 2990 1887 2991 1886 2992 1886 2993 1887 2994 1888 2995 1887 2996 1889 2996 1888 2996 1888 2997 1889 2997 1890 2997 1889 2998 1891 2998 1890 2998 1890 2999 1891 3000 1892 3001 1891 2838 1893 2838 1892 2838 1892 2839 1893 2839 1894 2839 1893 2652 1895 2652 1894 2652 1894 3002 1895 3002 1896 3002 1895 3003 1897 3003 1896 3003 1896 3004 1897 3005 1898 2656 1897 3006 1899 3006 1898 3006 1898 3007 1899 3007 1900 3007 1899 3008 1901 3009 1900 3010 1900 3011 1901 3012 1902 3013 1901 3014 1903 3015 1902 3016 1902 2668 1903 2669 1904 2670 1903 3017 932 3017 1904 3017 1904 3018 932 3018 931 3018 929 2675 930 2675 1905 2675 930 2675 1906 2675 1905 2675 1905 2677 1906 2677 1907 2677 1906 3019 1908 3019 1907 3019 1907 3020 1908 3020 1909 3020 1908 3021 1910 3021 1909 3021 1909 3022 1910 3022 1911 3022 1910 3022 1912 3022 1911 3022 1911 3023 1912 3024 1913 3025 1912 3026 1914 3026 1913 3026 1913 3027 1914 3027 1915 3027 1914 3028 1916 3028 1915 3028 1915 2691 1916 2691 1917 2691 1916 3029 1918 3029 1917 3029 1917 3030 1918 3031 1919 3032 1918 3033 1920 3034 1919 3035 1919 3036 1920 3037 1921 3038 1920 3039 1922 3040 1921 3041 1921 3042 1922 3043 1923 3044 1922 3045 1924 3045 1923 3045 1923 3046 1924 3046 1925 3046 1924 3047 1926 3047 1925 3047 1926 3048 1927 3048 1925 3048 1925 3049 1927 3050 1928 3051 1928 3052 1927 3053 1929 3054 1927 3055 1930 3056 1929 3057 1929 3058 1930 3059 1931 3060 1930 3061 1932 3061 1931 3061 1931 3062 1932 3063 1933 3064 1932 3065 1934 3065 1933 3065 1933 3066 1934 3067 1935 3068 1934 3069 1936 3069 1935 3069 1935 3070 1936 3071 1937 3072 1937 3073 1938 3073 1939 3073 1936 3074 1938 3074 1937 3074 1938 3075 1940 3075 1939 3075 1939 3076 1941 3077 1942 3078 1940 3079 1941 3080 1939 3081 1942 3082 1943 3083 1944 3084 1941 3085 1943 3086 1942 3087 1944 3088 1945 3088 1946 3088 1943 3089 1945 3090 1944 3091 1946 3092 1947 3093 1948 3094 1945 3095 1947 3096 1946 3097 1948 3098 1949 3098 1950 3098 1947 3099 1949 3100 1948 3101 1950 3102 1951 3102 1952 3102 1949 3103 1951 3103 1950 3103 1951 3104 1953 3104 1952 3104 1952 3105 1953 3105 1954 3105 1953 3106 1955 3106 1954 3106 1954 3107 1955 3107 1956 3107 1955 3108 1957 3108 1956 3108 1956 3109 1957 3110 1958 3111 1957 3112 1959 3112 1958 3112 1958 2778 1959 2778 1960 2778 1959 3113 1961 3114 1960 3115 1960 3116 1961 3117 1962 3118 1961 3119 1963 3120 1962 3121 1962 3122 1963 3123 1964 3124 1963 3125 1965 3125 1964 3125 1964 3126 1965 3126 1966 3126 1965 3127 1967 3127 1966 3127 1966 3128 1967 3128 1968 3128 1967 3129 1969 3130 1968 3131 1968 3132 1969 3133 1970 3134 1969 3135 1971 3136 1970 3137 1970 3138 1971 3139 1972 3140 1971 3141 1973 3141 1972 3141 1972 3142 1973 3143 1974 3144 1973 3145 1975 3146 1974 3147 1974 2815 1975 2815 1976 2815 1975 3148 1977 3149 1976 3150 1976 3151 1977 3152 1978 3153 1977 3154 1979 3155 1978 3156 1978 3157 1979 3157 1980 3157 1979 2824 1981 2824 1980 2824 1980 3158 1981 3159 1982 3160 1981 3161 1983 3162 1982 3163 1982 3164 1983 3164 1984 3164 1983 3165 1985 3166 1984 3167 1984 3168 1985 3169 1986 3170 1985 2838 1987 2838 1986 2838 1986 2839 1987 2839 1988 2839 1987 3171 1989 3171 1988 3171 1988 3172 1989 3172 1990 3172 1989 3173 1991 3173 1990 3173 1990 3174 1991 3175 1992 3176 1991 3177 1993 3177 1992 3177 1992 3178 1993 3178 1994 3178 1993 3179 1995 3179 1994 3179 1994 3180 1995 3181 1996 3182 1995 3183 1997 3183 1996 3183 1996 3184 1997 3185 1998 3186 1997 3187 833 3188 1998 3189 1998 3190 833 3190 835 3190 831 3191 832 3192 1999 3193 832 3194 2000 3195 1999 3196 1999 3197 2000 3197 2001 3197 2000 3198 2002 3198 2001 3198 2001 3199 2002 3199 2003 3199 2002 3200 2004 3200 2003 3200 2003 3201 2004 3201 2005 3201 2004 3202 2006 3202 2005 3202 2006 3203 2007 3203 2005 3203 2005 3204 2007 3204 2008 3204 2008 3205 2007 3206 2009 3207 2007 3208 2010 3209 2009 3210 2009 3211 2010 3212 2011 3213 2010 3214 2012 3214 2011 3214 2011 3215 2012 3216 2013 3217 2012 3218 2014 3219 2013 3220 2013 3221 2014 3222 2015 3223 2014 3224 2016 3225 2015 3226 2016 3227 2017 3227 2015 3227 2015 3228 2017 3229 2018 3230 2018 3231 2017 3231 2019 3231 2017 3232 2020 3232 2019 3232 2019 3233 2020 3233 2021 3233 2020 3234 2022 3234 2021 3234 2021 3235 2022 3236 2023 3237 2022 3238 2024 3239 2023 3240 2023 3241 2024 3242 2025 3243 2024 3244 2026 3245 2025 3246 2026 3247 2027 3248 2025 3249 2025 3250 2027 3251 2028 3252 2028 3253 2029 3253 2030 3253 2030 3254 2029 3255 2031 3256 2027 3257 2029 3258 2028 3259 2029 3260 2032 3261 2031 3262 2031 3263 2033 3263 2034 3263 2032 3264 2033 3264 2031 3264 2034 3265 2035 3266 2036 3267 2033 3268 2035 3269 2034 3270 2036 3271 2037 3272 2038 3273 2038 3274 2037 3274 2039 3274 2035 3275 2037 3275 2036 3275 2037 3276 2040 3276 2039 3276 2039 3277 2041 3278 2042 3279 2040 3280 2041 3280 2039 3280 2042 3281 2043 3281 2044 3281 2041 3282 2043 3282 2042 3282 2044 3283 2045 3284 2046 3285 2043 3286 2045 3287 2044 3288 2045 3289 2047 3290 2046 3291 2046 3292 2047 3293 2048 3294 2047 3295 2049 3295 2048 3295 2048 3296 2049 3296 2050 3296 2049 3297 2051 3298 2050 3299 2050 3300 2051 3301 2052 3302 2051 3303 2053 3303 2052 3303 2052 3304 2053 3304 2054 3304 2053 3305 2055 3306 2054 3307 2054 3308 2055 3308 2056 3308 2055 3309 2057 3310 2056 3311 2056 3312 2057 3313 2058 3314 2057 3315 2059 3315 2058 3315 2058 3316 2059 3317 2060 3318 2059 3319 2061 3319 2060 3319 2060 3320 2061 3320 2062 3320 2061 3321 2063 3322 2062 3323 2062 3324 2063 3325 2064 3326 2063 3327 2065 3328 2064 3329 2064 3330 2065 3331 2066 3332 2065 3333 2067 3333 2066 3333 2066 3334 2067 3335 2068 3336 2067 3337 2069 3338 2068 3339 2068 3340 2069 3340 2070 3340 2069 3341 2071 3341 2070 3341 2070 3342 2071 3342 2072 3342 2071 3343 2073 3343 2072 3343 2072 3344 2073 3344 2074 3344 2073 3345 2075 3345 2074 3345 2074 3346 2075 3346 2076 3346 2075 3347 2077 3348 2076 3349 2076 3350 2077 3350 2078 3350 2077 3351 2079 3352 2078 3353 2078 3354 2079 3354 2080 3354 2079 3355 2081 3355 2080 3355 2080 3356 2081 3356 2082 3356 2081 3357 2083 3358 2082 3359 2082 3360 2083 3360 2084 3360 2083 3361 2085 3361 2084 3361 2084 3362 2085 3362 2086 3362 2085 3363 2087 3363 2086 3363 2086 3364 2087 3365 2088 3366 2087 3367 2089 3368 2088 3369 2088 3370 2089 3370 2090 3370 2089 3371 2091 3372 2090 3373 2090 3374 2091 3375 2092 3376 2092 3377 2091 3377 737 3377 2091 3378 735 3379 737 3380 733 3381 734 3381 2093 3381 734 3382 2094 3383 2093 3384 2093 3385 2094 3385 2095 3385 2094 3386 2096 3386 2095 3386 2095 3387 2096 3387 2097 3387 2096 3388 2098 3388 2097 3388 2097 3389 2098 3389 2099 3389 2098 3390 2100 3390 2099 3390 2100 3391 2101 3392 2099 3393 2099 3394 2101 3395 2102 3396 2102 3397 2101 3398 2103 3399 2101 3400 2104 3401 2103 3402 2103 3403 2104 3404 2105 3405 2104 3406 2106 3406 2105 3406 2105 3407 2106 3408 2107 3409 2106 3410 2108 3411 2107 3412 2107 3413 2108 3414 2109 3415 2108 3416 2110 3416 2109 3416 2110 3417 2111 3417 2109 3417 2109 3418 2111 3419 2112 3420 2112 3421 2111 3421 2113 3421 2111 3422 2114 3422 2113 3422 2113 3423 2114 3423 2115 3423 2114 3424 2116 3424 2115 3424 2115 3425 2116 3425 2117 3425 2116 3426 2118 3426 2117 3426 2117 3427 2118 3427 2119 3427 2118 3428 2120 3428 2119 3428 2120 3429 2121 3430 2119 3431 2119 3432 2121 3433 2122 3434 2122 3435 2123 3436 2124 3437 2124 3438 2123 3439 2125 3440 2121 3441 2123 3442 2122 3443 2123 3444 2126 3444 2125 3444 2125 3445 2127 3445 2128 3445 2126 3446 2127 3446 2125 3446 2128 3447 2129 3448 2130 3449 2127 3450 2129 3451 2128 3452 2130 3453 2131 3454 2132 3455 2132 3456 2131 3456 2133 3456 2129 3457 2131 3457 2130 3457 2131 3458 2134 3458 2133 3458 2133 3459 2135 3459 2136 3459 2134 3460 2135 3460 2133 3460 2136 3461 2137 3461 2138 3461 2135 3462 2137 3462 2136 3462 2138 3463 2139 3463 2140 3463 2137 3464 2139 3465 2138 3466 2139 3467 2141 3467 2140 3467 2140 3468 2141 3469 2142 3470 2141 3471 2143 3471 2142 3471 2142 3472 2143 3472 2144 3472 2143 3473 2145 3473 2144 3473 2144 3474 2145 3474 2146 3474 2145 3475 2147 3475 2146 3475 2146 3476 2147 3477 2148 3478 2147 3479 2149 3479 2148 3479 2148 3480 2149 3480 2150 3480 2149 3481 2151 3482 2150 3483 2150 3484 2151 3485 2152 3486 2151 3487 2153 3488 2152 3489 2152 3490 2153 3491 2154 3492 2153 3493 2155 3494 2154 3495 2154 3496 2155 3496 2156 3496 2155 3497 2157 3498 2156 3499 2156 3500 2157 3501 2158 3502 2157 3503 2159 3504 2158 3505 2158 3506 2159 3507 2160 3508 2159 3509 2161 3509 2160 3509 2160 3510 2161 3510 2162 3510 2161 3511 2163 3511 2162 3511 2162 3512 2163 3513 2164 3514 2163 3515 2165 3515 2164 3515 2164 3516 2165 3516 2166 3516 2165 3517 2167 3517 2166 3517 2166 3518 2167 3518 2168 3518 2167 3519 2169 3519 2168 3519 2168 3520 2169 3520 2170 3520 2169 3521 2171 3521 2170 3521 2170 3522 2171 3523 2172 3524 2171 3525 2173 3526 2172 3527 2172 3528 2173 3529 2174 3530 2173 3531 2175 3531 2174 3531 2174 3532 2175 3532 2176 3532 2175 3533 2177 3534 2176 3535 2176 3536 2177 3536 2178 3536 2177 3537 2179 3537 2178 3537 2178 3537 2179 3537 2180 3537 2179 3538 2181 3538 2180 3538 2180 3539 2181 3540 2182 3541 2181 3542 2183 3542 2182 3542 2182 3543 2183 3543 2184 3543 2183 3544 2185 3545 2184 3546 2184 3547 2185 3548 2186 3549 2186 3550 2185 3550 639 3550 2185 3551 637 3552 639 3553 635 3554 636 3555 2187 3556 636 3557 2188 3558 2187 3559 2187 3560 2188 3560 2189 3560 2188 3561 2190 3561 2189 3561 2189 3199 2190 3199 2191 3199 2190 3200 2192 3200 2191 3200 2191 3562 2192 3562 2193 3562 2192 3563 2194 3563 2193 3563 2194 3564 2195 3565 2193 3566 2193 3567 2195 3567 2196 3567 2196 3568 2195 3569 2197 3570 2195 3571 2198 3572 2197 3573 2197 3211 2198 3574 2199 3575 2198 3576 2200 3576 2199 3576 2199 3215 2200 3216 2201 3217 2200 3577 2202 3578 2201 3579 2201 3580 2202 3581 2203 3582 2202 3224 2204 3225 2203 3226 2204 3227 2205 3227 2203 3227 2203 3583 2205 3584 2206 3585 2206 3586 2205 3586 2207 3586 2205 3586 2208 3586 2207 3586 2207 3587 2208 3588 2209 3589 2208 3590 2210 3590 2209 3590 2209 3591 2210 3592 2211 3593 2210 3594 2212 3595 2211 3596 2211 3597 2212 3598 2213 3599 2212 3600 2214 3600 2213 3600 2214 3601 2215 3602 2213 3603 2213 3604 2215 3605 2216 3606 2216 3607 2217 3607 2218 3607 2218 3608 2217 3609 2219 3610 2215 3611 2217 3611 2216 3611 2217 3612 2220 3612 2219 3612 2219 3613 2221 3614 2222 3615 2220 3616 2221 3617 2219 3618 2222 3619 2223 3620 2224 3621 2221 3622 2223 3623 2222 3624 2224 3625 2225 3626 2226 3627 2226 3628 2225 3629 2227 3630 2223 3631 2225 3631 2224 3631 2225 3632 2228 3632 2227 3632 2227 3633 2229 3633 2230 3633 2228 3634 2229 3634 2227 3634 2230 3635 2231 3635 2232 3635 2229 3636 2231 3636 2230 3636 2232 3637 2233 3638 2234 3639 2231 3640 2233 3640 2232 3640 2233 3641 2235 3642 2234 3643 2234 3644 2235 3644 2236 3644 2235 3645 2237 3645 2236 3645 2236 3646 2237 3646 2238 3646 2237 3647 2239 3647 2238 3647 2238 3648 2239 3649 2240 3650 2239 3651 2241 3651 2240 3651 2240 3652 2241 3652 2242 3652 2241 3653 2243 3654 2242 3655 2242 3656 2243 3657 2244 3658 2243 3659 2245 3660 2244 3661 2244 3662 2245 3663 2246 3664 2245 3665 2247 3666 2246 3667 2246 3668 2247 3669 2248 3670 2247 3671 2249 3671 2248 3671 2248 3672 2249 3672 2250 3672 2249 3321 2251 3673 2250 3674 2250 3675 2251 3676 2252 3677 2251 3678 2253 3679 2252 3680 2252 3681 2253 3682 2254 3683 2253 3684 2255 3684 2254 3684 2254 3685 2255 3686 2256 3687 2255 3688 2257 3689 2256 3690 2256 3691 2257 3691 2258 3691 2257 3692 2259 3692 2258 3692 2258 3693 2259 3693 2260 3693 2259 3344 2261 3344 2260 3344 2260 3694 2261 3694 2262 3694 2261 3695 2263 3695 2262 3695 2262 3346 2263 3346 2264 3346 2263 3696 2265 3697 2264 3698 2264 3699 2265 3699 2266 3699 2265 3700 2267 3701 2266 3702 2266 3703 2267 3703 2268 3703 2267 3704 2269 3704 2268 3704 2268 3705 2269 3705 2270 3705 2269 3357 2271 3358 2270 3359 2270 3360 2271 3360 2272 3360 2271 3706 2273 3707 2272 3708 2272 3709 2273 3709 2274 3709 2273 3710 2275 3710 2274 3710 2274 3711 2275 3712 2276 3713 2275 3714 2277 3715 2276 3716 2276 3717 2277 3717 2278 3717 2277 3718 2279 3719 2278 3720 2278 3374 2279 3375 2280 3376 2280 3377 2279 3377 541 3377 2279 3721 539 3722 541 3723 537 3724 538 3725 2281 3726 538 3727 2282 3727 2281 3727 2281 3728 2282 3728 2283 3728 2282 3729 2284 3729 2283 3729 2283 3730 2284 3730 2285 3730 2284 3731 2286 3731 2285 3731 2285 3732 2286 3732 2287 3732 2286 3733 2288 3733 2287 3733 2288 3734 2289 3735 2287 3736 2287 3737 2289 3738 2290 3739 2290 3740 2289 3741 2291 3742 2289 3400 2292 3401 2291 3402 2291 3743 2292 3744 2293 3745 2292 3746 2294 3746 2293 3746 2293 3747 2294 3748 2295 3749 2294 3750 2296 3751 2295 3752 2295 3753 2296 3754 2297 3755 2296 3416 2298 3416 2297 3416 2298 3417 2299 3417 2297 3417 2297 3418 2299 3419 2300 3420 2300 3421 2299 3421 2301 3421 2299 3422 2302 3422 2301 3422 2301 3756 2302 3757 2303 3758 2302 3424 2304 3424 2303 3424 2303 3759 2304 3759 2305 3759 2304 3760 2306 3760 2305 3760 2305 3427 2306 3427 2307 3427 2306 3428 2308 3428 2307 3428 2308 3761 2309 3762 2307 3763 2307 3764 2309 3765 2310 3766 2310 3767 2311 3767 2312 3767 2312 3768 2311 3768 2313 3768 2309 3769 2311 3770 2310 3771 2311 3772 2314 3773 2313 3774 2313 3445 2315 3445 2316 3445 2314 3775 2315 3775 2313 3775 2316 3447 2317 3448 2318 3449 2315 3776 2317 3777 2316 3778 2318 3779 2319 3779 2320 3779 2320 3780 2319 3780 2321 3780 2317 3781 2319 3782 2318 3783 2319 3784 2322 3784 2321 3784 2321 3785 2323 3785 2324 3785 2322 3786 2323 3787 2321 3788 2324 3789 2325 3789 2326 3789 2323 3462 2325 3462 2324 3462 2326 3790 2327 3791 2328 3792 2325 3793 2327 3793 2326 3793 2327 3794 2329 3795 2328 3796 2328 3797 2329 3797 2330 3797 2329 3798 2331 3798 2330 3798 2330 3472 2331 3472 2332 3472 2331 3799 2333 3799 2332 3799 2332 3800 2333 3800 2334 3800 2333 3801 2335 3802 2334 3803 2334 3804 2335 3804 2336 3804 2335 3479 2337 3479 2336 3479 2336 3480 2337 3480 2338 3480 2337 3481 2339 3482 2338 3483 2338 3805 2339 3805 2340 3805 2339 3806 2341 3806 2340 3806 2340 3807 2341 3807 2342 3807 2341 3808 2343 3808 2342 3808 2342 3809 2343 3810 2344 3811 2343 3812 2345 3813 2344 3814 2344 3500 2345 3501 2346 3502 2345 3503 2347 3504 2346 3505 2346 3815 2347 3816 2348 3817 2347 3818 2349 3818 2348 3818 2348 3819 2349 3819 2350 3819 2349 3820 2351 3820 2350 3820 2350 3821 2351 3822 2352 3823 2351 3824 2353 3824 2352 3824 2352 3825 2353 3826 2354 3827 2353 3828 2355 3828 2354 3828 2354 3829 2355 3829 2356 3829 2355 3830 2357 3831 2356 3832 2356 3833 2357 3834 2358 3835 2357 3836 2359 3836 2358 3836 2358 3837 2359 3837 2360 3837 2359 3838 2361 3839 2360 3840 2360 3841 2361 3841 2362 3841 2361 3842 2363 3842 2362 3842 2362 3843 2363 3843 2364 3843 2363 3844 2365 3845 2364 3846 2364 3536 2365 3536 2366 3536 2365 3847 2367 3848 2366 3849 2366 3850 2367 3850 2368 3850 2367 3851 2369 3851 2368 3851 2368 3852 2369 3853 2370 3854 2369 3855 2371 3855 2370 3855 2370 3856 2371 3856 2372 3856 2371 3544 2373 3545 2372 3546 2372 3857 2373 3858 2374 3859 2374 3550 2373 3550 443 3550 2373 3860 441 3861 443 3862 2375 3863 2376 3863 2377 3863 2378 3864 2375 3864 2377 3864 2379 3865 2378 3865 2377 3865 2380 3866 2379 3866 2377 3866 2381 3867 2380 3867 2377 3867 2382 3868 2380 3868 2381 3868 2383 3869 365 3869 367 3869 2384 3870 2385 3870 2383 3870 2384 3871 2383 3871 367 3871 2386 3872 2385 3872 2384 3872 2387 3873 2386 3873 2384 3873 2388 3874 2387 3874 2384 3874 2388 3875 2384 3875 2389 3875 2390 3876 2389 3876 2391 3876 2390 3877 2388 3877 2389 3877 2392 3878 2391 3879 2393 3880 2392 3881 2390 3882 2391 3883 2394 3884 2393 3884 2395 3884 2394 3885 2392 3885 2393 3885 2396 3886 2395 3886 2397 3886 2396 3887 2394 3888 2395 3889 2398 3890 2397 3891 2399 3892 2398 3893 2396 3894 2397 3895 2400 3896 2399 3897 2401 3898 2400 3899 2398 3900 2399 3901 2402 3902 2400 3902 2401 3902 2402 3903 2401 3903 2403 3903 2404 3904 2402 3904 2403 3904 2404 3905 2403 3906 2405 3907 2406 3908 2404 3909 2405 3910 2406 3911 2405 3912 2407 3913 2408 3914 2406 3914 2407 3914 2408 3915 2407 3915 2409 3915 2410 3916 2408 3917 2409 3918 2410 3919 2409 3919 2411 3919 2412 3920 2410 3920 2411 3920 2412 3921 2411 3921 2413 3921 2414 3922 2412 3923 2413 3924 2415 3925 2414 3926 2413 3927 2415 3928 2413 3929 2416 3930 2417 3931 2415 3932 2416 3933 2417 3934 2416 3934 2418 3934 2419 3935 2417 3936 2418 3937 2419 3938 2418 3938 2420 3938 2421 3939 2419 3939 2420 3939 2421 3940 2420 3941 2422 3942 2423 3943 2421 3944 2422 3945 2423 3946 2422 3946 2424 3946 2425 3947 2424 3947 2426 3947 2425 3948 2423 3948 2424 3948 2427 3949 2426 3949 2428 3949 2427 3950 2425 3950 2426 3950 2429 3951 2428 3951 2430 3951 2429 3952 2427 3953 2428 3954 2431 3955 2430 3956 2432 3957 2431 3958 2429 3958 2430 3958 2433 3959 2432 3959 2434 3959 2433 3960 2431 3960 2432 3960 2435 3961 2434 3962 2436 3963 2435 3964 2433 3965 2434 3966 2437 3967 2436 3967 2438 3967 2437 3968 2435 3968 2436 3968 2439 3969 2438 3970 2440 3971 2439 3972 2437 3972 2438 3972 2441 3973 2440 3974 2442 3975 2441 3976 2439 3977 2440 3978 2443 3979 2442 3979 2444 3979 2443 3980 2441 3980 2442 3980 2445 3981 2444 3981 2446 3981 2445 3982 2443 3982 2444 3982 2447 3983 2446 3984 2448 3985 2447 3986 2445 3986 2446 3986 2449 3987 2447 3987 2448 3987 2449 3988 2448 3988 2450 3988 2451 3989 2449 3989 2450 3989 2451 3990 2450 3990 2452 3990 2453 3991 2451 3991 2452 3991 2453 3992 2452 3992 2454 3992 2455 3993 2453 3993 2454 3993 2455 3994 2454 3994 2377 3994 2376 3995 2455 3995 2377 3995 439 3996 440 3996 2456 3996 2456 3997 2457 3997 2458 3997 440 3998 2457 3998 2456 3998 2458 3999 2459 3999 2460 3999 2457 4000 2459 4000 2458 4000 2459 4001 2461 4001 2460 4001 2461 4002 2462 4003 2463 4004 2459 4005 2462 4005 2461 4005 2463 4006 2464 4007 2465 4008 2462 4009 2464 4009 2463 4009 2465 4010 2466 4010 2467 4010 2464 4011 2466 4012 2465 4013 2466 4014 2468 4014 2467 4014 2468 4015 2469 4015 2470 4015 2466 4016 2469 4016 2468 4016 2471 4017 2472 4018 2473 4019 2470 4020 2472 4021 2471 4022 2469 4023 2472 4023 2470 4023 2473 4024 2474 4025 2475 4026 2472 4027 2474 4028 2473 4029 2475 4030 2476 4031 2477 4032 2474 4033 2476 4033 2475 4033 2476 4034 2478 4035 2477 4036 2477 4037 2478 4038 2479 4039 2478 4040 2480 4040 2479 4040 2479 4041 2480 4041 2481 4041 2480 4042 2482 4043 2481 4044 2480 4045 2483 4045 2482 4045 2482 4046 2483 4047 2484 4048 2483 4049 2485 4050 2484 4051 2486 4052 2485 4052 2487 4052 2484 4053 2485 4053 2486 4053 2485 4054 2488 4055 2487 4056 2487 4057 2488 4058 2489 4059 2488 4060 2490 4060 2489 4060 2491 4061 2490 4061 2492 4061 2489 4062 2490 4062 2491 4062 2492 4063 2493 4063 2494 4063 2490 4064 2493 4065 2492 4066 2493 4067 2495 4067 2494 4067 2495 4068 2496 4069 2497 4070 2493 4071 2496 4071 2495 4071 2497 4072 2498 4073 2499 4074 2496 4075 2498 4075 2497 4075 2498 4076 2500 4076 2499 4076 2500 4077 2501 4077 2502 4077 2498 4078 2501 4078 2500 4078 2502 4079 2503 4080 2504 4081 2501 4082 2503 4082 2502 4082 2504 4083 382 4083 384 4083 2503 4084 382 4085 2504 4086 2505 4087 381 4087 126 4087 2505 4088 126 4088 2506 4088 2507 4089 2506 4089 2508 4089 2507 4090 2505 4090 2506 4090 2509 4091 2508 4091 2510 4091 2509 4092 2507 4092 2508 4092 2511 4093 2510 4093 2512 4093 2511 4094 2509 4094 2510 4094 2513 4095 2511 4095 2512 4095 2513 4096 2512 4096 2514 4096 2515 4097 2513 4097 2514 4097 2515 4098 2514 4098 2516 4098 2517 4099 2516 4099 2518 4099 2517 4100 2515 4100 2516 4100 2519 4101 2518 4101 2520 4101 2519 4102 2517 4102 2518 4102 2521 4103 2520 4103 2522 4103 2521 4104 2519 4104 2520 4104 2523 4105 2522 4105 2524 4105 2523 4106 2521 4106 2522 4106 2525 4107 2524 4107 2526 4107 2525 4108 2523 4108 2524 4108 2527 4109 2526 4109 2528 4109 2527 4110 2525 4110 2526 4110 2529 4111 2527 4111 2528 4111 2530 4112 2528 4112 2531 4112 2532 4113 2530 4113 2531 4113 2533 4114 2528 4115 2530 4116 2534 4117 2532 4117 2531 4117 2535 4118 2534 4118 2531 4118 2536 4119 2529 4119 2528 4119 2536 4120 2528 4121 2533 4122 2537 4123 2535 4124 2531 4125 2538 4126 2537 4126 2531 4126 2539 4127 2538 4128 2531 4129 2540 4130 2539 4131 2531 4132 2541 4133 2540 4133 2531 4133 2542 4134 2531 4134 2543 4134 2542 4135 2541 4135 2531 4135 2544 4136 2542 4137 2543 4138 2545 4139 2544 4139 2543 4139 2546 4140 2545 4141 2543 4142 2547 4143 2546 4143 2543 4143 2548 4144 2547 4145 2543 4146 2549 4147 2529 4147 2536 4147 2550 4148 2548 4148 2543 4148 2551 4149 2550 4149 2543 4149 2552 4150 2543 4150 2553 4150 2552 4151 2551 4151 2543 4151 2554 4152 2552 4152 2553 4152 2555 4153 2554 4153 2553 4153 2556 4154 2555 4154 2553 4154 2557 4155 2556 4156 2553 4157 2558 4158 2557 4159 2553 4160 2559 4161 2558 4161 2553 4161 2560 4162 2553 4162 2561 4162 2560 4163 2559 4163 2553 4163 2562 4164 2560 4164 2561 4164 2563 4165 2562 4165 2561 4165 2564 4166 2563 4166 2561 4166 2565 4167 2564 4168 2561 4169 2566 4170 2565 4170 2561 4170 2567 4171 2566 4171 2561 4171 2567 4172 2561 4172 2568 4172 2569 4173 2567 4174 2568 4175 2570 4176 2569 4176 2568 4176 2571 4177 2570 4177 2568 4177 2572 4178 2571 4179 2568 4180 2573 4181 2572 4181 2568 4181 2574 4182 2573 4182 2568 4182 2575 4183 2574 4184 2568 4185 2575 4186 2568 4186 2576 4186 2577 4187 2575 4187 2576 4187 2578 4188 2577 4188 2576 4188 2579 4189 2578 4189 2576 4189 2580 4190 2579 4190 2576 4190 2581 4191 2580 4192 2576 4193 2582 4194 2581 4195 2576 4196 2583 4197 2582 4198 2576 4199 2584 4200 2583 4201 2576 4202 2585 4203 2584 4204 2576 4205 2586 4206 2576 4206 2587 4206 2586 4207 2585 4208 2576 4209 2588 4210 2586 4210 2587 4210 2589 4211 2588 4212 2587 4213 2590 4214 2589 4215 2587 4216 2591 4217 2590 4218 2587 4219 2592 4220 2591 4221 2587 4222 2593 4223 2592 4224 2587 4225 2594 4226 2595 4226 2596 4226 2594 4227 2596 4228 2593 4229 2594 4230 2587 4230 2597 4230 2594 4231 2593 4231 2587 4231 2598 4232 2597 4232 2599 4232 2598 4233 2594 4233 2597 4233 2600 4234 2599 4234 2601 4234 2600 4235 2598 4235 2599 4235 2602 4236 2601 4236 2603 4236 2602 4237 2600 4237 2601 4237 2604 4238 2603 4238 2605 4238 2604 4239 2602 4239 2603 4239 2606 4240 2605 4240 2607 4240 2606 4241 2604 4241 2605 4241 2608 4242 2607 4242 2609 4242 2608 4243 2606 4243 2607 4243 2610 4244 2609 4244 2611 4244 2610 4245 2608 4245 2609 4245 2612 4246 2611 4246 2613 4246 2612 4247 2610 4247 2611 4247 2614 4248 2612 4248 2613 4248 2614 4249 2613 4249 2615 4249 2616 4250 2614 4250 2615 4250 2616 4251 2615 4251 2617 4251 2618 4252 2616 4252 2617 4252 2618 4253 2617 4254 2619 4255 2620 4256 2618 4256 2619 4256 2620 4257 2619 4257 2621 4257 2622 4258 2620 4258 2621 4258 2622 4259 2621 4260 2623 4261 2624 4262 2622 4262 2623 4262 2624 4263 2623 4263 2625 4263 2626 4264 2624 4264 2625 4264 2626 4265 2625 4265 2627 4265 2628 4266 2626 4266 2627 4266 2628 4267 2627 4267 2629 4267 2630 4268 2629 4268 2631 4268 2630 4269 2628 4269 2629 4269 2632 4270 2631 4270 2633 4270 2632 4271 2630 4271 2631 4271 2634 4272 2632 4272 2633 4272 2634 4273 2633 4273 2635 4273 2636 4274 2635 4274 2637 4274 2636 4275 2634 4275 2635 4275 2638 4276 2637 4276 2639 4276 2638 4277 2636 4277 2637 4277 2640 4278 2639 4278 2641 4278 2640 4279 2638 4279 2639 4279 2642 4280 2641 4280 2643 4280 2642 4281 2640 4281 2641 4281 2644 4282 2643 4282 2645 4282 2644 4283 2642 4283 2643 4283 2646 4284 2645 4284 2647 4284 2646 4285 2644 4285 2645 4285 2648 4286 2647 4286 2649 4286 2648 4287 2646 4287 2647 4287 2650 4288 2649 4288 2651 4288 2650 4289 2648 4289 2649 4289 2652 4290 2651 4290 2653 4290 2652 4291 2650 4291 2651 4291 2654 4292 2653 4292 2655 4292 2654 4293 2652 4293 2653 4293 2656 4294 2655 4294 2657 4294 2656 4295 2654 4295 2655 4295 2658 4296 2657 4296 2659 4296 2658 4297 2656 4297 2657 4297 2660 4298 2659 4298 2661 4298 2660 4299 2658 4299 2659 4299 2662 4300 2661 4300 2663 4300 2662 4301 2660 4301 2661 4301 2664 4302 2662 4302 2663 4302 2664 4303 2663 4303 2665 4303 2666 4304 2664 4304 2665 4304 2666 4305 2665 4305 2667 4305 2668 4306 2666 4307 2667 4308 2668 4309 2667 4309 2669 4309 2670 4310 2668 4310 2669 4310 2670 4311 2669 4311 2671 4311 2672 4312 2670 4312 2671 4312 2672 4313 2671 4313 2673 4313 2674 4314 2672 4314 2673 4314 2674 4315 2673 4315 2675 4315 2676 4316 2674 4316 2675 4316 2676 4317 2675 4317 2677 4317 2678 4318 2676 4318 2677 4318 2678 4319 2677 4319 2679 4319 2680 4320 2678 4320 2679 4320 2680 4321 2679 4321 2681 4321 2682 4322 2680 4322 2681 4322 2682 4323 2681 4323 0 4323 257 4324 2682 4324 0 4324 2654 4325 2683 4325 2652 4325 2683 4326 2684 4326 2652 4326 2652 4326 2684 4326 2650 4326 2654 4327 2685 4327 2683 4327 2656 4328 2685 4328 2654 4328 2650 4326 2686 4326 2648 4326 2684 4326 2686 4326 2650 4326 2656 4329 2687 4329 2685 4329 2658 4330 2687 4330 2656 4330 2686 4326 2688 4326 2648 4326 2648 4326 2688 4326 2646 4326 2658 4331 2689 4331 2687 4331 2660 4332 2689 4332 2658 4332 2688 4326 2690 4326 2646 4326 2646 4326 2690 4326 2644 4326 2660 4333 2691 4333 2689 4333 2662 4334 2691 4334 2660 4334 2690 4335 2692 4335 2644 4335 2644 4336 2692 4336 2642 4336 2662 4337 2693 4337 2691 4337 2664 4338 2693 4338 2662 4338 2692 4339 2694 4339 2642 4339 2642 4340 2694 4340 2640 4340 2664 4341 2695 4341 2693 4341 2666 4342 2695 4342 2664 4342 2694 4343 2696 4343 2640 4343 2640 4344 2696 4344 2638 4344 2666 4345 2697 4345 2695 4345 2668 4326 2697 4326 2666 4326 2696 4326 2698 4326 2638 4326 2638 4326 2698 4326 2636 4326 2682 4326 2699 4326 2680 4326 2680 4326 2699 4326 2678 4326 2678 4326 2699 4326 2676 4326 2628 4326 2700 4326 2626 4326 2626 4326 2700 4326 2624 4326 2624 4346 2700 4346 2622 4346 2668 4326 2701 4326 2697 4326 2670 4326 2701 4326 2668 4326 2636 4326 2702 4326 2634 4326 2698 4326 2702 4326 2636 4326 2682 4326 257 4326 2699 4326 2670 4326 2703 4326 2701 4326 2672 4326 2703 4326 2670 4326 2634 4326 2704 4326 2632 4326 2702 4326 2704 4326 2634 4326 2700 4347 2620 4347 2622 4347 2705 4326 2706 4326 2707 4326 2703 4326 2708 4326 2705 4326 2699 4326 2708 4326 2676 4326 2672 4326 2708 4326 2703 4326 2676 4326 2708 4326 2674 4326 2674 4326 2708 4326 2672 4326 2632 4326 2709 4326 2630 4326 2710 4326 2709 4326 2711 4326 2630 4326 2709 4326 2628 4326 2712 4326 2709 4326 2710 4326 2711 4348 2709 4349 2704 4350 2628 4326 2709 4326 2700 4326 2704 4326 2709 4326 2632 4326 2705 4351 2713 4352 2706 4353 2714 4326 2715 4326 2712 4326 2709 4326 2716 4326 2717 4326 2705 4354 2718 4355 2713 4356 2713 4357 2718 4358 2719 4359 2715 4326 2720 4326 2712 4326 2708 4326 2721 4326 2705 4326 2722 4326 2721 4326 2708 4326 2723 4326 2721 4326 2722 4326 2705 4360 2721 4361 2718 4362 2712 4326 2724 4326 2709 4326 2709 4363 2724 4364 2716 4365 2720 4326 2724 4326 2712 4326 257 4326 2725 4326 2699 4326 258 4326 2725 4326 256 4326 256 4326 2725 4326 257 4326 2620 4326 2726 4326 2618 4326 2618 4326 2726 4326 2616 4326 2700 4366 2726 4366 2620 4366 258 4326 259 4326 2725 4326 2726 4326 2614 4326 2616 4326 259 4326 260 4326 2725 4326 2726 4326 2612 4326 2614 4326 260 4326 2727 4326 2725 4326 262 4326 2727 4326 261 4326 261 4326 2727 4326 260 4326 2612 4367 2728 4367 2610 4367 2610 4368 2728 4368 2608 4368 2726 4326 2728 4326 2612 4326 2729 4326 2730 4326 2728 4326 2730 4369 2731 4370 2728 4371 2732 4372 2733 4373 2734 4374 2732 4375 2735 4376 2733 4377 2736 4326 2735 4326 2732 4326 2736 4326 2737 4326 2735 4326 2727 4378 2737 4379 2736 4380 2731 4326 2738 4326 2728 4326 2739 4326 2738 4326 2731 4326 2740 4326 2738 4326 2739 4326 2727 4326 2741 4326 2737 4326 2738 4326 2742 4326 2728 4326 2743 4326 2742 4326 2738 4326 2741 4326 2744 4326 2745 4326 2727 4381 2744 4382 2741 4383 2742 4384 2746 4385 2728 4386 262 4326 2747 4326 2727 4326 2727 4326 2747 4326 2744 4326 263 4326 2747 4326 262 4326 2728 4387 2748 4387 2608 4387 2746 4388 2748 4389 2728 4390 264 4326 2749 4326 263 4326 263 4326 2749 4326 2747 4326 2608 4326 2750 4326 2606 4326 2748 4391 2750 4391 2608 4391 264 4392 2751 4392 2749 4392 265 4393 2751 4393 264 4393 2606 4326 2752 4326 2604 4326 2750 4326 2752 4326 2606 4326 266 4394 2753 4394 265 4394 265 4395 2753 4395 2751 4395 2604 4326 2754 4326 2602 4326 2752 4326 2754 4326 2604 4326 267 4396 2755 4396 266 4396 266 4397 2755 4397 2753 4397 2602 4326 2756 4326 2600 4326 2754 4326 2756 4326 2602 4326 268 4398 2757 4398 267 4398 267 4399 2757 4399 2755 4399 2600 4326 2758 4326 2598 4326 2756 4326 2758 4326 2600 4326 268 4400 2759 4400 2757 4400 269 4401 2759 4401 268 4401 2598 4402 2760 4402 2594 4402 2758 4326 2760 4326 2598 4326 269 4403 2761 4403 2759 4403 269 4404 287 4404 2761 4404 2760 4405 2762 4405 2594 4405 2762 4406 2595 4406 2594 4406 2381 4407 2763 4407 2764 4407 2765 4326 2529 4326 2549 4326 2766 4326 2529 4326 2765 4326 2381 4408 2767 4408 2763 4408 2766 4409 2527 4409 2529 4409 2768 4410 2527 4410 2766 4410 2381 4411 2769 4411 2767 4411 2381 4412 2770 4412 2769 4412 2768 4413 2525 4413 2527 4413 2771 4414 2525 4414 2768 4414 2381 4415 2772 4415 2770 4415 2771 4416 2523 4416 2525 4416 2773 4417 2523 4417 2771 4417 2381 4418 2774 4418 2772 4418 2775 4419 2521 4419 2773 4419 2773 4420 2521 4420 2523 4420 2776 4421 2519 4421 2775 4421 2775 4422 2519 4422 2521 4422 2777 4326 2778 4326 2779 4326 2780 4423 2781 4424 2782 4425 2783 4326 2781 4326 2780 4326 2783 4326 2784 4326 2781 4326 2783 4326 2785 4326 2784 4326 2786 4426 2787 4427 2778 4428 2788 4429 2787 4430 2786 4431 2778 4432 2787 4433 2779 4434 2785 4326 2789 4326 2790 4326 2791 4326 2792 4326 2787 4326 2785 4435 2793 4436 2789 4437 2787 4438 2794 4439 2779 4440 2792 4326 2794 4326 2787 4326 2795 4326 2796 4326 2783 4326 2783 4326 2796 4326 2785 4326 2785 4441 2796 4442 2793 4443 2779 4326 2797 4326 2798 4326 2794 4326 2797 4326 2779 4326 2798 4444 2517 4444 2776 4444 2776 4445 2517 4445 2519 4445 2798 4446 2515 4446 2517 4446 2797 4447 2515 4447 2798 4447 2797 4448 2513 4448 2515 4448 2797 4449 2511 4449 2513 4449 2381 4450 2799 4450 2774 4450 2774 4326 2799 4326 2795 4326 2795 4326 2799 4326 2796 4326 2797 4451 2800 4451 2511 4451 2511 4326 2800 4326 2509 4326 2800 4326 2507 4326 2509 4326 2800 4326 2505 4326 2507 4326 2801 4326 2802 4326 2803 4326 2804 4326 2805 4326 2806 4326 2801 4326 2807 4326 2802 4326 2808 4326 2807 4326 2801 4326 2808 4326 2809 4326 2807 4326 2810 4326 2809 4326 2808 4326 2811 4452 2812 4453 2804 4454 2813 4455 2812 4456 2811 4457 2814 4458 2812 4459 2813 4460 2804 4461 2812 4462 2805 4463 2809 4326 2815 4326 2807 4326 2807 4464 2815 4465 2816 4466 2809 4467 2817 4468 2815 4469 2818 4326 2819 4326 2814 4326 2820 4326 2819 4326 2818 4326 2814 4326 2819 4326 2812 4326 2809 4470 2821 4470 2817 4470 2819 4326 2822 4326 2812 4326 2800 4326 381 4326 2505 4326 2809 4471 2823 4471 2821 4471 2821 4472 2823 4472 2824 4472 2800 4326 2825 4326 381 4326 2825 4326 380 4326 381 4326 2799 4473 395 4473 397 4473 2799 4474 393 4474 395 4474 397 4475 399 4475 2799 4475 399 4476 401 4476 2799 4476 2799 4477 391 4477 393 4477 401 4478 403 4478 2799 4478 2799 4479 389 4479 391 4479 403 4480 405 4480 2799 4480 2799 4481 388 4481 389 4481 405 4482 406 4482 2799 4482 2799 4483 386 4483 388 4483 406 4484 408 4484 2799 4484 408 4485 410 4485 2799 4485 2799 4486 410 4486 2823 4486 410 4326 412 4326 2823 4326 412 4326 413 4326 2823 4326 2825 4326 379 4326 380 4326 413 4326 415 4326 2823 4326 415 4326 417 4326 2823 4326 417 4326 419 4326 2823 4326 386 4487 2377 4487 383 4487 383 4488 2377 4489 384 4490 384 4491 2377 4492 2504 4493 2504 4494 2377 4494 2502 4494 2502 4495 2377 4495 2500 4495 2500 4496 2377 4497 2499 4498 2499 4499 2377 4499 2497 4499 2381 4500 2377 4500 2799 4500 2799 4501 2377 4501 386 4501 419 4326 420 4326 2823 4326 2377 4502 2495 4502 2497 4502 2377 4503 2494 4503 2495 4503 420 4326 422 4326 2823 4326 2377 4504 2454 4504 2494 4504 2454 4505 2492 4505 2494 4505 422 4326 424 4326 2823 4326 2825 4326 378 4326 379 4326 424 4326 426 4326 2823 4326 426 4326 428 4326 2823 4326 2454 4506 2452 4506 2492 4506 428 4326 431 4326 2823 4326 431 4326 433 4326 2823 4326 2492 4507 2450 4507 2491 4507 2452 4508 2450 4508 2492 4508 433 4326 435 4326 2823 4326 2812 4509 377 4509 2825 4509 2825 4326 377 4326 378 4326 2450 4510 2448 4510 2491 4510 2491 4511 2446 4511 2489 4511 2448 4512 2446 4512 2491 4512 2446 4513 2444 4513 2489 4513 2812 4514 376 4514 377 4514 2444 4515 2442 4515 2489 4515 2489 4516 2442 4516 2487 4516 2442 4517 2440 4517 2487 4517 2812 4518 375 4518 376 4518 2822 4519 375 4519 2812 4519 2440 4520 2438 4520 2487 4520 2487 4521 2438 4521 2486 4521 2438 4522 2436 4522 2486 4522 2826 4523 374 4523 2822 4523 2822 4524 374 4524 375 4524 2436 4525 2434 4525 2486 4525 2434 4326 2432 4326 2486 4326 2486 4326 2432 4326 2484 4326 2827 4526 373 4526 2826 4526 2826 4527 373 4527 374 4527 2432 4326 2430 4326 2484 4326 2430 4326 2428 4326 2484 4326 2484 4326 2428 4326 2482 4326 2828 4528 372 4528 2827 4528 2827 4529 372 4529 373 4529 2428 4326 2426 4326 2482 4326 2482 4326 2424 4326 2481 4326 2426 4326 2424 4326 2482 4326 2829 4530 371 4530 2828 4530 2828 4531 371 4531 372 4531 2424 4326 2422 4326 2481 4326 2830 4532 370 4532 2829 4532 2829 4533 370 4533 371 4533 2481 4326 2420 4326 2479 4326 2422 4326 2420 4326 2481 4326 2420 4326 2418 4326 2479 4326 2831 4534 369 4534 2830 4534 2830 4535 369 4535 370 4535 2479 4326 2416 4326 2477 4326 2418 4326 2416 4326 2479 4326 2832 4326 368 4326 2831 4326 2831 4536 368 4536 369 4536 2416 4326 2413 4326 2477 4326 2833 4326 366 4326 2832 4326 2832 4326 366 4326 368 4326 2413 4326 2411 4326 2477 4326 2477 4326 2411 4326 2475 4326 2834 4537 367 4537 2835 4537 2835 4538 367 4538 2836 4538 2836 4539 367 4539 2837 4539 2837 4540 367 4540 2838 4540 2838 4541 367 4541 2839 4541 2839 4542 367 4543 2840 4544 2840 4326 367 4326 2841 4326 2841 4326 367 4326 2833 4326 2833 4326 367 4326 366 4326 2411 4326 2409 4326 2475 4326 2409 4326 2407 4326 2475 4326 2475 4326 2405 4326 2473 4326 2407 4326 2405 4326 2475 4326 2405 4326 2403 4326 2473 4326 2473 4326 2401 4326 2471 4326 2403 4326 2401 4326 2473 4326 2401 4326 2399 4326 2471 4326 2399 4326 2397 4326 2471 4326 2471 4326 2397 4326 2470 4326 2397 4326 2395 4326 2470 4326 2395 4326 2393 4326 2470 4326 2470 4545 2393 4546 2468 4547 2393 4326 2391 4326 2468 4326 2823 4548 2384 4548 2824 4548 2467 4326 2384 4326 2465 4326 435 4326 2384 4326 2823 4326 2465 4326 2384 4326 2463 4326 2463 4326 2384 4326 2461 4326 2461 4326 2384 4326 2460 4326 2460 4326 2384 4326 2458 4326 2458 4549 2384 4550 2456 4551 2456 4326 2384 4326 439 4326 439 4326 2384 4326 437 4326 437 4552 2384 4553 435 4554 2834 4555 2384 4555 367 4555 2824 4556 2384 4556 2842 4556 2842 4557 2384 4557 2834 4557 2391 4326 2389 4326 2468 4326 2467 4326 2389 4326 2384 4326 2468 4326 2389 4326 2467 4326 957 4558 2843 4558 2844 4558 957 4559 955 4560 2843 4561 953 4562 2843 4562 955 4562 1051 4562 2845 4562 1053 4562 1055 4563 2845 4563 2846 4563 1055 4564 1053 4564 2845 4564 959 4562 957 4562 2844 4562 951 4565 2843 4566 953 4567 1049 4562 2845 4562 1051 4562 1057 4562 1055 4562 2846 4562 961 4562 959 4562 2844 4562 949 4568 2843 4568 951 4568 1047 4562 2845 4562 1049 4562 1059 4569 1057 4569 2846 4569 963 4570 961 4571 2844 4572 947 4562 2847 4562 2843 4562 947 4562 2843 4562 949 4562 1061 4573 1059 4574 2846 4575 1046 4576 2848 4576 2845 4576 1046 4577 2845 4578 1047 4579 965 4580 963 4580 2844 4580 945 4581 2847 4582 947 4583 1043 4562 2848 4562 1046 4562 1063 4562 1061 4562 2846 4562 968 4584 2844 4584 2849 4584 968 4585 965 4585 2844 4585 943 4562 2847 4562 945 4562 1041 4562 2848 4562 1043 4562 1066 4586 2846 4586 2850 4586 1066 4587 1063 4588 2846 4589 941 4590 2847 4591 943 4592 969 4562 968 4562 2849 4562 1068 4593 1066 4593 2850 4593 1039 4562 2848 4562 1041 4562 939 4594 2847 4595 941 4596 939 4562 2851 4562 2847 4562 971 4597 969 4597 2849 4597 1037 4598 2848 4598 1039 4598 1069 4562 1068 4562 2850 4562 937 4562 2851 4562 939 4562 974 4562 971 4562 2849 4562 1035 4599 1 4599 2848 4599 1035 4600 2848 4601 1037 4602 1072 4562 1069 4562 2850 4562 976 4562 974 4562 2849 4562 936 4603 2851 4603 937 4603 1033 4562 1 4562 1035 4562 1074 4604 2850 4604 2852 4604 1074 4605 1072 4605 2850 4605 977 4606 976 4606 2849 4606 934 4607 2853 4607 2851 4607 934 4608 2851 4608 936 4608 1030 4562 1 4562 1033 4562 1076 4609 1074 4609 2852 4609 932 4610 2853 4611 934 4612 980 4562 2849 4562 2854 4562 980 4613 977 4613 2849 4613 1029 4614 1 4614 1030 4614 1078 4562 1076 4562 2852 4562 1903 4615 2853 4616 932 4617 982 4562 980 4562 2854 4562 1809 4618 1 4618 1029 4618 1080 4619 2852 4619 2855 4619 1080 4562 1078 4562 2852 4562 984 4620 982 4620 2854 4620 1901 4621 2856 4621 2853 4621 1901 4562 2853 4562 1903 4562 1807 4562 1 4562 1809 4562 1081 4562 1080 4562 2855 4562 1899 4622 2856 4622 1901 4622 986 4562 984 4562 2854 4562 1805 4562 1 4562 1807 4562 1805 4623 2 4623 1 4623 1084 4562 2855 4562 2857 4562 1084 4624 1081 4625 2855 4626 988 4562 986 4562 2854 4562 1897 4562 2856 4562 1899 4562 1803 4627 2 4628 1805 4629 1085 4562 1084 4562 2857 4562 989 4562 988 4562 2854 4562 1801 4562 2 4562 1803 4562 992 4630 989 4630 2854 4630 992 4631 2854 4631 2858 4631 1799 4562 2 4562 1801 4562 994 4632 992 4632 2858 4632 1797 4633 2 4633 1799 4633 995 4562 994 4562 2858 4562 1795 4634 4 4634 2 4634 1795 4562 2 4562 1797 4562 158 4635 2859 4635 2860 4635 158 4636 2860 4636 2861 4636 158 4637 2861 4637 160 4637 162 4638 2861 4638 2862 4638 162 4639 160 4639 2861 4639 156 4640 2859 4640 158 4640 164 4641 2862 4641 2863 4641 164 4642 2863 4642 2864 4642 164 4643 162 4643 2862 4643 998 4562 995 4562 2858 4562 1793 4644 4 4644 1795 4644 154 4645 2859 4645 156 4645 154 4646 2865 4646 2859 4646 166 4647 164 4647 2864 4647 152 4648 2866 4648 2867 4648 152 4649 2867 4649 2865 4649 152 4650 2865 4650 154 4650 1000 4651 998 4651 2858 4651 1791 4562 4 4562 1793 4562 168 4652 2864 4652 2868 4652 168 4653 166 4653 2864 4653 1002 4562 2858 4562 2869 4562 1002 4562 1000 4562 2858 4562 1789 4654 4 4655 1791 4656 151 4657 2870 4657 2866 4657 151 4658 2866 4658 152 4658 171 4659 2868 4659 2871 4659 171 4660 168 4660 2868 4660 1004 4661 1002 4662 2869 4663 1787 4562 4 4562 1789 4562 149 4664 2870 4664 151 4664 1006 4665 1004 4665 2869 4665 1785 4666 6 4666 4 4666 1785 4667 4 4667 1787 4667 172 4668 2871 4668 2872 4668 172 4669 171 4669 2871 4669 1007 4670 1006 4670 2869 4670 1783 4562 6 4562 1785 4562 146 4671 2873 4671 2870 4671 146 4672 2870 4672 149 4672 1010 4673 1007 4673 2869 4673 1781 4674 6 4674 1783 4674 175 4675 2872 4675 2874 4675 175 4676 172 4676 2872 4676 1012 4677 2869 4677 2875 4677 1012 4678 1010 4679 2869 4680 1779 4681 6 4682 1781 4683 144 4684 2876 4684 2873 4684 144 4685 2873 4685 146 4685 1014 4562 1012 4562 2875 4562 1777 4562 6 4562 1779 4562 176 4686 2874 4686 2877 4686 176 4687 175 4687 2874 4687 1016 4562 1014 4562 2875 4562 1775 4688 6 4689 1777 4690 142 4691 2857 4691 2876 4691 142 4692 2876 4692 144 4692 142 4693 1085 4693 2857 4693 142 4694 1088 4694 1085 4694 8 4562 6 4562 1775 4562 1018 4695 1016 4696 2875 4697 1774 4698 8 4698 1775 4698 1020 4699 1018 4700 2875 4701 1771 4562 8 4562 1774 4562 178 4702 2877 4702 2856 4702 178 4562 2856 4562 1897 4562 178 4703 1895 4703 1893 4703 178 4704 1897 4705 1895 4706 178 4562 176 4562 2877 4562 1769 4562 8 4562 1771 4562 140 4707 1088 4707 142 4707 140 4708 1090 4708 1088 4708 140 4709 1092 4710 1090 4711 1767 4712 8 4712 1769 4712 180 4562 178 4562 1893 4562 180 4713 1891 4713 1889 4713 180 4714 1893 4714 1891 4714 2878 4715 1020 4715 2875 4715 2878 4716 1022 4716 1020 4716 2878 4717 1024 4717 1022 4717 2878 4718 1026 4719 1024 4720 138 4721 1092 4721 140 4721 138 4722 1094 4723 1092 4724 138 4725 1095 4725 1094 4725 138 4726 1097 4726 1095 4726 182 4562 180 4562 1889 4562 182 4727 1885 4727 1883 4727 182 4728 1887 4728 1885 4728 182 4729 1889 4729 1887 4729 10 4730 8 4730 1767 4730 10 4731 1763 4731 1761 4731 10 4732 1765 4732 1763 4732 10 4733 1767 4733 1765 4733 136 4734 1097 4734 138 4734 136 4735 1100 4735 1097 4735 136 4736 1102 4736 1100 4736 136 4737 1104 4737 1102 4737 184 4738 1879 4738 1877 4738 184 4739 1881 4739 1879 4739 184 4740 1883 4740 1881 4740 184 4562 182 4562 1883 4562 134 4741 1106 4741 1104 4741 134 4742 1107 4743 1106 4744 134 4745 1110 4746 1107 4747 134 4748 1104 4748 136 4748 2879 4749 1027 4749 1026 4749 2879 4750 1812 4750 1027 4750 2879 4751 1814 4751 1812 4751 2879 4752 1026 4752 2878 4752 186 4562 184 4562 1877 4562 186 4753 1873 4753 1871 4753 186 4754 1875 4755 1873 4756 186 4562 1877 4562 1875 4562 132 4757 1112 4757 1110 4757 132 4758 1114 4758 1112 4758 132 4759 1115 4759 1114 4759 132 4562 1110 4562 134 4562 12 4562 10 4562 1761 4562 12 4760 1759 4760 1757 4760 12 4562 1761 4562 1759 4562 188 4562 1865 4562 1863 4562 188 4562 1867 4562 1865 4562 188 4761 1869 4761 1867 4761 188 4562 1871 4562 1869 4562 188 4762 186 4762 1871 4762 129 4763 1118 4763 1115 4763 129 4764 1120 4764 1118 4764 129 4765 1122 4765 1120 4765 129 4562 1115 4562 132 4562 2880 4766 1814 4766 2879 4766 2880 4767 1816 4767 1814 4767 2880 4768 1818 4769 1816 4770 191 4562 1859 4562 1857 4562 191 4771 1861 4771 1859 4771 191 4772 1863 4772 1861 4772 191 4562 188 4562 1863 4562 128 4773 1124 4774 1122 4775 128 4776 1126 4776 1124 4776 128 4777 1718 4777 1126 4777 128 4778 1720 4779 1718 4780 128 4781 1122 4781 129 4781 14 4562 12 4562 1757 4562 14 4782 1757 4782 1755 4782 192 4783 1853 4783 1851 4783 192 4562 1855 4562 1853 4562 192 4784 1857 4784 1855 4784 192 4562 191 4562 1857 4562 2881 4785 1722 4785 1720 4785 2881 4786 1724 4786 1722 4786 2881 4787 1726 4787 1724 4787 2881 4788 1720 4788 128 4788 195 4562 1846 4562 1844 4562 195 4789 192 4789 1851 4789 195 4790 1847 4790 1846 4790 195 4791 1849 4791 1847 4791 195 4792 1851 4792 1849 4792 2882 4793 1727 4793 1726 4793 2882 4794 1730 4794 1727 4794 2882 4795 1731 4795 1730 4795 2882 4562 1726 4562 2881 4562 196 4796 1840 4796 1838 4796 196 4797 1842 4797 1840 4797 196 4798 1844 4798 1842 4798 196 4799 195 4799 1844 4799 2883 4800 1734 4801 1731 4802 2883 4803 1736 4804 1734 4805 2883 4806 1737 4806 1736 4806 2883 4562 1731 4562 2882 4562 199 4807 1833 4807 1832 4807 199 4808 1836 4809 1833 4810 199 4811 1838 4811 1836 4811 199 4562 196 4562 1838 4562 2884 4812 1737 4812 2883 4812 2884 4813 1740 4813 1737 4813 2884 4814 1742 4814 1740 4814 2884 4815 1744 4815 1742 4815 200 4816 1828 4816 1826 4816 200 4817 1830 4817 1828 4817 200 4818 1832 4818 1830 4818 200 4562 199 4562 1832 4562 2885 4819 1745 4819 1744 4819 2885 4820 1748 4820 1745 4820 2885 4821 1749 4822 1748 4823 2885 4824 1744 4824 2884 4824 202 4825 1824 4825 1822 4825 202 4826 1826 4826 1824 4826 202 4562 200 4562 1826 4562 2886 4827 1751 4828 1749 4829 2886 4830 1753 4830 1751 4830 2886 4831 1749 4831 2885 4831 205 4832 1820 4833 1818 4834 205 4835 1822 4835 1820 4835 205 4836 1818 4836 2880 4836 205 4837 202 4837 1822 4837 2887 4838 1753 4838 2886 4838 2887 4839 1755 4839 1753 4839 2887 4840 14 4840 1755 4840 206 4841 2880 4841 2888 4841 206 4842 205 4842 2880 4842 2889 4843 16 4843 14 4843 2889 4844 14 4844 2887 4844 209 4845 2888 4845 2890 4845 209 4846 206 4846 2888 4846 2891 4847 18 4847 16 4847 2891 4848 16 4848 2889 4848 210 4849 2890 4849 2892 4849 210 4850 209 4850 2890 4850 2893 4851 20 4851 18 4851 2893 4852 18 4852 2891 4852 213 4562 210 4562 2892 4562 213 4853 2892 4853 2894 4853 2895 4854 22 4854 20 4854 2895 4855 20 4855 2893 4855 214 4562 213 4562 2894 4562 214 4856 2894 4856 2896 4856 2897 4857 22 4857 2895 4857 2897 4858 26 4858 24 4858 2897 4859 24 4859 22 4859 216 4860 2896 4860 2898 4860 216 4861 2898 4861 2899 4861 216 4862 214 4862 2896 4862 2900 4863 28 4863 26 4863 2900 4864 26 4864 2897 4864 218 4865 216 4865 2899 4865 2901 4562 28 4562 2900 4562 220 4866 218 4866 2899 4866 220 4867 2899 4867 2902 4867 2903 4868 30 4868 28 4868 2903 4869 28 4869 2901 4869 222 4870 2902 4870 2904 4870 222 4871 220 4871 2902 4871 32 4872 30 4872 2903 4872 32 4873 2903 4873 2905 4873 2906 4874 222 4874 2904 4874 2906 4875 224 4875 222 4875 226 4876 224 4876 2906 4876 34 4877 2905 4877 2907 4877 34 4878 32 4878 2905 4878 2908 4879 34 4879 2907 4879 2909 4880 226 4880 2906 4880 2909 4881 229 4881 226 4881 36 4882 34 4882 2908 4882 2910 4883 229 4883 2909 4883 38 4884 2908 4884 2911 4884 38 4885 36 4885 2908 4885 2912 4886 230 4886 229 4886 2912 4887 233 4887 230 4887 2912 4888 229 4888 2910 4888 40 4889 2911 4889 2913 4889 40 4890 38 4890 2911 4890 2914 4891 233 4891 2912 4891 42 4892 40 4892 2913 4892 42 4893 2913 4893 2915 4893 2916 4894 234 4894 233 4894 2916 4895 233 4895 2914 4895 44 4896 42 4896 2915 4896 44 4562 2915 4562 2917 4562 2918 4897 234 4897 2916 4897 2918 4898 236 4898 234 4898 46 4562 44 4562 2917 4562 46 4899 2917 4899 2919 4899 2920 4900 238 4900 236 4900 2920 4901 236 4901 2918 4901 48 4562 46 4562 2919 4562 48 4902 2919 4902 2921 4902 2922 4903 240 4903 238 4903 2922 4904 238 4904 2920 4904 50 4905 2921 4905 2923 4905 50 4562 48 4562 2921 4562 859 4562 857 4562 246 4562 855 4906 248 4906 246 4906 855 4907 246 4907 857 4907 1153 4908 1151 4908 2924 4908 1149 4909 2925 4909 2924 4909 1149 4910 2924 4910 1151 4910 853 4562 248 4562 855 4562 861 4911 246 4911 244 4911 861 4912 859 4912 246 4912 1155 4913 2924 4913 2926 4913 1155 4914 1153 4914 2924 4914 1147 4915 2925 4916 1149 4917 863 4918 861 4919 244 4920 851 4562 248 4562 853 4562 1157 4921 1155 4921 2926 4921 1145 4922 2925 4922 1147 4922 865 4562 863 4562 244 4562 850 4923 250 4923 248 4923 850 4562 248 4562 851 4562 1143 4562 2925 4562 1145 4562 1143 4924 2927 4924 2925 4924 1159 4925 1157 4925 2926 4925 867 4926 244 4926 242 4926 867 4927 865 4927 244 4927 847 4928 250 4929 850 4930 1161 4931 1159 4931 2926 4931 1161 4932 2926 4932 2928 4932 1141 4933 2927 4934 1143 4935 870 4562 867 4562 242 4562 845 4936 250 4936 847 4936 1164 4562 1161 4562 2928 4562 1139 4562 2927 4562 1141 4562 1139 4562 2923 4562 2927 4562 872 4937 242 4937 240 4937 872 4938 870 4938 242 4938 843 4939 250 4940 845 4941 843 4942 253 4942 250 4942 1165 4562 1164 4562 2928 4562 1137 4562 2923 4562 1139 4562 873 4562 872 4562 240 4562 873 4943 240 4943 2922 4943 841 4562 253 4562 843 4562 1167 4562 1165 4562 2928 4562 1135 4944 50 4944 2923 4944 1135 4945 2923 4946 1137 4947 876 4948 873 4948 2922 4948 876 4949 2922 4949 2929 4949 839 4562 253 4562 841 4562 1170 4562 2928 4562 2930 4562 1170 4562 1167 4562 2928 4562 1133 4562 50 4562 1135 4562 878 4950 876 4950 2929 4950 837 4951 253 4951 839 4951 837 4952 254 4952 253 4952 1172 4953 1170 4953 2930 4953 1132 4954 52 4954 50 4954 1132 4955 50 4955 1133 4955 880 4956 2929 4956 2931 4956 880 4957 878 4957 2929 4957 834 4958 254 4958 837 4958 1173 4959 1172 4959 2930 4959 1130 4562 52 4562 1132 4562 882 4960 880 4960 2931 4960 833 4961 254 4962 834 4963 1128 4964 52 4965 1130 4966 1176 4562 1173 4562 2930 4562 1176 4562 2930 4562 2932 4562 884 4967 882 4967 2931 4967 1997 4968 254 4969 833 4970 1178 4971 1176 4971 2932 4971 1715 4972 52 4973 1128 4974 1715 4975 54 4975 52 4975 885 4976 884 4976 2931 4976 1995 4977 2933 4977 254 4977 1995 4978 254 4978 1997 4978 1180 4562 1178 4562 2932 4562 1713 4979 54 4979 1715 4979 1993 4980 2933 4980 1995 4980 1182 4562 2932 4562 2934 4562 1182 4981 1180 4981 2932 4981 1711 4982 54 4982 1713 4982 1991 4562 2933 4562 1993 4562 1709 4562 54 4562 1711 4562 1184 4983 1182 4983 2934 4983 1989 4984 2935 4984 2933 4984 1989 4562 2933 4562 1991 4562 1185 4985 1184 4985 2934 4985 2936 4986 889 4986 888 4986 2936 4987 892 4987 889 4987 2936 4988 885 4988 2931 4988 2936 4989 888 4989 885 4989 1987 4990 2935 4991 1989 4992 894 4993 892 4994 2936 4995 1188 4996 1185 4996 2934 4996 1985 4997 2935 4997 1987 4997 1190 4998 2934 4998 2937 4998 1190 4562 1188 4562 2934 4562 1983 4999 2938 4999 2935 4999 1983 5000 2935 5000 1985 5000 1191 5001 1190 5001 2937 5001 1981 4562 2938 4562 1983 4562 1194 4562 1191 4562 2937 4562 56 4562 54 4562 1709 4562 56 5002 1703 5003 1701 5004 56 5005 1705 5005 1703 5005 56 5006 1707 5006 1705 5006 56 5007 1709 5007 1707 5007 1979 4562 2938 4562 1981 4562 1196 4562 1194 4562 2937 4562 1196 4562 2937 4562 2939 4562 1977 5008 2940 5008 2938 5008 1977 4562 2938 4562 1979 4562 1198 5009 1196 5009 2939 5009 1975 5010 2940 5010 1977 5010 1200 4562 1198 4562 2939 4562 2941 5011 896 5011 894 5011 2941 5012 898 5012 896 5012 2941 5013 899 5014 898 5015 2941 5016 901 5016 899 5016 2941 5017 904 5017 901 5017 2941 4562 894 4562 2936 4562 1973 4562 2940 4562 1975 4562 1202 4562 2939 4562 2942 4562 1202 4562 1200 4562 2939 4562 1971 5018 2943 5018 2940 5018 1971 5019 2940 5019 1973 5019 1203 4562 1202 4562 2942 4562 1969 5020 2943 5021 1971 5022 1206 4562 1203 4562 2942 4562 1967 4562 2943 4562 1969 4562 1208 5023 2942 5023 2944 5023 1208 4562 1206 4562 2942 4562 59 4562 56 4562 1701 4562 59 5024 1693 5024 1691 5024 59 5025 1695 5025 1693 5025 59 5026 1697 5027 1695 5028 59 5029 1699 5029 1697 5029 59 5030 1701 5030 1699 5030 1965 5031 2945 5031 2943 5031 1965 5032 2943 5032 1967 5032 1210 4562 1208 4562 2944 4562 1963 4562 2945 4562 1965 4562 1212 5033 1210 5033 2944 5033 1212 5034 2944 5034 2946 5034 1961 5035 2947 5035 2945 5035 1961 5036 2945 5036 1963 5036 1214 5037 1212 5037 2946 5037 1959 4562 2947 4562 1961 4562 1216 5038 1214 5039 2946 5040 2948 5041 906 5042 904 5043 2948 5044 908 5044 906 5044 2948 5045 910 5046 908 5047 2948 5048 911 5048 910 5048 2948 5049 914 5049 911 5049 2948 5050 904 5050 2941 5050 60 5051 59 5051 1691 5051 60 5052 1683 5052 1681 5052 60 5053 1685 5053 1683 5053 60 5054 1687 5054 1685 5054 60 5055 1689 5055 1687 5055 60 5056 1691 5056 1689 5056 2949 5057 916 5057 914 5057 2949 5058 918 5058 916 5058 2949 5059 919 5059 918 5059 2949 5060 922 5060 919 5060 2949 5061 924 5062 922 5063 2949 4562 914 4562 2948 4562 63 5064 1671 5064 1669 5064 63 5065 1673 5065 1671 5065 63 5066 60 5066 1681 5066 63 4562 1675 4562 1673 4562 63 4562 1677 4562 1675 4562 63 4562 1679 4562 1677 4562 63 4562 1681 4562 1679 4562 127 5067 926 5067 924 5067 127 5068 928 5068 926 5068 127 5069 930 5069 928 5069 127 5070 1906 5071 930 5072 127 5073 1908 5073 1906 5073 127 5074 1910 5074 1908 5074 127 4562 924 4562 2949 4562 64 4562 1659 4562 1658 4562 64 4562 1661 4562 1659 4562 64 4562 1663 4562 1661 4562 64 5075 1665 5075 1663 5075 64 5076 1667 5076 1665 5076 64 5077 1669 5077 1667 5077 64 5078 63 5078 1669 5078 124 5079 1912 5080 1910 5081 124 5082 1914 5082 1912 5082 124 5083 1916 5083 1914 5083 124 5084 1918 5084 1916 5084 124 5085 1920 5085 1918 5085 124 4562 1910 4562 127 4562 66 5086 64 5086 1658 5086 66 5087 1650 5087 1648 5087 66 5088 1652 5088 1650 5088 66 5089 1654 5089 1652 5089 66 5090 1656 5090 1654 5090 66 5091 1658 5091 1656 5091 123 4562 1920 4562 124 4562 123 5092 1922 5092 1920 5092 123 5093 1924 5093 1922 5093 123 5094 1926 5095 1924 5096 123 5097 1927 5097 1926 5097 123 5098 1930 5099 1927 5100 68 5101 1640 5101 1638 5101 68 5102 1642 5102 1640 5102 68 5103 1644 5103 1642 5103 68 5104 1645 5105 1644 5106 68 5107 1648 5107 1645 5107 68 4562 66 4562 1648 4562 120 5108 1930 5108 123 5108 120 5109 1932 5109 1930 5109 120 5110 1934 5110 1932 5110 120 5111 1936 5111 1934 5111 120 5112 1938 5112 1936 5112 120 5113 1940 5113 1938 5113 70 5114 1632 5114 1630 5114 70 5115 1634 5115 1632 5115 70 5116 68 5116 1638 5116 70 5117 1636 5117 1634 5117 70 5118 1638 5118 1636 5118 118 5119 1941 5120 1940 5121 118 5122 1943 5122 1941 5122 118 5123 1945 5123 1943 5123 118 5124 1947 5124 1945 5124 118 4562 1940 4562 120 4562 73 5125 1626 5126 1624 5127 73 5128 1628 5128 1626 5128 73 5129 1630 5129 1628 5129 73 5130 70 5130 1630 5130 117 5131 1949 5131 1947 5131 117 5132 1951 5132 1949 5132 117 5133 1953 5133 1951 5133 117 5134 1947 5134 118 5134 75 5135 1222 5136 1220 5137 75 5138 1223 5138 1222 5138 75 5139 1624 5139 1223 5139 75 5140 73 5140 1624 5140 114 5141 1955 5141 1953 5141 114 5142 1957 5142 1955 5142 114 5143 1953 5143 117 5143 77 5144 1218 5145 1216 5146 77 5147 1220 5147 1218 5147 77 5148 75 5148 1220 5148 77 5149 1216 5149 2946 5149 113 5150 1959 5150 1957 5150 113 5151 1957 5151 114 5151 113 5152 2947 5152 1959 5152 78 5153 77 5153 2946 5153 78 5154 2946 5154 2950 5154 110 5155 2951 5155 2947 5155 110 5156 2947 5156 113 5156 80 5157 2952 5157 2953 5157 80 5158 2950 5158 2952 5158 80 5159 78 5159 2950 5159 109 5160 2954 5160 2951 5160 109 5161 2951 5161 110 5161 82 5162 80 5162 2953 5162 107 5163 2955 5163 2954 5163 107 5164 2954 5164 109 5164 85 5165 2953 5165 2956 5165 85 4562 82 4562 2953 4562 104 5166 2957 5166 2955 5166 104 5167 2955 5167 107 5167 86 5168 2956 5168 2958 5168 86 4562 85 4562 2956 4562 103 5169 2959 5169 2957 5169 103 5170 2957 5170 104 5170 88 5171 2960 5171 2961 5171 88 5172 2958 5172 2960 5172 88 5173 86 5173 2958 5173 100 5174 2962 5174 2959 5174 100 5175 2959 5175 103 5175 90 5176 88 5176 2961 5176 98 5177 2963 5177 2962 5177 98 5178 2964 5178 2963 5178 98 5179 2962 5179 100 5179 93 5180 2965 5180 2966 5180 93 5181 2961 5181 2965 5181 93 5182 90 5182 2961 5182 97 5183 2964 5183 98 5183 94 5184 2966 5184 2964 5184 94 5185 2964 5185 97 5185 94 5186 93 5186 2966 5186 759 5187 135 5187 137 5187 757 5188 135 5189 759 5190 761 5191 759 5192 137 5193 663 5194 661 5194 185 5194 659 5195 185 5195 661 5195 659 5196 183 5196 185 5196 763 5197 137 5197 139 5197 763 5198 761 5199 137 5200 755 5201 135 5201 757 5201 657 5202 183 5202 659 5202 665 5203 663 5204 185 5205 665 5206 185 5206 187 5206 765 5207 763 5207 139 5207 753 4562 135 4562 755 4562 667 4562 665 4562 187 4562 655 5208 183 5208 657 5208 767 5209 765 5210 139 5211 751 4562 135 4562 753 4562 751 5212 133 5212 135 5212 669 4562 667 4562 187 4562 653 5213 183 5214 655 5215 653 5216 181 5216 183 5216 769 5217 767 5217 139 5217 769 5218 139 5218 141 5218 749 4562 133 4562 751 4562 651 5219 181 5219 653 5219 671 5220 669 5220 187 5220 671 4562 187 4562 189 4562 771 4562 769 4562 141 4562 747 4562 133 4562 749 4562 649 5221 181 5221 651 5221 649 5222 179 5222 181 5222 673 5223 671 5223 189 5223 745 4562 133 4562 747 4562 745 5224 131 5224 133 5224 773 4562 771 4562 141 4562 647 5225 179 5225 649 5225 676 4562 673 4562 189 4562 743 4562 131 4562 745 4562 775 5226 773 5227 141 5228 775 5229 141 5229 143 5229 645 5230 179 5230 647 5230 677 4562 676 4562 189 4562 741 5231 131 5231 743 5231 778 4562 775 4562 143 4562 643 5232 179 5232 645 5232 643 5233 177 5233 179 5233 679 4562 677 4562 189 4562 679 4562 189 4562 190 4562 739 4562 131 4562 741 4562 739 5234 130 5234 131 5234 780 4562 778 4562 143 4562 780 5235 143 5235 145 5235 682 5236 679 5236 190 5236 641 5237 177 5237 643 5237 736 5238 130 5239 739 5240 782 4562 780 4562 145 4562 638 5241 177 5241 641 5241 638 5242 174 5242 177 5242 684 4562 682 4562 190 4562 735 5243 130 5244 736 5245 784 5246 782 5246 145 5246 784 5247 145 5247 147 5247 637 5248 174 5248 638 5248 686 4562 684 4562 190 4562 686 4562 190 4562 193 4562 2091 5249 130 5250 735 5251 785 5252 147 5252 148 5252 785 4562 784 4562 147 4562 2185 5253 174 5253 637 5253 2185 5254 173 5254 174 5254 688 4562 686 4562 193 4562 2089 5255 2967 5255 130 5255 2089 5256 130 5257 2091 5258 788 4562 785 4562 148 4562 2183 5259 173 5260 2185 5261 2183 5262 170 5262 173 5262 690 4562 688 4562 193 4562 2087 5263 2967 5263 2089 5263 790 4562 788 4562 148 4562 790 5264 148 5264 150 5264 2181 5265 170 5265 2183 5265 691 5266 690 5266 193 5266 691 4562 193 4562 194 4562 2085 5267 2967 5267 2087 5267 792 4562 790 4562 150 4562 2179 5268 170 5268 2181 5268 2179 5269 169 5269 170 5269 694 4562 691 4562 194 4562 2083 4562 2967 4562 2085 4562 2083 5270 2968 5270 2967 5270 696 4562 694 4562 194 4562 2081 4562 2968 4562 2083 4562 698 4562 696 4562 194 4562 2079 4562 2968 4562 2081 4562 700 4562 698 4562 194 4562 700 4562 194 4562 197 4562 2077 4562 2968 4562 2079 4562 2077 5271 2969 5271 2968 5271 701 4562 700 4562 197 4562 2075 4562 2969 4562 2077 4562 704 5272 701 5272 197 5272 2073 4562 2969 4562 2075 4562 706 4562 704 4562 197 4562 706 5273 197 5273 198 5273 2071 5274 2969 5275 2073 5276 708 5277 706 5278 198 5279 2069 5280 2970 5280 2969 5280 2069 5281 2969 5282 2071 5283 710 5284 708 5285 198 5286 2067 5287 2970 5288 2069 5289 711 4562 710 4562 198 4562 711 4562 198 4562 201 4562 2065 5290 2970 5291 2067 5292 2065 5293 2971 5293 2970 5293 714 4562 711 4562 201 4562 2063 5294 2971 5294 2065 5294 716 4562 714 4562 201 4562 2061 5295 2971 5296 2063 5297 717 4562 716 4562 201 4562 717 5298 201 5298 203 5298 2059 5299 2971 5299 2061 5299 720 5300 717 5301 203 5302 2972 5303 2971 5303 2059 5303 2057 4562 2972 4562 2059 4562 721 5304 720 5305 203 5306 1257 5307 157 5307 159 5307 1257 5308 159 5308 161 5308 1257 5309 161 5309 1259 5309 2055 4562 2972 4562 2057 4562 1261 5310 161 5310 163 5310 1261 5311 1259 5311 161 5311 1255 5312 157 5312 1257 5312 1255 5313 155 5313 157 5313 1263 5314 1261 5314 163 5314 1263 5315 163 5315 165 5315 1253 5316 155 5316 1255 5316 1265 5317 165 5317 167 5317 1265 4562 1263 4562 165 4562 1251 5318 155 5318 1253 5318 1251 5319 150 5319 153 5319 1251 5320 153 5320 155 5320 2053 5321 2972 5322 2055 5323 204 4562 721 4562 203 4562 204 5324 724 5324 721 5324 204 5325 726 5325 724 5325 1267 5326 169 5326 2179 5326 1267 5327 2179 5327 2177 5327 1267 5328 167 5328 169 5328 1267 4562 1265 4562 167 4562 1249 5329 792 5329 150 5329 1249 5330 150 5330 1251 5330 1249 5331 794 5331 792 5331 1249 5332 796 5332 794 5332 1269 5333 1267 5333 2177 5333 1269 5334 2177 5334 2175 5334 728 5335 726 5335 204 5335 1247 5336 796 5336 1249 5336 1247 5337 797 5337 796 5337 1271 5338 1269 5338 2175 5338 1271 5339 2173 5339 2171 5339 1271 5340 2175 5340 2173 5340 1245 5341 797 5341 1247 5341 1245 5342 800 5342 797 5342 1245 5343 802 5343 800 5343 1274 5344 1271 5344 2171 5344 1274 5345 2171 5345 2169 5345 2973 5346 2051 5346 2049 5346 2973 5347 2053 5347 2051 5347 2973 4562 2972 4562 2053 4562 1243 5348 802 5348 1245 5348 1243 5349 804 5350 802 5351 1278 5352 2167 5352 2165 5352 1278 5353 2169 5353 2167 5353 1278 5354 1274 5354 2169 5354 1242 5355 804 5355 1243 5355 1242 5356 806 5356 804 5356 1242 5357 808 5358 806 5359 1279 5360 1278 5361 2165 5362 1279 4562 2163 4562 2161 4562 1279 5363 2165 5363 2163 5363 1241 4562 808 4562 1242 4562 1241 5364 809 5365 808 5366 1241 5367 812 5367 809 5367 207 5368 730 5368 728 5368 207 5369 732 5369 730 5369 207 5370 728 5370 204 5370 1281 4562 1279 4562 2161 4562 1281 5371 2159 5371 2157 5371 1281 5372 2161 5372 2159 5372 1236 4562 812 4562 1241 4562 1236 5373 814 5374 812 5375 1283 5376 2157 5376 2155 5376 1283 4562 1281 4562 2157 4562 1234 5377 814 5377 1236 5377 1234 5378 816 5379 814 5380 1234 5381 818 5381 816 5381 2974 5382 2047 5382 2045 5382 2974 5383 2049 5383 2047 5383 2974 4562 2973 4562 2049 4562 1285 4562 1283 4562 2155 4562 1285 5384 2153 5384 2151 5384 1285 5385 2155 5385 2153 5385 1232 5386 822 5386 820 5386 1232 4562 818 4562 1234 4562 1232 5387 820 5387 818 5387 1287 5388 2149 5388 2147 5388 1287 5389 2151 5389 2149 5389 1287 4562 1285 4562 2151 4562 208 5390 734 5391 732 5392 208 5393 2094 5393 734 5393 208 5394 732 5394 207 5394 1230 5395 824 5395 822 5395 1230 5396 826 5396 824 5396 1230 5397 822 5397 1232 5397 1289 4562 1287 4562 2147 4562 1289 4562 2145 4562 2143 4562 1289 4562 2147 4562 2145 4562 1228 5398 828 5398 826 5398 1228 5399 830 5399 828 5399 1228 5400 826 5400 1230 5400 2975 5401 2974 5401 2045 5401 2975 5402 2045 5402 2043 5402 1291 4562 2141 4562 2139 4562 1291 4562 2143 4562 2141 4562 1291 4562 1289 4562 2143 4562 1226 5403 832 5404 830 5405 1226 5406 2000 5407 832 5408 1226 4562 830 4562 1228 4562 1293 5409 1291 5409 2139 5409 1293 4562 2137 4562 2135 4562 1293 5410 2139 5410 2137 5410 211 5411 2096 5412 2094 5413 211 5414 2094 5414 208 5414 1557 5415 2002 5415 2000 5415 1557 5416 2004 5416 2002 5416 1557 4562 2000 4562 1226 4562 1295 4562 2134 4562 2131 4562 1295 5417 2135 5417 2134 5417 1295 5418 1293 5418 2135 5418 1555 5419 2004 5419 1557 5419 1555 5420 2006 5420 2004 5420 1555 5421 2007 5421 2006 5421 2976 5422 2041 5422 2040 5422 2976 5423 2043 5423 2041 5423 2976 5424 2975 5424 2043 5424 1297 4562 2129 4562 2127 4562 1297 5425 2131 5425 2129 5425 1297 5426 1295 5426 2131 5426 1553 5427 2010 5427 2007 5427 1553 5428 2012 5428 2010 5428 1553 5429 2007 5429 1555 5429 1299 5430 1297 5430 2127 5430 1299 5431 2126 5431 2123 5431 1299 5432 2127 5432 2126 5432 212 5433 2098 5433 2096 5433 212 5434 2100 5434 2098 5434 212 5435 2096 5435 211 5435 1551 5436 2014 5436 2012 5436 1551 5437 2016 5438 2014 5439 1551 4562 2012 4562 1553 4562 1303 4562 2123 4562 2121 4562 1303 4562 1299 4562 2123 4562 2977 5440 2040 5440 2037 5440 2977 4562 2976 4562 2040 4562 1548 5441 2016 5441 1551 5441 1548 5442 2017 5443 2016 5444 1305 5445 2120 5445 2118 5445 1305 4562 2121 4562 2120 4562 1305 4562 1303 4562 2121 4562 1539 5446 2020 5446 2017 5446 1539 5447 2022 5448 2020 5449 1539 4562 2017 4562 1548 4562 215 5450 2100 5450 212 5450 1310 4562 1305 4562 2118 4562 1310 5451 2116 5451 2114 5451 1310 4562 2118 4562 2116 4562 1533 5452 2024 5452 2022 5452 1533 5453 2026 5453 2024 5453 1533 4562 2022 4562 1539 4562 1315 5454 2111 5454 2110 5454 1315 5455 2114 5455 2111 5455 1315 4562 1310 4562 2114 4562 1530 5456 2026 5456 1533 5456 1530 5457 2027 5457 2026 5457 1319 5458 2110 5458 2108 5458 1319 4562 1315 4562 2110 4562 1527 5459 2027 5459 1530 5459 1527 5460 2029 5461 2027 5462 1527 5463 2032 5463 2029 5463 1322 5464 1319 5464 2108 5464 1322 5465 2106 5465 2104 5465 1322 5466 2108 5466 2106 5466 1524 5467 2032 5467 1527 5467 1524 5468 2033 5468 2032 5468 1326 5469 2104 5470 2101 5471 1326 5472 1322 5472 2104 5472 1521 5473 2033 5473 1524 5473 1521 5474 2035 5474 2033 5474 1521 5475 2037 5475 2035 5475 1521 5476 2977 5476 2037 5476 1329 5477 2101 5477 2100 5477 1329 5478 2100 5478 215 5478 1329 4562 1326 4562 2101 4562 1518 5479 2977 5479 1521 5479 1518 5480 2978 5480 2977 5480 1333 5481 215 5481 217 5481 1333 5482 1329 5482 215 5482 1515 5483 2978 5483 1518 5483 1515 5484 2979 5484 2978 5484 1336 5485 217 5485 219 5485 1336 5486 1333 5486 217 5486 1513 5487 2980 5487 2979 5487 1513 5488 2979 5488 1515 5488 1338 5489 219 5489 221 5489 1338 5490 1336 5490 219 5490 1510 5491 2981 5491 2980 5491 1510 5492 2980 5492 1513 5492 1341 5493 221 5493 223 5493 1341 5494 1338 5494 221 5494 2982 5495 2981 5495 1510 5495 2982 5496 1510 5496 1508 5496 225 5497 1341 5497 223 5497 225 5498 1343 5498 1341 5498 2983 5499 2982 5499 1508 5499 2983 5500 1508 5500 1505 5500 227 5501 1348 5502 1346 5503 227 5504 1346 5504 1343 5504 227 5505 1343 5505 225 5505 2984 4562 2983 4562 1505 4562 2984 5506 1505 5506 1503 5506 228 5507 1351 5507 1348 5507 228 5508 1348 5508 227 5508 2985 5509 2984 5509 1503 5509 2985 5510 1503 5510 1500 5510 2985 5511 1500 5511 1496 5511 231 4562 1351 4562 228 4562 2986 4562 2985 4562 1496 4562 232 5512 1354 5512 1351 5512 232 4562 1351 4562 231 4562 563 4562 1371 4562 1366 4562 467 4562 465 4562 1478 4562 467 4562 1478 4562 1473 4562 463 4562 1478 4562 465 4562 463 5513 1483 5514 1478 5515 565 4562 563 4562 1366 4562 561 4562 1371 4562 563 4562 461 5516 1483 5516 463 5516 469 5517 467 5517 1473 5517 567 5518 1366 5518 1363 5518 567 4562 565 4562 1366 4562 559 5519 1380 5519 1371 5519 559 4562 1371 4562 561 4562 471 4562 469 4562 1473 4562 471 4562 1473 4562 1470 4562 459 5520 1483 5520 461 5520 459 5521 1486 5521 1483 5521 569 5522 1363 5522 1360 5522 569 4562 567 4562 1363 4562 557 5523 1384 5523 1380 5523 557 5524 1380 5524 559 5524 457 5525 1486 5525 459 5525 457 5526 1489 5526 1486 5526 473 5527 471 5527 1470 5527 473 4562 1470 4562 1466 4562 571 4562 569 4562 1360 4562 555 5528 1384 5529 557 5530 475 4562 473 4562 1466 4562 455 5531 1489 5531 457 5531 573 5532 571 5533 1360 5534 573 5535 1360 5535 1357 5535 553 5536 1386 5536 1384 5536 553 4562 1384 4562 555 4562 453 5537 1493 5537 1489 5537 453 5538 1489 5538 455 5538 477 4562 475 4562 1466 4562 477 4562 1466 4562 1464 4562 575 5539 1357 5539 1354 5539 575 4562 573 4562 1357 4562 551 4562 1386 4562 553 4562 451 5540 1493 5540 453 5540 451 5541 1496 5541 1493 5541 479 5542 477 5542 1464 5542 577 5543 575 5544 1354 5545 549 5546 1388 5546 1386 5546 549 4562 1386 4562 551 4562 449 5547 2986 5547 1496 5547 449 5548 1496 5548 451 5548 449 5549 2987 5549 2986 5549 481 4562 479 4562 1464 4562 481 4562 1464 4562 1462 4562 547 4562 1388 4562 549 4562 579 4562 577 4562 1354 4562 579 4562 1354 4562 232 4562 447 5550 2987 5550 449 5550 484 5551 481 5551 1462 5551 582 5552 232 5552 235 5552 582 4562 579 4562 232 4562 545 5553 1390 5553 1388 5553 545 5554 1388 5555 547 5556 486 4562 484 4562 1462 4562 486 4562 1462 4562 1460 4562 445 5557 2988 5557 2987 5557 445 5558 2987 5558 447 5558 584 5559 582 5560 235 5561 543 4562 1390 4562 545 4562 442 5562 2989 5562 2988 5562 442 5563 2988 5564 445 5565 488 4562 486 4562 1460 4562 540 5566 1392 5566 1390 5566 540 4562 1390 4562 543 4562 586 4562 235 4562 237 4562 586 4562 584 4562 235 4562 441 5567 2989 5567 442 5567 490 4562 488 4562 1460 4562 490 4562 1460 4562 1458 4562 539 4562 1392 4562 540 4562 588 5568 237 5568 239 5568 588 5569 586 5570 237 5571 2373 5572 2989 5572 441 5572 2373 5573 2990 5573 2989 5573 491 5574 490 5575 1458 5576 589 4562 588 4562 239 4562 2279 4562 1392 4562 539 4562 2279 5577 1395 5577 1392 5577 2371 5578 2990 5578 2373 5578 494 4562 1458 4562 1456 4562 494 4562 491 4562 1458 4562 2277 4562 1395 4562 2279 4562 592 5579 239 5579 241 5579 592 4562 589 4562 239 4562 2369 5580 2990 5580 2371 5580 496 4562 494 4562 1456 4562 2275 4562 1395 4562 2277 4562 2275 5581 1397 5581 1395 5581 594 5582 592 5582 241 5582 2991 5583 2990 5583 2369 5583 2367 5584 2991 5584 2369 5584 498 4562 1456 4562 1454 4562 498 4562 496 4562 1456 4562 2273 5585 1397 5586 2275 5587 596 5588 594 5589 241 5590 2365 5591 2991 5591 2367 5591 500 5592 498 5592 1454 5592 2271 5593 1399 5593 1397 5593 2271 4562 1397 4562 2273 4562 2363 5594 2991 5594 2365 5594 502 4562 1454 4562 1452 4562 502 4562 500 4562 1454 4562 2269 4562 1399 4562 2271 4562 243 4562 596 4562 241 4562 243 5595 598 5596 596 5597 243 4562 600 4562 598 4562 503 5598 502 5598 1452 5598 2267 5599 1401 5599 1399 5599 2267 4562 1399 4562 2269 4562 601 5600 600 5601 243 5602 506 4562 1452 4562 1450 4562 506 4562 503 4562 1452 4562 2265 4562 1401 4562 2267 4562 508 4562 1450 4562 1448 4562 508 4562 506 4562 1450 4562 2263 5603 1403 5603 1401 5603 2263 5604 1401 5605 2265 5606 2992 5607 2991 5607 2363 5607 2992 5608 2361 5608 2359 5608 2992 5609 2363 5609 2361 5609 510 4562 508 4562 1448 4562 2261 5610 1408 5610 1403 5610 2261 5611 1403 5611 2263 5611 512 4562 1448 4562 1446 4562 512 4562 510 4562 1448 4562 2259 4562 1408 4562 2261 4562 245 4562 606 4562 604 4562 245 5612 608 5613 606 5614 245 5615 601 5615 243 5615 245 5616 604 5617 601 5618 514 4562 512 4562 1446 4562 2257 4562 1408 4562 2259 4562 2257 4562 1409 4562 1408 4562 515 4562 1446 4562 1445 4562 515 4562 514 4562 1446 4562 2255 4562 1409 4562 2257 4562 2993 5619 2355 5619 2353 5619 2993 5620 2357 5620 2355 5620 2993 5621 2359 5621 2357 5621 2993 5622 2992 5622 2359 5622 518 4562 515 4562 1445 4562 2253 4562 1409 4562 2255 4562 2253 5623 1410 5623 1409 5623 520 5624 1445 5625 1441 5626 520 4562 518 4562 1445 4562 2251 5627 1412 5627 1410 5627 2251 4562 1410 4562 2253 4562 522 5628 1441 5628 1438 5628 522 4562 520 4562 1441 4562 2249 4562 1412 4562 2251 4562 247 5629 610 5630 608 5631 247 5632 612 5632 610 5632 247 4562 608 4562 245 4562 524 4562 522 4562 1438 4562 2247 5633 1412 5634 2249 5635 2247 5636 1414 5636 1412 5636 526 5637 1438 5637 1436 5637 526 4562 524 4562 1438 4562 2245 5638 1416 5638 1414 5638 2245 4562 1414 4562 2247 4562 2994 5639 2349 5640 2347 5641 2994 5642 2351 5642 2349 5642 2994 5643 2353 5643 2351 5643 2994 5644 2993 5644 2353 5644 528 4562 1436 4562 1434 4562 528 5645 526 5646 1436 5647 2243 5648 1416 5649 2245 5650 530 5651 528 5651 1434 5651 2241 4562 1416 4562 2243 4562 249 5652 613 5652 612 5652 249 4562 612 4562 247 4562 249 5653 616 5654 613 5655 249 5656 618 5657 616 5658 249 5659 620 5660 618 5661 2995 5662 2994 5662 2347 5662 2995 5663 2343 5663 2341 5663 2995 5664 2345 5664 2343 5664 2995 5665 2347 5665 2345 5665 251 5666 622 5666 620 5666 251 5667 624 5667 622 5667 251 5668 626 5668 624 5668 251 4562 620 4562 249 4562 2996 4562 2995 4562 2341 4562 2996 5669 2335 5669 2333 5669 2996 5670 2337 5670 2335 5670 2996 4562 2339 4562 2337 4562 2996 5671 2341 5671 2339 5671 252 5672 628 5673 626 5674 252 5675 630 5676 628 5677 252 5678 632 5678 630 5678 252 4562 626 4562 251 4562 2997 4562 2329 4562 2327 4562 2997 4562 2331 4562 2329 4562 2997 5679 2333 5679 2331 5679 2997 4562 2996 4562 2333 4562 255 4562 632 4562 252 4562 255 5680 634 5680 632 5680 255 5681 636 5681 634 5681 255 5682 2188 5682 636 5682 255 5683 2190 5683 2188 5683 2998 4562 2997 4562 2327 4562 2998 5684 2323 5684 2322 5684 2998 4562 2325 4562 2323 4562 2998 4562 2327 4562 2325 4562 2999 5685 2192 5685 2190 5685 2999 5686 2194 5686 2192 5686 2999 5687 2195 5687 2194 5687 2999 4562 2190 4562 255 4562 3000 4562 2315 4562 2314 4562 3000 5688 2317 5688 2315 5688 3000 4562 2319 4562 2317 4562 3000 5689 2322 5689 2319 5689 3000 5690 2998 5690 2322 5690 3001 4562 2195 4562 2999 4562 3001 5691 2198 5691 2195 5691 3001 5692 2200 5692 2198 5692 3001 5693 2202 5693 2200 5693 3002 5694 3000 5694 2314 5694 3002 4562 2309 4562 2308 4562 3002 5695 2311 5695 2309 5695 3002 5696 2314 5696 2311 5696 3003 5697 2204 5698 2202 5699 3003 5700 2205 5701 2204 5702 3003 4562 2208 4562 2205 4562 3003 5703 2210 5703 2208 5703 3003 4562 2202 4562 3001 4562 3004 5704 2304 5704 2302 5704 3004 5705 2306 5706 2304 5707 3004 5708 2308 5709 2306 5710 3004 5711 3002 5711 2308 5711 3005 5712 2212 5712 2210 5712 3005 5713 2214 5713 2212 5713 3005 4562 2210 4562 3003 4562 3006 4562 3004 4562 2302 4562 3006 5714 2298 5714 2296 5714 3006 5715 2299 5715 2298 5715 3006 5716 2302 5716 2299 5716 3007 5717 2215 5718 2214 5719 3007 4562 2217 4562 2215 4562 3007 5720 2220 5721 2217 5722 3007 4562 2214 4562 3005 4562 3008 5723 2294 5724 2292 5725 3008 5726 2296 5726 2294 5726 3008 5727 3006 5727 2296 5727 3009 5728 2220 5728 3007 5728 3009 5729 2221 5730 2220 5731 3009 4562 2223 4562 2221 4562 3009 5732 2225 5733 2223 5734 3010 5735 2288 5735 2286 5735 3010 5736 2289 5736 2288 5736 3010 5737 2292 5737 2289 5737 3010 4562 3008 4562 2292 4562 3011 4562 2225 4562 3009 4562 3011 5738 2228 5739 2225 5740 3011 5741 2229 5741 2228 5741 3012 5742 2284 5742 2282 5742 3012 5743 2286 5743 2284 5743 3012 5744 3010 5744 2286 5744 3013 5745 2231 5745 2229 5745 3013 5746 2233 5746 2231 5746 3013 5747 2229 5747 3011 5747 3014 5748 538 5748 536 5748 3014 5749 2282 5749 538 5749 3014 5750 3012 5750 2282 5750 3015 5751 2235 5752 2233 5753 3015 5754 2233 5754 3013 5754 3016 5755 536 5756 534 5757 3016 5758 3014 5758 536 5758 3017 4562 2235 4562 3015 4562 3017 5759 2237 5759 2235 5759 3017 5760 2239 5760 2237 5760 3018 5761 532 5761 530 5761 3018 5762 534 5762 532 5762 3018 5763 3016 5763 534 5763 3019 5764 1418 5764 1416 5764 3019 5765 2241 5765 2239 5765 3019 5766 2239 5766 3017 5766 3019 4562 1416 4562 2241 4562 3020 5767 1434 5767 1432 5767 3020 5768 530 5768 1434 5768 3020 5769 3018 5769 530 5769 3021 5770 1420 5770 1418 5770 3021 4562 1418 4562 3019 4562 3022 5771 3020 5771 1432 5771 3023 4562 1420 4562 3021 4562 3024 5772 1432 5772 1430 5772 3024 5773 1430 5773 1428 5773 3024 5774 3022 5774 1432 5774 3025 5775 1422 5775 1420 5775 3025 4562 1420 4562 3023 4562 3026 5776 3024 5776 1428 5776 3027 5777 1424 5778 1422 5779 3027 5780 1422 5780 3025 5780 3028 5781 1428 5781 1426 5781 3028 5782 1426 5782 1424 5782 3028 5783 1424 5783 3027 5783 3028 5784 3026 5784 1428 5784 254 5785 2933 5785 255 5785 255 5786 2933 5786 2999 5786 2933 5787 2935 5787 2999 5787 2999 5788 2935 5788 3001 5788 2935 5789 2938 5789 3001 5789 3001 5790 2938 5790 3003 5790 2938 5791 2940 5791 3003 5791 3003 5792 2940 5792 3005 5792 2940 5793 2943 5793 3005 5793 3005 5794 2943 5794 3007 5794 3007 5795 2943 5795 3009 5795 2943 5796 2945 5796 3009 5796 3009 5797 2945 5797 3011 5797 2945 5798 2947 5798 3011 5798 2947 5799 2951 5799 3011 5799 3011 5800 2951 5800 3013 5800 2951 5801 2954 5801 3013 5801 3013 5802 2954 5802 3015 5802 3015 5803 2955 5803 3017 5803 2954 5804 2955 5804 3015 5804 3017 5805 2957 5806 3019 5807 2955 5808 2957 5808 3017 5808 3019 5809 2959 5809 3021 5809 3021 5810 2959 5810 3023 5810 2957 5811 2959 5811 3019 5811 2959 5812 2962 5812 3023 5812 3023 5813 2963 5813 3025 5813 2962 5814 2963 5814 3023 5814 3025 5815 2964 5815 3027 5815 2963 5815 2964 5815 3025 5815 3027 5816 2966 5816 3028 5816 2964 5817 2966 5817 3027 5817 3028 5818 2965 5818 3026 5818 2966 5819 2965 5819 3028 5819 2965 5820 2961 5820 3026 5820 3026 5821 2961 5821 3024 5821 2961 5822 2960 5822 3024 5822 3024 5822 2960 5822 3022 5822 2960 5823 2958 5823 3022 5823 3022 5824 2958 5824 3020 5824 2958 5825 2956 5825 3020 5825 3020 5826 2956 5826 3018 5826 2956 5827 2953 5827 3018 5827 3018 5828 2953 5828 3016 5828 3016 5829 2953 5829 3014 5829 2953 5830 2952 5830 3014 5830 2952 5831 2950 5831 3014 5831 3014 5832 2950 5832 3012 5832 2950 5833 2946 5833 3012 5833 3012 5834 2946 5834 3010 5834 2946 5835 2944 5835 3010 5835 3010 5835 2944 5835 3008 5835 2944 5836 2942 5836 3008 5836 3008 5837 2942 5837 3006 5837 2942 5838 2939 5838 3006 5838 3006 5839 2939 5839 3004 5839 2939 5840 2937 5840 3004 5840 3004 5841 2937 5841 3002 5841 2937 5842 2934 5842 3002 5842 3002 5843 2934 5843 3000 5843 3000 5844 2934 5844 2998 5844 2934 5845 2932 5845 2998 5845 2932 2445 2930 2445 2998 2445 2998 2445 2930 2445 2997 2445 2930 5846 2928 5846 2997 5846 2997 5847 2928 5847 2996 5847 2928 5848 2926 5848 2996 5848 2996 5849 2926 5849 2995 5849 2995 5850 2926 5850 2994 5850 2926 5851 2924 5851 2994 5851 2993 5852 2925 5852 2992 5852 2924 5853 2925 5853 2994 5853 2994 5854 2925 5854 2993 5854 2925 5855 2927 5855 2992 5855 2992 5856 2923 5857 2991 5858 2991 5859 2923 5859 2990 5859 2927 5860 2923 5861 2992 5862 2923 5863 2921 5863 2990 5863 2990 5864 2919 5864 2989 5864 2989 5865 2919 5865 2988 5865 2921 5866 2919 5867 2990 5868 2919 5869 2917 5869 2988 5869 2988 5870 2915 5870 2987 5870 2987 5871 2915 5871 2986 5871 2917 5870 2915 5870 2988 5870 2915 5872 2913 5872 2986 5872 2913 5873 2911 5873 2986 5873 2986 5874 2911 5874 2985 5874 2985 5875 2908 5875 2984 5875 2911 5876 2908 5876 2985 5876 2984 5877 2907 5877 2983 5877 2908 5878 2907 5879 2984 5880 2983 5881 2905 5881 2982 5881 2907 5882 2905 5882 2983 5882 2982 5883 2903 5883 2981 5883 2905 5884 2903 5884 2982 5884 2981 5885 2901 5885 2980 5885 2903 5886 2901 5886 2981 5886 2980 5887 2900 5887 2979 5887 2901 5888 2900 5888 2980 5888 2979 5889 2897 5889 2978 5889 2900 5889 2897 5889 2979 5889 2978 5890 2895 5890 2977 5890 2897 5890 2895 5890 2978 5890 2977 5891 2893 5891 2976 5891 2895 5891 2893 5891 2977 5891 2976 5892 2891 5892 2975 5892 2893 5893 2891 5893 2976 5893 2975 5894 2889 5894 2974 5894 2891 5895 2889 5895 2975 5895 2974 5896 2887 5896 2973 5896 2889 5897 2887 5897 2974 5897 2973 5898 2886 5898 2972 5898 2887 5899 2886 5899 2973 5899 2972 5900 2885 5900 2971 5900 2886 5901 2885 5901 2972 5901 2971 5902 2884 5902 2970 5902 2885 5903 2884 5903 2971 5903 2970 5904 2883 5904 2969 5904 2884 5905 2883 5905 2970 5905 2969 5906 2882 5906 2968 5906 2883 5906 2882 5906 2969 5906 2968 5907 2881 5907 2967 5907 2882 5908 2881 5908 2968 5908 2881 5909 128 5909 2967 5909 2967 5910 128 5910 130 5910 3029 5911 3030 5912 3031 5913 3029 5914 3031 5915 2382 5916 3032 5917 3029 5918 2382 5919 3033 5920 3034 5920 3032 5920 3033 5921 2382 5921 2381 5921 3033 5922 2381 5922 2764 5922 3033 5923 3032 5923 2382 5923 1599 5924 3033 5924 1597 5924 1599 5925 3034 5925 3033 5925 275 5926 3035 5926 287 5926 287 5927 3035 5927 2761 5927 3035 5928 1586 5928 1588 5928 275 5929 1586 5929 3035 5929 3036 5930 2596 5930 2595 5930 3036 5931 2595 5931 2762 5931 1581 5932 3036 5932 1582 5932 1581 5933 2596 5933 3036 5933 2536 5934 3037 5934 2549 5934 2549 5935 3037 5935 2765 5935 3037 5936 1563 5936 1564 5936 2536 5937 1563 5937 3037 5937 1599 5938 3038 5938 3034 5939 1469 5940 1468 5940 1599 5940 1599 5941 1468 5941 3038 5941 3038 5942 1471 5942 3039 5942 1468 5943 1471 5944 3038 5945 3039 5946 1476 5946 3040 5946 1471 5947 1476 5947 3039 5947 3040 5948 1475 5949 3041 5950 1476 5951 1475 5951 3040 5951 3041 5952 1472 5952 3042 5952 1475 5953 1472 5953 3041 5953 3042 5954 1474 5955 3043 5955 1472 5956 1474 5956 3042 5956 3043 5957 1481 5957 3044 5957 1474 5958 1481 5958 3043 5958 3044 5959 1480 5960 3045 5961 1481 5962 1480 5962 3044 5963 3045 5964 1477 5964 3046 5965 1480 5966 1477 5966 3045 5966 3046 5967 1479 5967 315 5967 1477 5968 1479 5969 3046 5970 1479 5971 1482 5972 315 5971 315 5973 1482 5973 314 5973 1482 5974 1484 5975 314 5976 314 5977 1484 5977 313 5977 313 5978 1485 5978 312 5978 1484 5979 1485 5979 313 5979 312 5980 1487 5980 311 5980 1485 5981 1487 5982 312 5983 311 5984 1491 5985 310 5986 1487 5987 1491 5987 311 5988 310 5989 1488 5990 309 5991 1491 5992 1488 5993 310 5994 1488 5995 1490 5995 309 5995 309 5996 1492 5997 308 5998 1490 5999 1492 6000 309 6001 308 6002 1494 6002 307 6002 1492 6003 1494 6004 308 6005 307 6006 1498 6006 306 6006 1494 6007 1498 6007 307 6007 306 6008 1495 6009 305 6010 1498 6011 1495 6012 306 6012 305 6013 1497 6013 304 6013 1495 6014 1497 6014 305 6014 304 6015 1499 6015 303 6015 1497 6016 1499 6017 304 6018 303 6019 1501 6020 302 6021 1499 6022 1501 6022 303 6022 302 6023 1502 6024 301 6023 1501 6025 1502 6025 302 6025 1502 6026 1504 6027 301 6028 301 6029 1506 6030 300 6031 1504 6032 1506 6033 301 6034 300 6035 1507 6035 299 6035 1506 6036 1507 6037 300 6038 1507 6039 1509 6039 299 6039 1586 6040 1544 6040 1546 6040 275 6041 272 6041 1586 6041 1544 6042 272 6042 1547 6042 1586 6043 272 6044 1544 6043 1547 6045 270 6045 1549 6045 1549 6046 270 6046 1550 6046 272 6047 270 6047 1547 6047 1550 6048 271 6048 1540 6048 270 6049 271 6049 1550 6049 1540 6050 273 6051 1538 6052 271 6053 273 6054 1540 6055 1538 6056 274 6057 1541 6058 273 6059 274 6060 1538 6061 1541 6062 276 6062 1542 6063 1542 6064 276 6064 1543 6064 274 6065 276 6065 1541 6065 1543 6066 277 6066 1535 6066 276 6067 277 6067 1543 6067 277 6068 278 6069 1535 6070 1535 6071 278 6072 1534 6071 278 6073 279 6073 1534 6073 1534 6074 279 6074 1536 6074 279 6075 280 6075 1536 6075 1536 6076 280 6076 1537 6076 280 6077 281 6077 1537 6077 1537 6078 281 6078 1532 6078 281 6079 282 6080 1532 6081 1532 6082 282 6082 1531 6082 282 6083 283 6083 1531 6083 1531 6084 283 6084 1529 6084 283 6085 284 6085 1529 6085 1529 6086 284 6087 1528 6086 284 6088 285 6089 1528 6089 1528 6090 285 6090 1526 6090 1526 6091 285 6091 1525 6091 285 6092 286 6092 1525 6092 286 6093 288 6094 1525 6095 1525 6096 288 6096 1523 6096 288 6097 289 6097 1523 6097 1523 6098 289 6098 1522 6098 289 6099 290 6099 1522 6099 1522 6100 290 6100 1520 6100 290 6101 291 6101 1520 6101 1520 6102 291 6102 1519 6102 291 6103 292 6103 1519 6103 1519 6104 292 6105 1517 6104 1517 6106 293 6106 1516 6106 292 6107 293 6107 1517 6107 1516 6108 294 6109 1514 6110 293 6111 294 6112 1516 6113 1514 6114 295 6114 1512 6114 294 6115 295 6115 1514 6115 295 6116 296 6116 1512 6116 1512 6117 297 6117 1511 6118 296 6119 297 6120 1512 6121 1511 6122 298 6123 1509 6124 297 6125 298 6125 1511 6125 298 6126 299 6126 1509 6126 1563 6127 1377 6127 1379 6127 2536 6128 2533 6128 1563 6128 1377 6129 2533 6130 1381 6131 1563 6132 2533 6132 1377 6132 1381 6133 2530 6134 1382 6135 1382 6136 2530 6136 1383 6136 2533 6137 2530 6137 1381 6137 1383 6138 2532 6139 1373 6140 2530 6141 2532 6141 1383 6141 1373 6142 2534 6143 1372 6142 2532 6144 2534 6144 1373 6145 1372 6146 2535 6147 1374 6148 2534 6149 2535 6149 1372 6149 1374 6150 2537 6151 1375 6152 1375 6153 2537 6153 1376 6153 2535 6154 2537 6154 1374 6154 1376 6155 2538 6156 1368 6155 2537 6157 2538 6157 1376 6157 2538 6158 2539 6158 1368 6158 1368 6159 2539 6160 1367 6160 2539 6161 2540 6161 1367 6162 1367 6163 2540 6163 1369 6163 2540 6164 2541 6164 1369 6164 1369 6165 2541 6166 1370 6167 2541 6168 2542 6168 1370 6169 1370 6170 2542 6171 1365 6172 2542 6173 2544 6173 1365 6173 1365 6174 2544 6174 1364 6174 2544 6175 2545 6175 1364 6175 1364 6176 2545 6177 1362 6176 2545 6178 2546 6178 1362 6178 1362 6179 2546 6179 1361 6179 2546 6180 2547 6180 1361 6181 1361 6182 2547 6182 1359 6182 1359 6183 2547 6183 1358 6183 2547 6184 2548 6185 1358 6185 2548 6186 2550 6187 1358 6187 1358 6188 2550 6188 1356 6188 2550 6189 2551 6190 1356 6190 1356 6191 2551 6192 1355 6193 2551 6194 2552 6195 1355 6196 1355 6197 2552 6197 1353 6198 1353 6199 2554 6199 1352 6199 2552 6200 2554 6200 1353 6200 2554 6201 2555 6201 1352 6201 1352 6202 2555 6202 1350 6202 1350 6203 2556 6203 1349 6203 2555 6204 2556 6204 1350 6204 1349 6205 2557 6205 1347 6205 2556 6206 2557 6207 1349 6207 1347 6208 2558 6208 1345 6208 2557 6209 2558 6210 1347 6211 2558 6212 2559 6212 1345 6212 1345 6213 2560 6214 1344 6215 2559 6216 2560 6217 1345 6218 1344 6219 2562 6219 1342 6219 2560 6220 2562 6221 1344 6222 2562 6223 2563 6223 1342 6223 2596 6224 1581 6225 2593 6224 1302 6226 1301 6226 1581 6226 2593 6227 1301 6227 2592 6227 1581 6228 1301 6228 2593 6228 2592 6229 1304 6230 2591 6231 2591 6232 1304 6232 2590 6232 1301 6233 1304 6233 2592 6233 2590 6234 1309 6234 2589 6234 1304 6235 1309 6235 2590 6236 2589 6237 1308 6238 2588 6237 1309 6239 1308 6240 2589 6241 2588 6242 1306 6242 2586 6242 1308 6243 1306 6243 2588 6243 2586 6244 1307 6244 2585 6244 1306 6245 1307 6246 2586 6247 2585 6248 1314 6248 2584 6248 1307 6249 1314 6250 2585 6249 1314 6251 1313 6252 2584 6251 2584 6253 1313 6253 2583 6253 1313 6254 1311 6254 2583 6254 2583 6255 1311 6256 2582 6255 1311 6257 1312 6258 2582 6258 2582 6259 1312 6259 2581 6259 2581 6260 1316 6261 2580 6260 1312 6262 1316 6262 2581 6262 2580 6263 1317 6264 2579 6263 1316 6265 1317 6265 2580 6265 2579 6266 1318 6266 2578 6266 1317 6267 1318 6268 2579 6269 2578 6270 1320 6270 2577 6270 1318 6271 1320 6272 2578 6273 2577 6274 1324 6274 2575 6274 1320 6275 1324 6276 2577 6275 2575 6277 1321 6277 2574 6277 1324 6278 1321 6279 2575 6278 2574 6280 1323 6280 2573 6280 1321 6281 1323 6281 2574 6281 2573 6282 1325 6283 2572 6284 1323 6285 1325 6286 2573 6287 2572 6288 1327 6289 2571 6290 1325 6291 1327 6291 2572 6291 1327 6292 1331 6292 2571 6292 2571 6293 1328 6293 2570 6293 1331 6294 1328 6294 2571 6294 2570 6295 1330 6295 2569 6295 1328 6296 1330 6297 2570 6296 2569 6298 1332 6299 2567 6300 1330 6301 1332 6302 2569 6303 2567 6304 1334 6305 2566 6306 1332 6307 1334 6307 2567 6307 2566 6308 1335 6308 2565 6308 1334 6309 1335 6309 2566 6309 1335 6310 1337 6311 2565 6312 2565 6313 1339 6313 2564 6313 1337 6314 1339 6314 2565 6314 2564 6315 1340 6315 2563 6315 1339 6316 1340 6316 2564 6316 1340 6317 1342 6318 2563 6319 3047 6320 1608 6320 3048 6320 3048 6321 1608 6321 1610 6321 1609 6322 3049 6322 1607 6322 1607 6323 3049 6323 3050 6323 3050 6324 2800 6324 2797 6324 3049 6325 3051 6325 3050 6325 3050 6326 3051 6326 2800 6326 3052 6327 2825 6327 3051 6327 3051 6328 2825 6328 2800 6328 3052 6329 3048 6329 2825 6329 2825 6330 3048 6330 2812 6330 3052 6331 3047 6331 3048 6331 3053 6332 1611 6332 3054 6332 3054 6333 1611 6333 1613 6333 1612 6334 3055 6334 1614 6334 1614 6335 3055 6335 3056 6335 3056 6336 2700 6336 2709 6336 3055 6337 3057 6337 3056 6337 3056 6338 3057 6338 2700 6338 3057 188 3058 188 2700 188 2700 188 3058 188 2726 188 3058 6339 3054 6339 2726 6339 2726 6340 3054 6340 2728 6340 3058 6341 3053 6341 3054 6341 3059 6342 1615 6342 3060 6342 3060 6343 1615 6343 1617 6343 1616 6344 3061 6344 1618 6344 1618 6345 3061 6345 3062 6345 3062 6346 2725 6346 2727 6346 3061 6347 3063 6347 3062 6347 3062 6348 3063 6348 2725 6348 3063 6349 3064 6349 2725 6349 2725 6350 3064 6350 2699 6350 3064 6351 3060 6351 2699 6351 2699 6352 3060 6352 2708 6352 3064 6353 3059 6353 3060 6353 3065 6354 1619 6354 3066 6354 3066 6355 1619 6355 1621 6355 1620 6356 3067 6356 1622 6356 1622 6357 3067 6357 3068 6357 3068 6358 2823 6358 2809 6358 3067 6359 3069 6359 3068 6359 3068 6360 3069 6360 2823 6360 3069 6361 3070 6361 2823 6361 2823 6362 3070 6362 2799 6362 3070 6363 3066 6363 2799 6363 2799 6364 3066 6364 2796 6364 3070 6365 3065 6365 3066 6365 126 6366 127 6366 2949 6366 2506 6367 126 6367 2949 6367 2506 6368 2949 6368 2948 6368 2508 6369 2506 6369 2948 6369 2508 6370 2948 6370 2941 6370 2510 6371 2508 6371 2941 6371 2510 6372 2941 6372 2936 6372 2512 6373 2510 6373 2936 6373 2512 6374 2936 6374 2931 6374 2514 6375 2512 6375 2931 6375 2514 6376 2931 6376 2929 6376 2516 6377 2514 6377 2929 6377 2516 6378 2929 6378 2922 6378 2518 6379 2922 6379 2920 6379 2518 6380 2516 6380 2922 6380 2520 6381 2920 6381 2918 6381 2520 6382 2518 6382 2920 6382 2522 6383 2918 6383 2916 6383 2522 6384 2520 6384 2918 6384 2524 6385 2916 6385 2914 6385 2524 6386 2522 6386 2916 6386 2526 6387 2914 6387 2912 6387 2526 6388 2524 6388 2914 6388 2528 6389 2912 6389 2910 6389 2528 6390 2526 6390 2912 6390 2531 6391 2910 6391 2909 6391 2531 6392 2528 6392 2910 6392 2543 6393 2909 6393 2906 6393 2543 6394 2531 6394 2909 6394 2553 6395 2906 6395 2904 6395 2553 6396 2543 6396 2906 6396 2561 6397 2904 6397 2902 6397 2561 6398 2553 6398 2904 6398 2568 6399 2902 6399 2899 6399 2568 6400 2561 6400 2902 6400 2576 6401 2568 6401 2899 6401 2576 6402 2899 6402 2898 6402 2587 6403 2576 6403 2898 6403 2587 6404 2898 6404 2896 6404 2597 6405 2587 6405 2896 6405 2597 6406 2896 6406 2894 6406 2599 6407 2597 6407 2894 6407 2599 6408 2894 6408 2892 6408 2601 6409 2599 6409 2892 6409 2601 6410 2892 6410 2890 6410 2603 6411 2601 6411 2890 6411 2603 6412 2890 6412 2888 6412 2605 6413 2603 6413 2888 6413 2605 6414 2888 6414 2880 6414 2607 6415 2605 6415 2880 6415 2607 6416 2880 6416 2879 6416 2609 6417 2607 6417 2879 6417 2609 6418 2879 6418 2878 6418 2611 6419 2878 6419 2875 6419 2611 6420 2609 6420 2878 6420 2613 6421 2875 6421 2869 6421 2613 6422 2611 6422 2875 6422 2615 6423 2869 6423 2858 6423 2615 6424 2613 6424 2869 6424 2617 6425 2858 6425 2854 6425 2617 6426 2615 6426 2858 6426 2619 6427 2854 6427 2849 6427 2619 6428 2617 6429 2854 6429 2621 6430 2849 6430 2844 6430 2621 6431 2619 6431 2849 6431 2623 6432 2844 6432 2843 6432 2623 6433 2621 6433 2844 6433 2625 6434 2843 6434 2847 6434 2625 6435 2623 6435 2843 6435 2627 6436 2625 6436 2847 6436 2629 6437 2851 6437 2853 6437 2629 6438 2847 6438 2851 6438 2629 6439 2627 6439 2847 6439 2631 6440 2853 6440 2856 6440 2631 6441 2629 6441 2853 6441 2633 6442 2631 6442 2856 6442 2635 6443 2856 6443 2877 6443 2635 6444 2633 6444 2856 6444 2637 6445 2877 6445 2874 6445 2637 6446 2635 6446 2877 6446 2639 6447 2874 6447 2872 6447 2639 6448 2637 6448 2874 6448 2641 6449 2871 6449 2868 6449 2641 6450 2872 6450 2871 6450 2641 6451 2639 6451 2872 6451 2643 6452 2641 6452 2868 6452 2643 6453 2868 6453 2864 6453 2645 6454 2643 6454 2864 6454 2645 6455 2864 6455 2863 6455 2647 6456 2645 6456 2863 6456 2649 6457 2647 6457 2863 6457 2649 6458 2862 6458 2861 6458 2649 6459 2863 6459 2862 6459 2651 6460 2649 6460 2861 6460 2651 6461 2861 6461 2860 6461 2653 6462 2651 6462 2860 6462 2655 6463 2860 6463 2859 6463 2655 6464 2653 6464 2860 6464 2657 6465 2859 6465 2865 6465 2657 6466 2655 6466 2859 6466 2659 6467 2867 6467 2866 6467 2659 6468 2865 6468 2867 6468 2659 6469 2657 6469 2865 6469 2661 6470 2659 6470 2866 6470 2663 6471 2870 6471 2873 6471 2663 6472 2866 6472 2870 6472 2663 6473 2661 6473 2866 6473 2665 6474 2663 6474 2873 6474 2667 6475 2876 6475 2857 6475 2667 6476 2873 6476 2876 6476 2667 6477 2665 6477 2873 6477 2669 6478 2667 6478 2857 6478 2671 6479 2855 6479 2852 6479 2671 6480 2857 6480 2855 6480 2671 6481 2669 6481 2857 6481 2673 6482 2671 6482 2852 6482 2675 6483 2850 6483 2846 6483 2675 6484 2852 6484 2850 6484 2675 6485 2673 6485 2852 6485 2677 6486 2675 6486 2846 6486 2679 6487 2846 6487 2845 6487 2679 6488 2677 6488 2846 6488 2681 6489 2845 6489 2848 6489 2681 6490 2679 6490 2845 6490 0 6491 2848 6491 1 6491 0 6492 2681 6492 2848 6492 347 6493 349 6493 3071 6493 3071 6494 349 6494 3072 6494 364 6495 3073 6495 363 6495 363 6496 3073 6496 362 6496 365 6497 3073 6497 364 6497 3074 6498 3075 6498 3076 6498 3076 6499 3075 6499 3077 6499 3077 6500 3075 6500 3078 6500 3078 6501 3075 6501 3079 6501 3080 6502 3081 6502 3074 6502 3074 6503 3081 6503 3075 6503 3080 6504 3082 6505 3081 6506 3083 6507 3084 6507 3080 6507 3080 6508 3084 6509 3082 6510 3083 6511 3085 6512 3084 6513 3086 6514 3087 6514 3088 6514 3089 6515 3090 6516 3086 6517 3086 6518 3090 6519 3087 6520 3089 6521 3091 6521 3090 6521 3087 6522 3092 6522 3093 6522 3072 6523 3094 6523 3089 6523 351 6524 3094 6524 350 6524 350 6525 3094 6525 349 6525 3089 6526 3094 6526 3091 6526 349 6527 3094 6527 3072 6527 3091 6528 3095 6528 3090 6529 3094 6530 3095 6531 3091 6532 3087 6533 3095 6533 3092 6533 3090 6534 3095 6535 3087 6536 3096 6537 3097 6537 3098 6537 3098 6538 3097 6538 3099 6538 358 6539 3100 6539 357 6539 357 6540 3100 6540 3101 6540 3101 6541 3100 6541 3102 6541 359 6542 3103 6542 358 6542 358 6543 3103 6543 3100 6543 3103 6544 3104 6544 3105 6544 359 6545 3104 6545 3103 6545 360 6546 3106 6546 359 6546 359 6547 3106 6548 3104 6549 3104 6550 3106 6550 3105 6550 365 6551 3107 6551 3073 6551 3099 6552 3107 6552 365 6552 3073 6553 3108 6553 362 6553 360 6554 3108 6554 3106 6554 362 6555 3108 6555 361 6555 361 6556 3108 6556 360 6556 3109 6557 3110 6558 3111 6558 3111 6559 3110 6559 3112 6559 3112 6560 3110 6560 3113 6560 3113 6561 3110 6561 3083 6561 3083 6562 3110 6562 3085 6562 3079 6563 3114 6564 3115 6565 3114 6566 3116 6566 3115 6566 3117 6567 3116 6567 3114 6567 3117 6568 3118 6568 3116 6568 3115 6569 3118 6569 3119 6569 3116 6570 3118 6570 3115 6571 3120 6572 3118 6572 3121 6572 3119 6573 3118 6573 3120 6573 3121 6574 3118 6574 3117 6574 3122 6575 3123 6575 3124 6575 3088 6576 3125 6576 3126 6576 3126 6577 3125 6578 3122 6579 3123 6580 3125 6581 3093 6582 3087 6583 3125 6583 3088 6583 3093 6584 3125 6584 3087 6584 3122 6585 3125 6585 3123 6585 3093 6586 3127 6586 3123 6586 3128 6587 3129 6588 3121 6589 3120 6590 3129 6590 3130 6590 3121 6591 3129 6591 3120 6591 3127 6592 3131 6592 3132 6592 3095 6593 3133 6594 3134 6595 3094 6596 3133 6596 3095 6596 352 6597 3133 6597 351 6597 351 6598 3133 6598 3094 6598 3134 6599 3133 6600 352 6601 3135 6602 3136 6602 3131 6602 3137 6603 3136 6603 3135 6603 3138 6604 3136 6604 3137 6604 3098 6605 3139 6605 3096 6605 3119 6606 3139 6606 3098 6606 3120 6607 3139 6607 3119 6607 353 6608 3140 6608 352 6608 352 6609 3140 6609 3134 6609 3138 6610 3141 6610 3136 6610 3138 6611 3142 6611 3141 6612 3141 6613 3142 6614 3130 6615 3143 6616 3142 6616 3138 6616 353 6617 3144 6617 3140 6617 3142 6618 3145 6618 3130 6618 3143 6619 3145 6619 3142 6620 3139 6621 3146 6621 3096 6621 3120 6622 3146 6622 3139 6622 3130 6623 3146 6623 3120 6623 3096 6624 3146 6624 3102 6624 3143 6625 3147 6626 3145 6627 3145 6628 3147 6629 3130 6628 3148 6630 3147 6630 3143 6630 354 6631 3149 6631 353 6631 353 6632 3149 6632 3144 6632 3144 6633 3149 6633 3135 6633 3135 6634 3149 6634 3137 6634 354 6635 3150 6636 3149 6637 3149 6638 3150 6638 3137 6638 3146 6639 3151 6639 3102 6639 3147 6640 3151 6641 3130 6642 3148 6643 3151 6644 3147 6644 3101 6645 3151 6645 3148 6645 3130 6646 3151 6646 3146 6646 3102 6647 3151 6647 3101 6647 354 6648 3152 6649 3150 6650 3137 6651 3152 6651 3138 6651 3150 6652 3152 6653 3137 6654 354 6655 3153 6655 3152 6655 355 6656 3153 6656 354 6656 3138 6657 3153 6657 3143 6657 3152 6658 3153 6658 3138 6658 355 6659 3154 6659 3153 6659 3153 6660 3154 6661 3143 6662 355 6663 3155 6664 3154 6665 3143 6666 3155 6666 3148 6666 3154 6667 3155 6667 3143 6667 356 6668 3156 6668 355 6668 3148 6669 3156 6669 3101 6669 355 6670 3156 6670 3155 6670 3155 6671 3156 6671 3148 6671 3096 6672 3157 6672 3097 6672 3102 6673 3157 6673 3096 6673 3097 6674 3157 6674 3105 6674 357 6675 3158 6675 356 6675 3101 6676 3158 6676 357 6676 356 6677 3158 6677 3156 6677 3156 6678 3158 6679 3101 6679 3108 6680 3159 6680 3106 6680 3107 6681 3159 6681 3073 6681 3105 6682 3159 6682 3097 6682 3097 6683 3159 6683 3099 6683 3073 6684 3159 6684 3108 6684 3106 6685 3159 6685 3105 6685 3099 6686 3159 6686 3107 6686 3110 6687 3160 6687 3085 6687 3085 6688 3160 6689 3084 6690 3082 6691 3160 6692 3081 6693 3084 6694 3160 6695 3082 6696 3161 6697 3162 6697 3160 6697 3114 6698 3162 6699 3117 6699 3124 6700 3163 6700 3164 6700 3164 6701 3163 6701 3165 6701 3165 6702 3163 6702 3166 6702 3166 6703 3163 6704 3167 6705 3123 6706 3163 6706 3124 6706 3123 6707 3168 6707 3163 6707 3127 6708 3168 6708 3123 6708 3169 6709 3170 6709 3171 6709 3127 6710 3170 6710 3168 6710 3171 6711 3170 6711 3172 6711 3168 6712 3170 6712 3161 6712 3172 6713 3170 6713 3132 6713 3132 6714 3170 6714 3127 6714 3134 6715 3173 6715 3095 6715 3092 6716 3173 6717 3093 6717 3095 6718 3173 6718 3092 6718 3093 6719 3173 6719 3127 6719 3171 6720 3174 6721 3169 6722 3172 6723 3174 6723 3171 6723 3131 6724 3174 6724 3132 6724 3136 6725 3174 6725 3131 6725 3132 6726 3174 6726 3172 6726 3173 6727 3175 6727 3127 6727 3127 6728 3175 6728 3131 6728 3134 6729 3175 6729 3173 6729 3140 6730 3175 6730 3134 6730 3174 6731 3176 6732 3128 6733 3136 6734 3176 6734 3174 6734 3128 6735 3176 6736 3129 6736 3141 6737 3176 6737 3136 6737 3130 6738 3176 6738 3141 6738 3129 6739 3176 6739 3130 6739 3140 6740 3177 6740 3175 6740 3175 6741 3177 6742 3131 6741 3131 6743 3177 6743 3135 6743 3144 6744 3177 6744 3140 6744 3135 6745 3177 6746 3144 6747 3105 6748 3178 6748 3103 6748 3100 6749 3178 6749 3102 6749 3103 6750 3178 6750 3100 6750 3102 6751 3178 6751 3157 6751 3157 6752 3178 6752 3105 6752 3114 6753 3179 6753 3162 6753 3079 6754 3179 6754 3114 6754 3162 6755 3179 6755 3160 6755 3081 6756 3179 6756 3075 6756 3075 6757 3179 6757 3079 6757 3160 6758 3179 6758 3081 6758 3163 6759 3180 6759 3167 6759 3110 6760 3180 6760 3160 6760 3167 6761 3180 6761 3181 6761 3181 6762 3180 6763 3109 6764 3161 6765 3180 6765 3168 6765 3160 6766 3180 6766 3161 6766 3168 6767 3180 6767 3163 6767 3109 6768 3180 6768 3110 6768 3162 6769 3182 6769 3117 6769 3169 6770 3182 6771 3170 6772 3161 6773 3182 6773 3162 6773 3170 6774 3182 6775 3161 6776 3182 6777 3183 6777 3117 6777 3128 6778 3183 6778 3174 6778 3174 6779 3183 6779 3169 6779 3121 6780 3183 6780 3128 6780 3169 6781 3183 6781 3182 6781 3117 6782 3183 6782 3121 6782 3184 6783 3185 6784 3186 6785 3185 6786 3187 6787 3186 6787 3188 6788 3077 6788 3078 6788 333 6789 334 6789 3189 6789 334 6790 335 6790 3189 6790 348 6791 347 6791 3071 6791 404 6792 3190 6793 407 6794 402 6795 3190 6796 404 6797 400 6798 3190 6798 402 6798 398 6799 3190 6799 400 6799 396 6800 3190 6801 398 6802 394 6803 3190 6804 396 6805 3191 6806 3192 6806 3185 6806 3193 6807 3192 6808 3194 6809 3187 6810 3192 6811 3193 6812 3185 6813 3192 6813 3187 6813 3191 6814 3195 6814 3192 6814 3192 6815 3195 6815 3194 6815 3196 6816 3195 6817 3191 6818 3194 6819 3197 6819 3198 6819 3198 6820 3197 6821 3199 6822 3194 6823 3200 6824 3197 6825 3195 6826 3200 6826 3194 6826 2490 6827 3201 6827 2493 6827 2493 6828 3201 6828 3200 6828 3200 6829 3201 6830 3197 6831 3197 6832 3202 6832 3199 6832 3203 6833 3202 6833 3204 6833 3199 6834 3202 6834 3203 6834 3201 6835 3202 6836 3197 6837 3202 6838 3205 6838 3204 6838 3201 6839 3205 6840 3202 6841 3205 6842 3206 6842 3204 6842 3201 6843 3206 6844 3205 6845 2490 6846 3206 6846 3201 6846 2488 6847 3207 6847 2490 6847 2490 6848 3207 6848 3206 6848 3207 6849 3208 6850 3206 6851 3209 6852 3208 6853 3210 6854 3204 6855 3208 6855 3209 6855 3206 6856 3208 6856 3204 6856 3207 6857 3211 6858 3208 6859 3208 6860 3211 6860 3210 6860 3210 6861 3211 6861 3212 6861 3211 6862 3213 6863 3212 6864 3207 6865 3213 6866 3211 6867 2488 6868 3213 6868 3207 6868 2485 6869 3214 6870 2488 6871 2488 6872 3214 6872 3213 6872 3214 6873 3215 6874 3213 6875 3213 6876 3215 6876 3212 6876 3216 6877 3215 6878 3217 6877 3212 6879 3215 6880 3216 6881 2485 6882 3218 6882 3214 6882 3215 6883 3218 6883 3217 6883 3214 6884 3218 6885 3215 6886 2483 6887 3219 6888 2485 6889 2485 6890 3219 6891 3218 6892 3218 6893 3220 6893 3217 6893 3221 6894 3220 6894 3222 6894 3217 6895 3220 6896 3221 6897 3219 6898 3220 6899 3218 6900 2483 6901 3223 6901 3219 6901 3219 6902 3223 6903 3220 6904 3220 6905 3223 6906 3222 6907 2483 6908 3224 6908 3223 6908 3223 6909 3224 6909 3222 6909 3222 6910 3224 6910 3225 6910 3226 6911 3227 6911 3228 6911 2503 6912 3227 6912 382 6912 3224 6913 3229 6913 3225 6913 2480 6914 3229 6914 2483 6914 2483 6915 3229 6915 3224 6915 2480 6916 3230 6917 3229 6918 3225 6919 3230 6920 3231 6921 3229 6922 3230 6923 3225 6924 2480 6925 3232 6926 3230 6927 3231 6928 3232 6928 3233 6928 3230 6929 3232 6929 3231 6929 3234 6930 3235 6930 3226 6930 382 6931 3235 6932 385 6933 3226 6934 3235 6934 3227 6934 3227 6935 3235 6935 382 6935 3232 6936 3236 6937 3233 6938 2480 6939 3236 6940 3232 6941 2478 6942 3237 6942 2480 6942 2480 6943 3237 6944 3236 6945 3233 6946 3237 6946 3238 6946 3236 6947 3237 6948 3233 6949 3234 6950 3239 6950 3235 6950 3235 6951 3239 6952 385 6953 3237 6954 3240 6955 3238 6956 2478 6957 3240 6958 3237 6959 3238 6960 3241 6960 3242 6960 3240 6961 3241 6962 3238 6963 2478 6964 3241 6965 3240 6966 3241 6967 3243 6968 3242 6969 3242 6970 3243 6970 3244 6970 3234 6971 3245 6971 3239 6971 3246 6972 3245 6972 3234 6972 385 6973 3245 6974 387 6975 3239 6976 3245 6976 385 6976 2476 6977 3247 6977 2478 6977 3241 6978 3247 6979 3243 6980 2478 6981 3247 6981 3241 6981 3247 6982 3248 6983 3243 6984 2476 6985 3248 6986 3247 6987 3243 6988 3248 6989 3244 6990 387 6991 3249 6991 390 6991 3245 6992 3249 6993 387 6994 3250 6995 3251 6995 3252 6995 3244 6996 3251 6997 3250 6998 3248 6999 3251 6999 3244 6999 2474 7000 3253 7001 2476 7002 3248 7003 3253 7004 3251 7005 2476 7006 3253 7006 3248 7006 3251 7007 3254 7007 3252 7007 2474 7008 3254 7009 3253 7010 3253 7011 3254 7012 3251 7013 394 7014 3255 7014 3190 7014 3245 7015 3255 7016 3249 7017 3256 7018 3255 7018 3257 7018 3257 7019 3255 7019 3246 7019 392 7020 3255 7020 394 7020 390 7021 3255 7021 392 7021 3246 7022 3255 7022 3245 7022 3249 7023 3255 7024 390 7025 3254 7026 3258 7026 3252 7026 3259 7027 3258 7028 3260 7029 3252 7030 3258 7030 3259 7030 2472 7031 3261 7031 2474 7031 2474 7032 3261 7033 3254 7034 3254 7035 3261 7036 3258 7037 3258 7038 3262 7038 3260 7038 3261 7039 3262 7040 3258 7041 3263 7042 3264 7043 3265 7044 3260 7045 3264 7046 3263 7047 3262 7048 3264 7048 3260 7048 2469 7049 3266 7049 2472 7050 2472 7051 3266 7051 3261 7051 3262 7052 3266 7053 3264 7054 3261 7055 3266 7056 3262 7057 3264 7058 3267 7059 3265 7060 3266 7061 3267 7062 3264 7063 3267 7064 3268 7064 3265 7064 3269 7065 3270 7065 3271 7065 3265 7066 3270 7067 3269 7068 3268 7069 3270 7070 3265 7071 2466 7072 3272 7073 2469 7073 3267 7074 3272 7075 3268 7076 2469 7077 3272 7077 3266 7077 3268 7078 3272 7079 3270 7080 3266 7081 3272 7082 3267 7083 3256 7084 3273 7084 3255 7084 3274 7085 3273 7085 3256 7085 3255 7086 3273 7086 3190 7086 3274 7087 3275 7087 3273 7087 3273 7088 3275 7088 3190 7088 3272 7089 3276 7090 3270 7091 3271 7092 3276 7092 3277 7092 3270 7093 3276 7093 3271 7093 3277 7094 3276 7094 3278 7094 3272 7095 3279 7096 3276 7097 2466 7098 3279 7098 3272 7098 3276 7099 3279 7100 3278 7101 3280 7102 3281 7103 3274 7104 3275 7105 3281 7105 3190 7105 3274 7106 3281 7106 3275 7106 3280 7107 3282 7107 3281 7107 3283 7108 3284 7108 3280 7108 3280 7109 3284 7109 3282 7109 3285 7110 3286 7110 3287 7110 3287 7111 3286 7111 3283 7111 3283 7112 3286 7112 3284 7113 3288 7114 3289 7114 3290 7114 3278 7115 3289 7115 3288 7116 3289 7117 3291 7118 3290 7119 3290 7120 3291 7120 3188 7120 3188 7121 3291 7121 3077 7121 3077 7122 3291 7122 3076 7122 3279 7123 3292 7123 3278 7123 3278 7124 3292 7125 3289 7126 3289 7127 3292 7127 3291 7128 3291 7129 3292 7129 3076 7129 3074 7130 3292 7131 3080 7132 3076 7133 3292 7133 3074 7133 2457 7134 3293 7134 2459 7134 3083 7135 3293 7135 3113 7135 3080 7136 3293 7136 3083 7136 440 7137 3294 7137 2457 7137 2457 7138 3294 7138 3293 7138 3293 7139 3294 7139 3113 7139 3113 7140 3294 7140 3112 7140 434 7141 3295 7141 436 7141 432 7142 3295 7143 434 7144 430 7145 3295 7146 432 7147 429 7148 3295 7149 430 7150 427 7151 3295 7152 429 7153 425 7154 3296 7155 427 7156 423 7157 3296 7157 425 7157 421 7158 3296 7159 423 7160 3295 7161 3296 7162 3297 7163 427 7164 3296 7165 3295 7166 438 7167 3298 7168 440 7169 440 7170 3298 7170 3294 7170 3294 7171 3298 7171 3112 7171 3112 7172 3298 7172 3111 7172 436 7173 3299 7173 438 7173 3295 7174 3299 7174 436 7174 438 7175 3299 7175 3298 7175 3297 7176 3299 7176 3295 7176 3181 7177 3299 7177 3297 7177 3298 7178 3299 7178 3111 7178 3109 7179 3299 7179 3181 7179 3111 7180 3299 7180 3109 7180 3300 7181 3301 7181 3302 7181 3302 7182 3301 7182 3303 7182 3301 7183 3304 7184 3303 7184 336 7185 3305 7186 335 7187 3189 7188 3305 7188 3300 7188 3300 7189 3305 7190 3301 7191 335 7192 3305 7192 3189 7192 337 7193 3306 7193 336 7193 336 7194 3306 7194 3305 7194 3301 7195 3306 7196 3304 7197 3305 7198 3306 7199 3301 7200 3297 7201 3307 7201 3181 7201 3166 7202 3307 7202 3165 7202 3167 7203 3307 7203 3166 7203 3181 7204 3307 7204 3167 7204 3307 7205 3308 7206 3165 7207 3297 7208 3308 7209 3307 7208 3308 7210 3309 7211 3165 7212 3165 7213 3309 7213 3164 7213 3309 7214 3310 7214 3164 7214 3122 7215 3310 7215 3126 7215 3124 7216 3310 7216 3122 7216 3164 7217 3310 7217 3124 7217 3310 7218 3311 7218 3126 7218 3126 7219 3311 7220 3088 7221 3311 7222 3312 7222 3088 7222 3088 7223 3312 7224 3086 7225 344 7226 3313 7226 343 7226 3312 7227 3314 7227 3086 7227 3313 7228 3314 7229 3312 7230 3086 7231 3314 7231 3089 7231 346 7232 3315 7232 345 7232 345 7233 3315 7233 344 7233 3313 7234 3315 7235 3314 7236 344 7237 3315 7238 3313 7239 348 7240 3316 7240 346 7240 3071 7241 3316 7241 348 7241 346 7242 3316 7242 3315 7242 3314 7243 3316 7243 3089 7243 3315 7244 3316 7245 3314 7244 3072 7246 3316 7247 3071 7248 3089 7249 3316 7249 3072 7249 3196 7250 3317 7251 3195 7252 3228 7253 3317 7253 3318 7253 3318 7254 3317 7254 3319 7254 3319 7255 3317 7255 3196 7255 3227 7256 3317 7256 3228 7256 3195 7257 3317 7257 3200 7257 2493 7258 3320 7258 2496 7258 3227 7259 3320 7259 3317 7259 3317 7260 3320 7260 3200 7260 3200 7261 3320 7261 2493 7261 2503 7262 3320 7262 3227 7262 2501 7263 3320 7263 2503 7263 2498 7264 3320 7264 2501 7264 2496 7265 3320 7266 2498 7265 2464 7267 3321 7268 2466 7269 2462 7270 3321 7271 2464 7272 2459 7273 3321 7273 2462 7273 2466 7274 3321 7274 3279 7274 3293 7275 3321 7275 2459 7275 3292 7276 3321 7276 3080 7276 3080 7277 3321 7277 3293 7277 3279 7278 3321 7278 3292 7278 3285 7279 3322 7279 3286 7279 3303 7280 3322 7280 3323 7280 3323 7281 3322 7282 3324 7283 3324 7284 3322 7284 3285 7284 3304 7285 3322 7285 3303 7285 3286 7286 3322 7286 3325 7286 3281 7287 3326 7287 3190 7287 3282 7288 3326 7288 3281 7288 3284 7289 3326 7289 3282 7289 3286 7290 3326 7291 3284 7292 3325 7293 3326 7293 3286 7293 3327 7294 3326 7294 3325 7294 3326 7295 3328 7295 3190 7295 3327 7296 3328 7296 3326 7296 3328 7297 3329 7297 3190 7297 3327 7298 3329 7299 3328 7300 3330 7301 3329 7301 3327 7301 3331 7302 3332 7302 3330 7302 3330 7303 3332 7304 3329 7305 3329 7306 3332 7306 3190 7306 3333 7307 3334 7308 3331 7309 407 7310 3334 7310 409 7310 3190 7311 3334 7311 407 7311 3332 7312 3334 7312 3190 7312 3331 7313 3334 7313 3332 7313 3333 7314 3335 7315 3334 7316 3334 7317 3335 7318 409 7319 409 7320 3336 7321 411 7322 3335 7323 3336 7324 409 7325 3333 7326 3336 7327 3335 7328 3337 7329 3338 7329 3333 7329 3333 7330 3338 7331 3336 7332 3337 7333 3339 7333 3338 7333 3338 7334 3339 7335 3336 7336 3337 7337 3340 7337 3339 7337 3341 7338 3340 7338 3337 7338 338 7339 3342 7339 337 7339 3304 7340 3342 7340 3322 7340 3322 7341 3342 7341 3325 7341 337 7342 3342 7343 3306 7344 3306 7345 3342 7345 3304 7345 3341 7346 3343 7346 3340 7346 3311 7347 3343 7348 3341 7349 339 7350 3344 7350 338 7350 338 7351 3344 7351 3342 7351 3342 7352 3344 7352 3325 7352 3325 7353 3344 7353 3327 7353 3311 7354 3345 7355 3343 7356 3297 7357 3345 7357 3308 7357 3310 7358 3345 7359 3311 7360 3308 7361 3345 7361 3309 7361 3309 7362 3345 7362 3310 7362 3343 7363 3345 7364 3297 7365 339 7366 3346 7367 3344 7368 3344 7369 3346 7369 3327 7369 3327 7370 3347 7371 3330 7372 3346 7373 3347 7373 3327 7373 339 7374 3347 7375 3346 7376 340 7377 3348 7377 339 7377 339 7378 3348 7378 3347 7378 3347 7379 3348 7379 3330 7379 3330 7380 3349 7380 3331 7380 340 7381 3349 7381 3348 7381 3348 7382 3349 7382 3330 7382 3349 7383 3350 7384 3331 7385 340 7386 3350 7387 3349 7388 3331 7389 3350 7390 3333 7391 340 7392 3351 7393 3350 7394 341 7395 3351 7396 340 7397 3350 7398 3351 7399 3333 7400 3333 7401 3351 7402 3337 7403 3337 7404 3352 7404 3341 7404 341 7405 3352 7405 3351 7405 3351 7406 3352 7406 3337 7406 342 7407 3353 7407 341 7407 3352 7408 3353 7408 3341 7408 341 7409 3353 7409 3352 7409 343 7410 3354 7410 342 7410 342 7411 3354 7411 3353 7411 3341 7412 3354 7413 3311 7414 3311 7415 3354 7415 3312 7415 3353 7416 3354 7416 3341 7416 3313 7417 3354 7417 343 7417 3312 7418 3354 7418 3313 7418 3336 7419 3355 7419 411 7419 414 7420 3355 7421 416 7422 411 7423 3355 7424 414 7425 3339 7426 3355 7427 3336 7428 3340 7429 3355 7429 3339 7429 418 7430 3356 7430 421 7430 3340 7431 3356 7432 3355 7433 416 7434 3356 7434 418 7434 3297 7435 3356 7435 3343 7435 3296 7436 3356 7436 3297 7436 421 7437 3356 7437 3296 7437 3355 7438 3356 7438 416 7439 3343 7440 3356 7440 3340 7440 3189 7441 332 7441 333 7441 316 7442 3046 7442 315 7442 316 7443 3045 7443 3046 7443 316 7444 3044 7444 3045 7444 3357 7445 3032 7445 3034 7445 3042 7446 3358 7446 3041 7446 3300 7447 3359 7448 3189 7449 3302 7450 3359 7450 3300 7450 3303 7451 3359 7451 3302 7451 3189 7452 3359 7452 332 7452 332 7453 3360 7453 331 7453 331 7454 3360 7454 330 7454 3359 7455 3360 7456 332 7457 3359 7458 3361 7458 3360 7458 3303 7459 3362 7459 3359 7459 3359 7460 3362 7460 3361 7460 3323 7461 3362 7461 3303 7461 3324 7462 3362 7463 3323 7464 3280 7465 3363 7465 3283 7465 3274 7466 3364 7466 3280 7466 3280 7467 3364 7468 3363 7469 3256 7470 3365 7470 3274 7470 3274 7471 3365 7471 3364 7471 3256 7472 3366 7473 3365 7474 3257 7475 3366 7475 3256 7475 3257 7476 3367 7476 3366 7476 3257 7477 3368 7478 3367 7479 3246 7480 3368 7480 3257 7480 3318 7481 3369 7481 3228 7481 3319 7482 3369 7482 3318 7482 3196 7483 3369 7483 3319 7483 3196 7484 3370 7485 3369 7484 3371 7486 3370 7486 3184 7486 3191 7487 3370 7487 3196 7487 3185 7488 3370 7488 3191 7488 3184 7489 3370 7490 3185 7491 3372 7492 3373 7492 322 7492 3374 7493 3373 7493 3372 7493 322 7494 3375 7494 321 7494 3373 7495 3375 7495 322 7495 3374 7496 3375 7496 3373 7496 321 7497 3376 7497 320 7497 3375 7498 3376 7499 321 7500 3376 7501 3377 7501 320 7501 320 7502 3377 7502 319 7502 3358 7503 3378 7503 3377 7503 319 7504 3378 7504 318 7504 3377 7505 3378 7506 319 7507 3379 7508 3380 7508 3381 7508 3358 7509 3382 7510 3378 7511 3378 7512 3382 7513 318 7514 3382 7515 3383 7515 318 7515 3358 7516 3383 7517 3382 7518 318 7519 3383 7519 317 7519 317 7520 3383 7520 316 7520 3044 7521 3383 7521 3043 7521 3043 7522 3383 7522 3042 7522 3042 7523 3383 7523 3358 7523 316 7524 3383 7524 3044 7524 3384 7525 3385 7525 3386 7525 3357 7526 3385 7526 3384 7526 330 7527 3387 7527 329 7527 3361 7528 3387 7528 3360 7528 3360 7529 3387 7529 330 7529 3362 7530 3387 7530 3361 7530 3387 7531 3388 7531 3389 7531 3362 7532 3388 7532 3387 7532 3285 7533 3388 7533 3324 7533 3287 7534 3388 7534 3285 7534 3283 7535 3388 7535 3287 7535 3324 7536 3388 7536 3362 7536 3389 7537 3388 7537 3363 7537 3363 7538 3388 7538 3283 7538 329 7539 3390 7539 328 7539 3389 7540 3390 7540 3387 7540 3387 7541 3390 7541 329 7541 3390 7542 3391 7543 328 7543 3392 7544 3391 7544 3389 7544 3389 7545 3391 7545 3390 7545 3391 7546 3393 7547 328 7548 3392 7549 3393 7549 3391 7549 328 7550 3394 7550 327 7550 3393 7551 3394 7552 328 7553 3392 7554 3394 7555 3393 7556 3395 7557 3394 7558 3392 7559 3396 7560 3397 7561 3395 7562 3395 7563 3397 7563 3394 7563 3394 7564 3397 7565 327 7566 3396 7567 3398 7568 3397 7567 3397 7569 3398 7570 327 7571 327 7572 3399 7572 326 7572 3396 7573 3399 7574 3398 7575 3398 7576 3399 7577 327 7578 3400 7579 3399 7579 3396 7579 3399 7580 3401 7580 326 7580 3400 7581 3401 7581 3399 7581 3402 7582 3401 7582 3400 7582 3401 7583 3403 7584 326 7585 3402 7586 3403 7587 3401 7588 326 7589 3404 7589 325 7589 3403 7590 3404 7590 326 7590 3402 7591 3404 7592 3403 7593 3405 7594 3404 7594 3402 7594 3404 7595 3406 7596 325 7597 3405 7598 3406 7598 3404 7598 3364 7599 3407 7599 3363 7599 3389 7600 3407 7600 3392 7600 3363 7601 3407 7601 3389 7601 3392 7602 3407 7602 3395 7602 3407 7603 3408 7603 3395 7604 3369 7605 3409 7605 3228 7605 3410 7606 3409 7606 3411 7606 3234 7607 3409 7607 3246 7607 3226 7608 3409 7608 3234 7608 3228 7609 3409 7610 3226 7609 3246 7611 3409 7611 3368 7611 3368 7612 3409 7613 3410 7614 325 7615 3412 7615 324 7615 3406 7616 3412 7616 325 7616 3405 7617 3412 7618 3406 7619 3413 7620 3412 7620 3405 7620 3395 7621 3414 7621 3396 7621 3408 7622 3414 7623 3395 7624 3414 7625 3415 7625 3396 7626 3416 7627 3415 7627 3414 7627 3416 7628 3417 7629 3415 7630 3415 7631 3417 7632 3396 7633 3396 7634 3417 7634 3400 7634 3416 7635 3418 7636 3417 7637 3417 7638 3418 7639 3400 7640 3402 7641 3419 7641 3405 7641 3400 7642 3419 7642 3402 7642 3416 7643 3419 7643 3418 7644 3418 7645 3419 7646 3400 7647 324 7648 3420 7648 323 7648 323 7649 3420 7649 322 7649 322 7650 3420 7650 3372 7650 3412 7651 3420 7651 324 7651 3413 7652 3420 7652 3412 7652 3372 7653 3420 7653 3413 7653 3411 7654 3421 7654 3410 7654 3410 7655 3421 7655 3368 7655 3422 7656 3421 7656 3411 7656 3422 7657 3423 7657 3421 7657 3369 7658 3424 7658 3409 7658 3409 7659 3424 7659 3411 7659 3425 7660 3424 7660 3371 7660 3371 7661 3424 7661 3370 7661 3370 7662 3424 7662 3369 7662 3426 7663 3427 7663 3422 7663 3422 7664 3427 7664 3423 7664 3423 7665 3427 7665 3416 7665 3405 7666 3428 7666 3413 7666 3413 7667 3428 7667 3372 7667 3372 7668 3428 7668 3374 7668 3425 7669 3429 7670 3424 7671 3424 7672 3429 7672 3411 7672 3411 7673 3429 7673 3422 7673 3416 7674 3430 7674 3419 7674 3425 7675 3431 7676 3429 7675 3429 7677 3431 7677 3422 7677 3422 7678 3432 7678 3426 7678 3425 7679 3432 7679 3431 7679 3433 7680 3432 7680 3425 7680 3431 7681 3432 7681 3422 7681 3426 7682 3432 7682 3433 7682 3428 7683 3434 7683 3374 7683 3380 7684 3434 7684 3381 7684 3381 7685 3434 7686 3430 7687 3430 7688 3434 7688 3428 7688 3379 7689 3435 7689 3433 7689 3381 7690 3435 7690 3379 7690 3433 7691 3435 7691 3426 7691 3374 7692 3436 7692 3375 7692 3375 7693 3436 7693 3376 7693 3376 7694 3437 7694 3377 7694 3377 7695 3437 7695 3358 7695 3436 7696 3437 7696 3376 7696 3386 7697 3437 7697 3436 7697 3380 7698 3438 7699 3386 7699 3386 7700 3438 7700 3384 7700 3384 7701 3438 7701 3379 7701 3379 7702 3438 7702 3380 7702 3437 7703 3439 7703 3358 7703 3386 7704 3439 7704 3437 7704 3358 7705 3439 7705 3385 7705 3385 7706 3439 7706 3386 7706 3358 7707 3440 7707 3041 7707 3041 7708 3440 7709 3040 7710 3040 7711 3440 7711 3039 7711 3039 7712 3440 7712 3038 7712 3038 7713 3440 7713 3034 7713 3357 7714 3440 7714 3385 7714 3385 7715 3440 7715 3358 7715 3034 7716 3440 7716 3357 7716 3421 7717 3441 7717 3368 7717 3416 7718 3441 7718 3423 7718 3423 7719 3441 7719 3421 7719 3367 7720 3441 7720 3366 7720 3366 7721 3441 7721 3365 7721 3407 7722 3441 7722 3408 7722 3408 7723 3441 7724 3414 7725 3414 7726 3441 7726 3416 7726 3365 7727 3441 7727 3364 7727 3368 7728 3441 7728 3367 7728 3364 7729 3441 7729 3407 7729 3405 7730 3442 7730 3428 7730 3419 7731 3442 7731 3405 7731 3430 7732 3442 7732 3419 7732 3428 7733 3442 7734 3430 7735 3427 7736 3443 7736 3416 7736 3416 7737 3443 7737 3430 7737 3435 7738 3443 7738 3426 7738 3430 7739 3443 7739 3381 7739 3381 7740 3443 7740 3435 7740 3426 7741 3443 7741 3427 7741 3386 7742 3444 7742 3380 7742 3380 7743 3444 7743 3434 7744 3436 7745 3444 7745 3386 7745 3434 7746 3444 7746 3374 7746 3374 7747 3444 7747 3436 7747 3445 7748 3029 7749 3032 7750 3445 7751 3032 7751 3357 7751 3446 7752 3030 7753 3029 7754 3446 7755 3029 7756 3445 7757 3447 7758 3031 7759 3030 7760 3447 7761 2382 7761 3031 7762 3447 7763 3030 7764 3446 7765 3448 7766 2380 7766 2382 7766 3448 7767 3447 7768 3446 7767 3448 7769 2382 7769 3447 7769 3448 7770 3446 7771 3445 7772 3448 7773 3445 7773 3357 7773 3449 7774 3450 7774 3451 7775 3452 7776 3357 7776 3384 7776 3452 7777 3453 7777 3448 7777 3452 7778 3448 7778 3357 7778 3454 7779 3452 7779 3384 7779 3454 7780 3453 7780 3452 7780 3455 7781 3454 7781 3384 7781 3455 7782 3453 7782 3454 7782 3455 7783 3451 7783 3450 7783 3456 7784 3455 7784 3450 7784 3456 7785 3453 7785 3455 7785 3457 7786 2380 7786 3448 7787 3457 7788 3448 7788 3453 7788 3457 7789 3458 7790 2380 7791 3459 7792 3451 7793 3379 7794 3460 7795 3458 7796 3450 7795 3460 7797 3450 7798 3449 7799 3460 7800 2380 7801 3458 7802 3461 7803 3460 7803 3449 7803 3461 7804 2380 7804 3460 7804 3462 7805 3459 7805 3379 7805 3463 7806 2379 7806 2380 7806 3463 7807 3461 7807 3464 7807 3463 7808 2380 7808 3461 7808 3465 7809 3466 7809 3433 7809 3467 7810 3468 7811 3469 7812 3470 7813 3467 7814 3469 7815 3471 7816 3469 7817 3472 7818 3471 7819 3470 7820 3469 7821 3473 7822 3471 7823 3472 7824 3474 7825 3473 7826 3472 7827 3474 7828 3472 7829 3475 7830 3476 7831 3474 7832 3475 7833 3477 7834 3476 7835 3475 7836 3477 7837 3475 7838 3478 7839 3479 7840 3477 7841 3478 7842 3480 7843 3478 7843 3481 7843 3480 7844 3479 7844 3478 7844 3482 7845 3480 7846 3481 7847 3483 7848 3371 7849 3184 7848 3483 7850 3484 7851 3485 7851 3483 7852 3184 7853 3484 7853 3483 7854 3468 7855 3371 7856 3483 7857 3469 7858 3468 7857 3486 7859 3487 7860 3488 7860 3486 7861 3489 7861 3487 7862 3490 7863 3486 7864 3488 7864 3491 7865 3488 7866 3492 7867 3491 7868 3490 7869 3488 7870 3493 7871 3491 7871 3492 7871 3494 7872 3493 7873 3492 7872 3494 7874 3492 7874 3495 7874 3496 7875 3494 7876 3495 7877 3497 7878 3496 7878 3495 7878 3498 7879 3384 7879 3379 7879 3498 7880 3379 7880 3451 7880 3498 7881 3455 7881 3384 7881 3498 7882 3451 7883 3455 7884 3499 7885 3450 7885 3458 7885 3499 7886 3458 7886 3457 7886 3499 7887 3453 7887 3456 7887 3499 7888 3456 7888 3450 7888 3499 7889 3457 7889 3453 7889 3500 7890 3449 7891 3451 7892 3500 7893 3451 7893 3459 7893 3500 7894 3459 7894 3464 7894 3500 7895 3461 7895 3449 7895 3500 7896 3464 7896 3461 7896 3501 7897 3464 7897 3459 7897 3501 7898 3459 7898 3462 7898 3502 7899 3379 7899 3433 7899 3502 7900 3462 7901 3379 7902 3503 7903 3463 7903 3464 7903 3503 7904 3464 7904 3501 7904 3503 7905 3501 7906 3462 7907 3504 7908 3505 7908 3463 7908 3506 7909 3507 7909 3466 7909 3506 7910 3466 7910 3465 7910 3508 7911 3433 7912 3425 7912 3508 7913 3465 7913 3433 7913 3509 7914 3505 7914 3504 7914 3509 7915 3504 7915 3507 7915 3510 7916 3508 7916 3425 7916 3510 7917 3511 7917 3508 7917 3512 7918 3513 7918 3511 7918 3512 7919 3511 7919 3510 7919 3512 7920 3510 7920 3425 7920 3512 7921 3514 7921 3513 7921 3515 7922 3516 7922 3517 7922 3518 7923 3511 7923 3513 7923 3518 7924 3515 7925 3511 7926 3519 7927 3520 7927 3521 7927 3522 7928 2379 7929 3463 7930 3522 7931 3463 7931 3505 7931 3523 7932 3519 7932 3516 7932 3523 7933 3520 7933 3519 7933 3523 7934 3524 7934 3520 7934 3525 7935 3518 7936 3513 7937 3526 7938 2379 7938 3522 7938 3527 7939 2379 7940 3526 7941 3527 7942 3526 7943 3520 7944 3527 7945 3520 7945 3524 7945 3528 7946 3524 7946 3523 7946 3529 7947 3525 7947 3513 7947 3529 7948 3530 7948 3525 7948 3529 7949 3513 7949 3514 7949 3531 7950 3425 7950 3371 7951 3531 7952 3514 7952 3512 7952 3531 7953 3512 7953 3425 7953 3532 7954 3467 7955 3470 7956 3532 7957 3473 7958 3474 7959 3532 7960 3471 7961 3473 7962 3532 7963 3531 7963 3371 7963 3532 7964 3470 7965 3471 7966 3532 7967 3371 7968 3468 7969 3532 7970 3468 7971 3467 7972 3533 7973 3527 7973 3524 7973 3533 7974 2378 7974 2379 7974 3533 7975 2379 7975 3527 7975 3534 7976 3535 7977 3536 7978 3534 7979 3536 7980 3537 7981 3534 7982 3482 7983 3481 7984 3534 7985 3537 7986 3538 7987 3534 7988 3538 7989 3539 7990 3534 7991 3481 7992 3535 7991 3540 7993 3541 7994 3542 7995 3540 7996 3534 7997 3539 7998 3540 7999 3539 8000 3543 8001 3540 8002 3543 8003 3544 8004 3540 8005 3544 8006 3541 8007 3540 8008 3542 8009 3545 8010 3540 8011 3545 8011 3546 8012 3547 8013 3540 8013 3546 8013 3548 8014 3469 8014 3483 8014 3548 8015 3472 8016 3469 8017 3549 8018 3481 8019 3478 8018 3549 8020 3548 8021 3483 8022 3549 8023 3472 8024 3548 8023 3549 8025 3475 8025 3472 8025 3549 8026 3535 8026 3481 8026 3549 8027 3478 8028 3475 8029 3550 8030 3547 8030 3546 8030 3551 8031 3483 8031 3485 8031 3551 8032 3552 8032 3553 8032 3551 8033 3554 8034 3552 8035 3551 8036 3555 8037 3554 8038 3551 8039 3485 8040 3555 8041 3551 8042 3549 8043 3483 8044 3556 8045 3542 8045 3541 8046 3556 8047 3545 8048 3542 8049 3556 8050 3546 8050 3545 8050 3557 8051 3556 8051 3558 8051 3557 8052 3546 8052 3556 8052 3559 8053 3550 8053 3546 8053 3559 8054 3558 8054 3489 8054 3559 8055 3489 8055 3486 8055 3559 8056 3486 8057 3490 8058 3559 8059 3490 8060 3491 8061 3559 8062 3557 8063 3558 8064 3559 8065 3546 8066 3557 8067 3560 8068 3561 8068 3562 8068 3560 8069 3563 8069 3561 8069 3560 8070 3558 8070 3556 8070 3564 8071 3558 8072 3560 8073 3564 8074 3565 8074 3487 8074 3564 8075 3566 8076 3565 8077 3564 8078 3562 8078 3566 8078 3564 8079 3487 8079 3489 8079 3564 8080 3489 8081 3558 8081 3564 8082 3560 8083 3562 8084 3567 8085 2378 8085 3533 8085 3567 8086 3533 8086 3568 8086 3569 8087 3570 8088 3571 8089 3569 8090 3572 8091 3570 8090 3569 8092 3495 8092 3572 8093 3569 8094 3497 8094 3495 8094 3573 8095 3497 8096 3569 8097 3573 8098 3571 8098 3574 8098 3573 8099 3567 8099 3497 8099 3573 8100 3569 8101 3571 8100 3575 8102 3573 8102 3574 8102 3575 8103 3576 8104 2378 8105 3575 8106 3577 8106 3576 8106 3575 8107 3574 8108 3577 8109 3575 8110 3567 8110 3573 8111 3575 8112 2378 8112 3567 8112 3578 8113 3462 8113 3502 8113 3578 8114 3503 8114 3462 8115 3579 8116 3503 8116 3578 8116 3580 8117 3579 8117 3466 8118 3580 8119 3581 8120 3579 8119 3580 8121 3466 8121 3507 8121 3582 8122 3504 8122 3463 8122 3582 8123 3503 8123 3579 8123 3582 8124 3579 8124 3581 8124 3582 8125 3463 8126 3503 8127 3583 8128 3507 8129 3506 8128 3583 8130 3509 8131 3507 8130 3583 8132 3506 8133 3584 8134 3585 8135 3506 8135 3465 8135 3585 8136 3584 8136 3506 8136 3585 8137 3465 8137 3517 8137 3586 8138 3508 8138 3511 8138 3586 8139 3465 8140 3508 8141 3586 8142 3511 8142 3515 8142 3586 8143 3515 8144 3517 8145 3586 8146 3517 8146 3465 8146 3587 8147 3505 8147 3509 8147 3587 8148 3584 8149 3521 8150 3587 8151 3509 8152 3583 8153 3587 8154 3583 8155 3584 8156 3588 8157 3516 8157 3519 8157 3588 8158 3517 8158 3516 8158 3588 8159 3521 8159 3584 8159 3588 8160 3519 8161 3521 8160 3588 8162 3585 8162 3517 8162 3588 8163 3584 8163 3585 8163 3589 8164 3505 8164 3587 8164 3589 8165 3521 8166 3520 8167 3589 8168 3522 8168 3505 8168 3589 8169 3587 8169 3521 8169 3589 8170 3526 8171 3522 8172 3589 8173 3520 8173 3526 8173 3590 8174 3516 8174 3515 8174 3590 8175 3515 8176 3518 8177 3590 8178 3523 8178 3516 8178 3591 8179 3528 8179 3523 8179 3591 8180 3523 8180 3590 8180 3591 8181 3590 8181 3518 8181 3591 8182 3518 8182 3525 8183 3592 8184 3525 8184 3530 8184 3592 8185 3528 8185 3591 8185 3592 8186 3591 8186 3525 8186 3592 8187 3530 8187 3528 8187 3593 8188 3533 8188 3524 8188 3593 8189 3524 8189 3528 8189 3594 8190 3528 8190 3530 8190 3594 8191 3593 8192 3528 8193 3594 8194 3533 8194 3593 8194 3595 8195 3530 8195 3529 8195 3595 8196 3596 8196 3597 8196 3598 8197 3529 8197 3514 8197 3598 8198 3595 8198 3529 8198 3598 8199 3596 8200 3595 8199 3599 8201 3514 8201 3531 8201 3599 8202 3598 8202 3514 8202 3600 8203 3597 8203 3568 8203 3600 8204 3568 8204 3533 8204 3600 8205 3533 8205 3594 8205 3601 8206 3482 8206 3534 8206 3601 8207 3534 8207 3540 8207 3601 8208 3602 8208 3482 8209 3601 8210 3540 8210 3547 8210 3601 8211 3547 8211 3602 8211 3603 8212 3568 8213 3597 8214 3603 8215 3597 8215 3596 8215 3603 8216 3596 8216 3547 8216 3604 8217 3568 8217 3603 8217 3604 8218 3603 8218 3547 8218 3604 8219 3550 8220 3568 8221 3604 8222 3547 8223 3550 8224 3605 8225 3536 8226 3535 8227 3605 8228 3556 8228 3541 8228 3605 8229 3537 8230 3536 8231 3605 8232 3538 8233 3537 8234 3605 8235 3539 8236 3538 8237 3605 8238 3543 8239 3539 8240 3605 8241 3544 8242 3543 8243 3605 8244 3535 8245 3549 8246 3605 8247 3541 8248 3544 8249 3606 8250 3560 8250 3556 8250 3606 8251 3556 8251 3605 8251 3606 8252 3549 8252 3551 8252 3606 8253 3605 8253 3549 8253 3607 8254 3563 8254 3560 8254 3607 8255 3551 8255 3553 8255 3607 8256 3608 8257 3563 8258 3607 8259 3609 8259 3608 8259 3607 8260 3553 8261 3609 8262 3607 8263 3606 8264 3551 8265 3607 8266 3560 8266 3606 8266 3610 8267 3567 8267 3568 8267 3610 8268 3568 8269 3550 8270 3610 8271 3550 8271 3559 8271 3611 8272 3567 8272 3610 8272 3611 8273 3497 8274 3567 8275 3611 8276 3559 8276 3491 8276 3611 8277 3493 8278 3494 8279 3611 8280 3491 8280 3493 8280 3611 8281 3494 8281 3496 8281 3611 8282 3496 8283 3497 8282 3611 8284 3610 8284 3559 8284 3612 8285 3466 8285 3579 8285 3612 8286 3433 8286 3466 8286 3612 8287 3502 8287 3433 8287 3612 8288 3578 8288 3502 8288 3612 8289 3579 8289 3578 8289 3613 8290 3581 8290 3580 8290 3613 8291 3580 8291 3507 8291 3613 8292 3582 8293 3581 8292 3613 8294 3504 8294 3582 8294 3613 8295 3507 8295 3504 8295 3614 8296 3531 8296 3532 8296 3614 8297 3479 8298 3480 8299 3614 8300 3474 8301 3476 8302 3614 8303 3476 8304 3477 8305 3614 8306 3477 8307 3479 8308 3614 8309 3480 8309 3482 8310 3614 8311 3532 8312 3474 8313 3614 8314 3599 8314 3531 8314 3614 8315 3615 8316 3599 8317 3614 8318 3482 8319 3602 8320 3614 8321 3602 8322 3615 8323 3616 8324 3594 8324 3530 8324 3616 8325 3597 8325 3600 8325 3616 8326 3530 8326 3595 8326 3616 8327 3595 8328 3597 8329 3616 8330 3600 8331 3594 8332 3617 8333 3598 8334 3599 8335 3617 8336 3596 8337 3598 8337 3617 8338 3599 8338 3615 8338 3617 8339 3615 8339 3602 8339 3617 8340 3602 8340 3547 8340 3617 8341 3547 8341 3596 8341 3184 8342 3186 8342 3484 8342 3618 8343 3619 8343 2376 8343 3618 8344 3620 8345 3619 8346 3618 8347 3621 8348 3620 8349 3618 8350 2376 8350 2375 8350 3622 8351 3621 8352 3618 8353 3623 8354 3624 8354 3621 8354 3623 8355 3621 8355 3622 8356 3625 8357 2378 8358 3576 8359 3625 8360 3576 8360 3577 8360 3625 8361 3577 8361 3574 8361 3625 8362 2375 8362 2378 8362 3626 8363 3574 8364 3571 8365 3626 8366 3625 8367 3574 8368 3627 8369 3628 8369 3629 8369 3630 8370 3194 8370 3198 8370 3630 8371 3631 8371 3628 8372 3630 8373 3632 8374 3631 8375 3630 8376 3198 8377 3632 8378 3630 8379 3628 8379 3627 8379 3633 8380 3554 8381 3555 8382 3634 8383 3555 8383 3485 8383 3634 8384 3633 8385 3555 8386 3634 8387 3635 8388 3633 8389 3636 8390 3634 8391 3485 8392 3636 8393 3635 8394 3634 8395 3637 8396 3485 8397 3484 8397 3637 8398 3193 8398 3635 8398 3637 8399 3187 8399 3193 8399 3637 8400 3186 8400 3187 8400 3637 8401 3635 8402 3636 8403 3637 8404 3636 8405 3485 8406 3637 8407 3484 8407 3186 8407 3638 8408 3639 8408 3624 8409 3638 8410 3640 8411 3639 8412 3638 8413 3624 8413 3623 8413 3641 8414 3640 8414 3638 8414 3642 8415 3640 8415 3641 8415 3642 8416 3643 8416 3640 8416 3642 8417 3644 8418 3643 8419 3645 8420 3571 8420 3570 8420 3645 8421 3570 8421 3572 8421 3645 8422 3626 8422 3571 8422 3645 8423 3646 8423 3626 8423 3647 8424 3572 8425 3495 8426 3647 8427 3645 8427 3572 8428 3647 8429 3646 8430 3645 8431 3648 8432 3649 8432 3650 8432 3648 8433 3651 8434 3649 8435 3652 8436 3651 8437 3648 8438 3652 8439 3653 8439 3651 8439 3652 8440 3629 8440 3653 8440 3652 8441 3627 8441 3629 8441 3654 8442 3627 8442 3652 8442 3654 8443 3652 8444 3648 8445 3655 8446 3609 8447 3553 8448 3656 8449 3193 8449 3194 8449 3656 8450 3635 8450 3193 8450 3657 8451 3553 8452 3552 8453 3657 8454 3655 8454 3553 8454 3658 8455 3657 8455 3552 8455 3659 8456 3552 8457 3554 8458 3659 8459 3554 8459 3633 8460 3659 8461 3658 8462 3552 8463 3659 8464 3633 8464 3635 8464 3660 8465 3661 8466 3644 8467 3660 8468 3662 8468 3661 8468 3660 8469 3663 8470 3662 8471 3660 8472 3644 8472 3642 8472 3664 8473 3618 8473 2375 8473 3664 8474 2375 8474 3625 8474 3664 8475 3622 8475 3618 8475 3664 8476 3625 8476 3626 8476 3664 8477 3626 8477 3646 8477 3664 8478 3623 8478 3622 8478 3665 8479 3660 8479 3642 8479 3666 8480 3660 8480 3665 8480 3667 8481 3660 8482 3666 8483 3668 8484 3660 8485 3667 8486 3668 8487 3669 8488 3663 8489 3668 8490 3663 8490 3660 8490 3670 8491 3671 8492 3672 8492 3670 8493 3673 8494 3671 8495 3674 8496 3673 8497 3670 8498 3674 8499 3654 8500 3648 8501 3674 8502 3648 8502 3650 8502 3674 8503 3675 8504 3673 8505 3674 8506 3650 8506 3675 8506 3676 8507 3495 8507 3492 8507 3676 8508 3492 8508 3488 8508 3676 8509 3646 8509 3647 8509 3676 8510 3647 8510 3495 8510 3677 8511 3488 8512 3487 8511 3677 8513 3487 8514 3565 8515 3677 8516 3676 8516 3488 8516 3678 8517 3635 8517 3656 8517 3678 8518 3627 8518 3654 8518 3679 8519 3680 8520 3681 8521 3679 8522 3561 8523 3563 8524 3679 8525 3563 8526 3608 8527 3679 8528 3608 8529 3609 8530 3679 8531 3681 8532 3682 8532 3679 8533 3655 8533 3680 8533 3679 8534 3609 8535 3655 8534 3679 8536 3682 8536 3561 8536 3683 8537 3646 8537 3665 8537 3683 8538 3641 8539 3638 8540 3683 8541 3638 8541 3623 8541 3683 8542 3642 8543 3641 8544 3683 8545 3623 8545 3664 8545 3683 8546 3665 8546 3642 8546 3683 8547 3664 8547 3646 8547 3684 8548 3668 8548 3685 8549 3684 8550 3686 8551 3669 8552 3684 8553 3687 8553 3686 8553 3684 8554 3672 8555 3687 8556 3684 8557 3670 8558 3672 8558 3684 8559 3669 8559 3668 8559 3688 8560 3668 8561 3667 8560 3688 8562 3685 8562 3668 8562 3688 8563 3676 8564 3677 8565 3688 8566 3665 8566 3646 8566 3688 8567 3666 8568 3665 8569 3688 8570 3646 8571 3676 8572 3688 8573 3667 8574 3666 8573 3689 8575 3670 8575 3684 8575 3689 8576 3684 8576 3685 8576 3689 8577 3681 8578 3680 8579 3689 8580 3654 8580 3674 8580 3689 8581 3674 8582 3670 8583 3689 8584 3685 8584 3682 8584 3689 8585 3682 8586 3681 8587 3690 8588 3685 8589 3688 8589 3690 8590 3565 8590 3566 8590 3690 8591 3566 8591 3562 8591 3690 8592 3562 8592 3561 8592 3690 8593 3677 8593 3565 8593 3690 8594 3682 8594 3685 8594 3690 8595 3688 8596 3677 8595 3690 8597 3561 8598 3682 8599 3691 8600 3654 8601 3689 8601 3691 8602 3689 8602 3680 8602 3691 8603 3678 8604 3654 8604 3691 8605 3635 8605 3678 8605 3692 8606 3627 8606 3678 8606 3692 8607 3194 8608 3630 8609 3692 8610 3630 8611 3627 8612 3692 8613 3678 8613 3656 8613 3692 8614 3656 8614 3194 8614 3693 8615 3680 8615 3655 8615 3693 8616 3635 8617 3691 8618 3693 8619 3691 8619 3680 8620 3693 8621 3655 8621 3657 8622 3693 8623 3657 8624 3658 8625 3693 8626 3658 8627 3659 8628 3693 8629 3659 8630 3635 8631 3199 8632 3632 8633 3198 8634 2455 8635 2376 8636 3619 8637 3694 8638 3271 8639 3277 8640 2387 8641 2388 8642 3695 8643 3696 8644 3632 8645 3199 8646 3696 8647 3631 8647 3632 8648 3697 8649 3629 8650 3628 8651 3697 8652 3628 8653 3631 8654 3697 8655 3631 8656 3696 8657 3698 8658 3697 8659 3696 8660 3698 8661 3199 8661 3203 8662 3698 8663 3696 8664 3199 8665 3699 8666 3697 8667 3698 8668 3700 8669 3697 8670 3699 8671 3701 8672 3697 8673 3700 8674 3701 8675 3653 8675 3629 8675 3701 8676 3629 8676 3697 8676 3702 8677 3701 8678 3700 8679 3702 8680 3700 8681 3699 8681 3702 8682 3699 8682 3698 8682 3703 8683 3701 8684 3702 8685 3704 8686 3701 8687 3703 8688 3705 8689 3704 8690 3703 8691 3705 8692 3703 8693 3702 8694 3706 8695 3704 8696 3705 8697 3707 8698 3704 8699 3706 8700 3708 8701 3704 8702 3707 8703 3709 8704 3707 8705 3706 8706 3709 8707 3706 8708 3705 8709 3709 8710 3708 8710 3707 8710 3710 8711 3621 8711 3624 8711 3710 8712 3624 8712 3639 8712 3711 8713 3710 8714 3639 8715 3711 8716 3639 8717 3712 8718 3713 8719 3620 8719 3621 8719 3713 8720 3621 8721 3710 8721 3714 8722 3712 8723 3715 8724 3716 8725 3711 8726 3712 8727 3717 8728 3718 8729 3719 8730 3720 8731 3710 8731 3711 8732 3720 8733 3713 8734 3710 8735 3721 8736 3714 8737 3715 8737 3721 8738 3715 8739 3718 8740 3722 8741 3619 8741 3620 8741 3722 8742 3620 8743 3713 8744 3722 8745 3713 8746 3720 8747 3722 8748 2453 8748 2455 8748 3722 8749 2451 8749 2453 8749 3722 8750 3720 8750 2451 8751 3722 8752 2455 8752 3619 8752 3723 8753 3712 8754 3714 8755 3723 8756 3714 8757 3721 8758 3723 8759 3716 8760 3712 8760 3724 8761 3720 8761 3711 8762 3724 8763 3716 8764 3723 8765 3724 8766 3711 8767 3716 8768 3725 8769 3718 8769 3717 8769 3725 8770 3721 8771 3718 8772 3726 8773 3727 8774 3728 8775 3729 8776 3730 8777 3727 8778 3731 8779 3269 8780 3271 8781 3731 8782 3271 8782 3694 8782 3731 8783 3694 8784 3732 8785 3731 8786 3728 8787 3269 8788 3733 8789 3727 8790 3726 8791 3734 8792 3730 8793 3729 8794 3735 8795 3726 8796 3728 8797 3735 8798 3728 8799 3731 8800 3735 8801 3731 8802 3732 8803 3735 8804 3733 8805 3726 8806 3735 8807 3736 8808 3737 8809 3735 8810 3732 8811 3736 8812 3738 8813 3729 8814 3727 8815 3738 8816 3727 8817 3733 8818 3738 8819 3734 8820 3729 8821 3738 8822 3735 8823 3737 8824 3738 8825 3733 8826 3735 8825 3738 8827 3737 8828 3739 8829 3740 8830 3741 8831 3730 8831 3740 8832 3730 8832 3734 8833 3740 8834 3734 8835 3738 8835 3740 8836 3742 8837 3741 8837 3743 8838 3744 8838 3745 8839 3743 8840 3745 8841 3746 8842 3747 8843 3744 8844 3743 8844 3748 8845 3747 8846 3743 8847 3749 8848 3747 8848 3748 8848 3750 8849 3747 8850 3749 8851 3751 8852 3750 8853 3749 8854 3751 8855 3749 8856 3748 8857 3752 8858 3750 8859 3751 8860 3753 8861 3750 8862 3752 8861 3754 8863 3752 8864 3751 8865 3754 8866 3753 8867 3752 8868 3755 8869 3753 8870 3754 8869 3756 8871 3754 8871 3757 8871 3756 8872 3758 8873 3759 8872 3756 8874 3757 8874 3758 8874 3756 8875 3755 8875 3754 8875 3760 8876 3759 8877 3761 8878 3760 8879 3756 8880 3759 8881 3760 8882 3755 8883 3756 8884 3762 8885 3755 8886 3760 8887 3762 8888 2390 8889 2392 8890 3762 8891 2388 8891 2390 8891 3762 8892 3760 8893 3761 8894 3762 8895 3695 8895 2388 8895 3762 8896 3761 8897 3695 8898 3762 8899 2392 8899 3755 8899 3763 8900 3702 8900 3698 8900 3763 8901 3698 8901 3203 8901 3763 8902 3203 8902 3204 8902 3764 8903 3702 8904 3763 8905 3764 8906 3705 8907 3702 8908 3765 8909 3763 8909 3204 8909 3765 8910 3764 8911 3763 8912 3765 8913 3204 8913 3209 8913 3766 8914 3650 8915 3649 8915 3767 8916 3764 8917 3765 8918 3767 8919 3705 8919 3764 8919 3767 8920 3709 8921 3705 8922 3768 8923 3650 8923 3766 8923 3768 8924 3675 8924 3650 8924 3769 8925 3675 8925 3768 8925 3770 8926 3765 8926 3209 8926 3770 8927 3767 8928 3765 8929 3771 8930 3675 8930 3769 8930 3771 8931 3672 8932 3671 8933 3771 8934 3671 8935 3673 8935 3771 8936 3673 8937 3675 8938 3772 8939 3768 8940 3766 8941 3772 8942 3769 8942 3768 8942 3772 8943 3771 8943 3769 8943 3772 8944 3766 8945 3708 8946 3773 8947 3770 8948 3209 8949 3773 8950 3209 8951 3210 8952 3774 8953 3662 8953 3663 8953 3774 8954 3663 8954 3669 8954 3775 8955 3662 8956 3774 8957 3776 8958 3661 8958 3662 8958 3776 8959 3662 8960 3775 8961 3777 8962 3643 8963 3644 8964 3777 8965 3644 8966 3661 8967 3777 8968 3661 8969 3776 8969 3778 8970 3724 8971 3723 8972 3778 8973 3720 8974 3724 8975 3778 8976 2449 8976 2451 8976 3778 8977 2451 8977 3720 8977 3779 8978 3723 8979 3721 8978 3779 8980 3778 8980 3723 8980 3780 8981 2449 8982 3778 8983 3780 8984 3778 8985 3779 8986 3780 8987 2447 8987 2449 8987 3781 8988 3721 8988 3725 8988 3781 8989 3779 8989 3721 8989 3782 8990 3781 8990 3725 8990 3782 8991 3780 8992 3779 8993 3782 8994 2447 8995 3780 8996 3782 8997 3779 8998 3781 8999 3783 9000 2447 9001 3782 9002 3783 9003 2445 9003 2447 9003 3784 9004 3782 9004 3725 9004 3784 9005 3783 9006 3782 9007 3785 9008 3783 9009 3784 9010 3786 9011 3783 9012 3785 9013 3786 9014 2445 9015 3783 9016 3786 9017 2443 9018 2445 9019 3787 9020 3260 9021 3263 9022 3788 9023 3730 9024 3741 9025 3788 9026 3741 9027 3742 9028 3789 9029 3788 9030 3742 9031 3790 9032 3787 9033 3263 9034 3790 9035 3791 9036 3787 9037 3790 9038 3730 9039 3788 9038 3790 9040 3788 9041 3791 9042 3790 9043 3263 9043 3265 9043 3792 9044 3265 9045 3269 9044 3792 9046 3728 9046 3727 9046 3792 9047 3269 9048 3728 9049 3793 9050 3727 9050 3730 9050 3793 9051 3790 9052 3265 9053 3793 9054 3792 9055 3727 9056 3793 9057 3265 9058 3792 9059 3793 9060 3730 9060 3790 9060 3794 9061 3789 9062 3742 9063 3795 9064 3740 9064 3738 9064 3795 9065 3738 9065 3739 9065 3795 9066 3796 9066 3797 9066 3795 9067 3798 9067 3796 9067 3795 9068 3799 9069 3798 9070 3795 9071 3739 9071 3799 9071 3800 9072 3742 9073 3740 9074 3800 9075 3740 9076 3795 9075 3801 9077 3742 9078 3800 9079 3801 9080 3800 9081 3795 9082 3801 9083 3795 9083 3797 9083 3802 9084 3742 9085 3801 9086 3802 9087 3801 9088 3797 9089 3803 9090 3794 9090 3742 9090 3803 9091 3804 9092 3805 9093 3803 9094 3806 9094 3804 9094 3803 9095 3807 9096 3806 9097 3803 9098 3797 9099 3807 9100 3803 9101 3802 9101 3797 9101 3803 9102 3742 9103 3802 9104 3808 9105 3794 9105 3803 9105 3808 9106 3803 9107 3805 9107 3808 9108 3805 9108 3809 9109 3810 9110 3811 9111 3812 9112 3813 9113 3808 9114 3809 9115 3814 9116 3813 9116 3809 9116 3814 9117 3815 9117 3816 9117 3814 9118 3817 9118 3815 9118 3814 9119 3809 9120 3817 9121 3818 9122 2398 9123 2400 9124 3819 9125 3816 9125 3820 9125 3819 9126 3814 9127 3816 9127 3821 9128 3822 9129 3823 9130 3821 9131 3820 9132 3822 9131 3821 9133 3819 9133 3820 9134 3824 9135 2396 9136 2398 9137 3824 9138 3818 9139 3825 9140 3824 9141 2398 9142 3818 9143 3826 9144 2396 9144 3824 9144 3827 9145 3747 9145 3750 9145 3827 9146 3826 9147 3744 9148 3827 9149 3744 9150 3747 9150 3828 9151 2394 9151 2396 9151 3828 9152 2396 9152 3826 9152 3828 9153 3826 9154 3827 9155 3829 9156 2392 9156 2394 9156 3829 9157 2394 9158 3828 9159 3829 9160 3828 9161 3827 9162 3829 9163 3827 9163 3750 9164 3829 9165 3750 9165 3753 9166 3829 9167 3755 9167 2392 9167 3829 9168 3753 9169 3755 9170 3830 9171 3766 9172 3649 9172 3830 9173 3649 9174 3651 9175 3830 9176 3651 9177 3653 9178 3830 9179 3701 9179 3704 9179 3830 9180 3708 9180 3766 9180 3830 9181 3653 9181 3701 9181 3830 9182 3704 9183 3708 9184 3831 9185 3669 9186 3686 9186 3831 9187 3686 9188 3687 9189 3831 9190 3687 9191 3672 9192 3831 9193 3672 9193 3771 9193 3831 9194 3771 9195 3772 9196 3831 9197 3774 9197 3669 9197 3831 9198 3832 9198 3774 9198 3833 9199 3708 9199 3709 9199 3833 9200 3772 9200 3708 9200 3833 9201 3834 9201 3832 9201 3833 9202 3831 9202 3772 9202 3833 9203 3832 9203 3831 9203 3835 9204 3709 9204 3767 9204 3835 9205 3833 9205 3709 9205 3835 9206 3836 9206 3834 9206 3835 9207 3767 9208 3770 9209 3835 9210 3834 9210 3833 9210 3835 9211 3770 9211 3773 9211 3837 9212 3836 9212 3835 9212 3837 9213 3773 9213 3210 9213 3837 9214 3210 9215 3212 9216 3837 9217 3835 9217 3773 9217 3838 9218 3836 9219 3837 9220 3838 9221 3839 9222 3836 9223 3838 9224 3837 9225 3212 9226 3840 9227 3839 9228 3838 9229 3840 9230 3841 9231 3839 9232 3840 9233 3838 9234 3212 9235 3842 9236 3212 9236 3216 9236 3842 9237 3843 9238 3841 9239 3842 9240 3841 9240 3840 9240 3842 9241 3840 9241 3212 9241 3844 9242 3843 9243 3842 9244 3844 9245 3842 9246 3216 9247 3844 9248 3845 9249 3843 9250 3846 9251 3844 9252 3216 9253 3846 9254 3845 9255 3844 9256 3847 9257 3848 9258 3845 9259 3847 9260 3846 9261 3216 9262 3847 9263 3845 9264 3846 9265 3849 9266 3216 9267 3217 9268 3849 9269 3850 9270 3848 9271 3849 9272 3848 9272 3847 9272 3849 9273 3847 9274 3216 9275 3851 9276 3850 9276 3849 9276 3851 9277 3852 9278 3850 9279 3851 9280 3849 9281 3217 9282 3853 9283 3851 9284 3217 9285 3853 9286 3852 9287 3851 9288 3853 9289 3854 9290 3852 9289 3855 9291 3853 9292 3217 9293 3855 9294 3854 9295 3853 9296 3856 9297 3854 9298 3855 9299 3856 9300 3855 9301 3217 9302 3856 9303 3857 9303 3854 9303 3858 9304 3774 9304 3832 9304 3858 9305 3719 9305 3777 9305 3858 9306 3775 9307 3774 9308 3858 9309 3776 9310 3775 9310 3858 9311 3777 9312 3776 9313 3858 9314 3859 9314 3719 9314 3860 9315 3861 9315 3859 9315 3860 9316 3859 9316 3858 9316 3860 9317 3858 9317 3832 9317 3860 9318 3832 9318 3834 9318 3862 9319 3860 9319 3834 9319 3862 9320 3861 9320 3860 9320 3862 9321 3834 9321 3836 9321 3863 9322 3856 9322 3217 9322 3863 9323 3857 9324 3856 9325 3863 9326 3217 9327 3221 9328 3863 9329 3864 9330 3857 9331 3865 9332 3639 9333 3640 9334 3865 9335 3640 9336 3643 9337 3865 9338 3719 9338 3718 9338 3865 9339 3715 9339 3712 9339 3865 9340 3777 9340 3719 9340 3865 9341 3643 9341 3777 9341 3865 9342 3712 9342 3639 9342 3865 9343 3718 9343 3715 9343 3866 9344 3867 9344 3861 9345 3866 9346 3861 9347 3862 9348 3866 9349 3836 9350 3839 9351 3866 9352 3862 9353 3836 9354 3868 9355 3864 9355 3863 9355 3868 9356 3863 9357 3221 9358 3868 9359 3869 9360 3864 9359 3870 9361 3867 9362 3866 9363 3870 9364 3866 9365 3839 9366 3871 9367 3868 9368 3221 9369 3871 9370 3869 9371 3868 9372 3872 9373 3867 9374 3870 9375 3872 9376 3839 9377 3841 9378 3872 9379 3870 9380 3839 9381 3873 9382 3871 9382 3221 9382 3873 9383 3869 9384 3871 9385 3873 9386 3874 9387 3869 9386 3875 9388 3872 9389 3841 9390 3875 9391 3867 9392 3872 9393 3875 9394 3876 9394 3867 9394 3875 9395 3841 9396 3843 9397 3877 9398 3221 9399 3222 9400 3877 9401 3873 9402 3221 9403 3877 9404 3874 9405 3873 9406 3877 9407 3878 9408 3874 9409 3879 9410 3875 9411 3843 9412 3879 9413 3876 9414 3875 9415 3880 9416 3881 9416 3878 9417 3880 9418 3877 9419 3222 9420 3880 9421 3878 9422 3877 9423 3882 9424 3880 9425 3222 9426 3882 9427 3881 9427 3880 9427 3883 9428 3876 9429 3879 9430 3883 9431 3884 9431 3876 9431 3883 9432 3843 9433 3845 9434 3883 9435 3879 9436 3843 9437 3885 9438 3886 9439 3881 9440 3885 9441 3882 9442 3222 9443 3885 9444 3881 9445 3882 9446 3887 9447 3884 9447 3883 9447 3887 9448 3883 9449 3845 9450 3888 9451 3887 9452 3845 9453 3888 9454 3884 9455 3887 9456 3888 9457 3845 9457 3848 9457 3889 9458 3890 9459 3886 9460 3889 9461 3222 9461 3225 9461 3889 9462 3886 9463 3885 9463 3889 9464 3885 9465 3222 9466 3891 9467 3892 9468 3884 9469 3891 9470 3884 9471 3888 9472 3891 9473 3888 9474 3848 9475 3893 9476 3848 9476 3850 9476 3893 9477 3892 9477 3891 9477 3893 9478 3891 9479 3848 9480 3893 9481 3894 9482 3892 9483 3895 9484 3896 9484 3890 9484 3895 9485 3889 9485 3225 9485 3895 9486 3890 9486 3889 9486 3897 9487 3894 9487 3893 9487 3897 9488 3850 9489 3852 9490 3897 9491 3893 9492 3850 9492 3898 9493 3896 9494 3895 9495 3898 9496 3895 9497 3225 9498 3899 9499 3894 9500 3897 9501 3899 9502 3897 9503 3852 9504 3900 9505 3901 9506 3896 9507 3900 9508 3898 9509 3225 9510 3900 9511 3896 9512 3898 9513 3902 9514 3903 9514 3894 9515 3902 9516 3852 9517 3854 9518 3902 9519 3894 9520 3899 9521 3902 9522 3899 9523 3852 9524 3904 9525 3905 9525 3901 9525 3904 9526 3900 9526 3225 9526 3904 9527 3901 9528 3900 9529 3906 9530 3903 9531 3902 9532 3906 9533 3902 9534 3854 9535 3907 9536 3854 9537 3857 9538 3907 9539 3903 9540 3906 9541 3907 9542 3906 9543 3854 9544 3908 9545 3717 9546 3719 9547 3908 9548 3909 9548 3784 9548 3908 9549 3725 9550 3717 9551 3908 9552 3784 9553 3725 9554 3908 9555 3719 9555 3859 9555 3910 9556 3859 9556 3861 9556 3910 9557 3908 9557 3859 9557 3910 9558 3909 9558 3908 9558 3911 9559 3907 9559 3857 9559 3911 9560 3912 9560 3903 9560 3911 9561 3857 9562 3864 9563 3911 9564 3903 9565 3907 9566 3913 9567 3914 9568 3909 9569 3913 9570 3910 9571 3861 9572 3913 9573 3909 9574 3910 9575 3915 9576 3904 9577 3225 9578 3915 9579 3916 9579 3905 9579 3915 9580 3225 9581 3231 9582 3915 9583 3905 9584 3904 9585 3917 9586 3912 9587 3911 9588 3917 9589 3911 9590 3864 9591 3918 9592 3914 9593 3913 9594 3918 9595 3913 9596 3861 9597 3918 9598 3861 9598 3867 9598 3918 9599 3919 9599 3914 9599 3920 9600 3912 9601 3917 9602 3920 9603 3921 9604 3912 9605 3920 9606 3917 9607 3864 9608 3920 9609 3864 9610 3869 9611 3922 9612 3923 9613 3916 9614 3922 9615 3915 9616 3231 9617 3922 9618 3916 9619 3915 9620 3924 9621 3921 9622 3920 9623 3924 9624 3920 9624 3869 9625 3925 9626 3918 9627 3867 9627 3925 9628 3919 9629 3918 9630 3926 9631 3922 9632 3231 9633 3926 9634 3923 9635 3922 9636 3927 9637 3921 9638 3924 9639 3927 9640 3924 9641 3869 9642 3927 9643 3869 9644 3874 9645 3928 9646 3923 9647 3926 9648 3928 9649 3926 9650 3231 9651 3928 9652 3929 9653 3923 9654 3930 9655 3925 9656 3867 9657 3930 9658 3919 9659 3925 9660 3930 9661 3931 9661 3919 9662 3930 9663 3867 9664 3876 9665 3932 9666 3921 9666 3927 9666 3932 9667 3933 9667 3921 9667 3932 9668 3927 9669 3874 9668 3932 9670 3874 9671 3878 9672 3934 9673 3928 9674 3231 9675 3934 9676 3231 9677 3233 9678 3934 9679 3929 9680 3928 9681 3934 9682 3935 9683 3929 9682 3936 9684 3931 9685 3930 9685 3936 9686 3930 9687 3876 9688 3937 9689 3933 9690 3932 9691 3937 9692 3932 9693 3878 9694 3938 9695 3931 9696 3936 9697 3938 9698 3939 9699 3931 9700 3938 9701 3876 9701 3884 9701 3938 9702 3936 9703 3876 9704 3940 9705 3878 9706 3881 9705 3940 9707 3937 9708 3878 9709 3940 9710 3933 9711 3937 9712 3940 9713 3941 9714 3933 9714 3942 9715 3940 9716 3881 9717 3942 9718 3941 9719 3940 9720 3943 9721 3938 9722 3884 9723 3943 9724 3944 9725 3939 9726 3943 9727 3939 9727 3938 9727 3945 9728 3881 9729 3886 9730 3945 9731 3942 9732 3881 9733 3945 9734 3941 9735 3942 9736 3946 9737 3944 9738 3943 9739 3946 9740 3943 9741 3884 9742 3947 9743 3934 9743 3233 9743 3947 9744 3948 9745 3935 9746 3947 9747 3935 9747 3934 9747 3949 9748 3884 9748 3892 9748 3949 9749 3950 9750 3944 9751 3949 9752 3944 9753 3946 9754 3949 9755 3946 9756 3884 9757 3951 9758 3952 9759 3941 9758 3951 9760 3945 9761 3886 9762 3951 9763 3941 9764 3945 9765 3953 9766 3947 9767 3233 9768 3953 9769 3948 9770 3947 9771 3954 9772 3955 9773 3948 9774 3954 9775 3953 9776 3233 9777 3954 9778 3948 9779 3953 9780 3956 9781 3950 9781 3949 9781 3956 9782 3949 9783 3892 9784 3957 9785 3958 9786 3955 9787 3957 9788 3955 9789 3954 9790 3957 9791 3954 9792 3233 9793 3959 9794 3956 9795 3892 9796 3959 9797 3960 9797 3950 9797 3959 9798 3950 9799 3956 9800 3961 9801 3886 9801 3890 9801 3961 9802 3962 9802 3952 9802 3961 9803 3951 9804 3886 9805 3961 9806 3952 9807 3951 9808 3963 9809 3960 9810 3959 9811 3963 9812 3964 9812 3960 9813 3963 9814 3959 9815 3892 9816 3963 9817 3892 9818 3894 9819 3965 9820 3890 9821 3896 9822 3965 9823 3962 9823 3961 9823 3965 9824 3961 9825 3890 9826 3966 9827 3964 9828 3963 9829 3966 9830 3963 9831 3894 9832 3967 9833 3965 9834 3896 9833 3967 9835 3962 9835 3965 9835 3968 9836 3958 9837 3957 9838 3968 9839 3957 9840 3233 9841 3968 9842 3233 9842 3238 9842 3968 9843 3969 9844 3958 9845 3970 9846 3896 9846 3901 9846 3970 9847 3967 9848 3896 9849 3970 9850 3962 9851 3967 9852 3970 9853 3971 9853 3962 9853 3972 9854 3966 9855 3894 9856 3972 9857 3894 9858 3903 9859 3972 9860 3973 9861 3964 9862 3972 9863 3964 9864 3966 9865 3974 9866 3970 9867 3901 9868 3974 9869 3971 9870 3970 9871 3975 9872 3972 9873 3903 9874 3975 9875 3973 9875 3972 9875 3975 9876 3976 9877 3973 9878 3977 9879 3968 9880 3238 9881 3977 9882 3969 9883 3968 9884 3977 9885 3978 9886 3969 9887 3979 9888 3971 9889 3974 9890 3979 9891 3974 9892 3901 9893 3979 9894 3901 9895 3905 9896 3980 9897 3976 9898 3975 9899 3980 9900 3975 9901 3903 9902 3981 9903 3977 9904 3238 9905 3981 9906 3978 9907 3977 9908 3982 9909 3976 9910 3980 9911 3982 9912 3983 9913 3976 9914 3982 9915 3903 9916 3912 9916 3982 9917 3980 9918 3903 9919 3984 9920 3985 9921 3978 9922 3984 9923 3981 9924 3238 9925 3984 9926 3978 9927 3981 9928 3986 9929 3784 9929 3909 9929 3986 9930 3786 9931 3785 9932 3986 9933 3785 9934 3784 9935 3986 9936 2443 9936 3786 9936 3986 9937 2441 9937 2443 9937 3987 9938 3971 9939 3979 9940 3987 9941 3905 9942 3916 9943 3987 9944 3979 9944 3905 9944 3987 9945 3988 9945 3971 9945 3989 9946 3909 9947 3914 9948 3989 9949 3986 9950 3909 9951 3989 9952 2441 9953 3986 9954 3990 9955 3983 9955 3982 9955 3990 9956 3982 9956 3912 9956 3991 9957 3992 9958 3985 9959 3991 9960 3238 9960 3242 9960 3991 9961 3985 9961 3984 9962 3991 9963 3984 9964 3238 9965 3993 9966 3987 9967 3916 9968 3993 9969 3988 9970 3987 9971 3994 9972 3983 9973 3990 9974 3994 9975 3912 9976 3921 9977 3994 9978 3995 9979 3983 9980 3994 9981 3990 9981 3912 9981 3996 9982 3916 9982 3923 9982 3996 9983 3997 9984 3988 9985 3996 9986 3993 9987 3916 9988 3996 9989 3988 9990 3993 9991 3998 9992 2441 9992 3989 9992 3998 9993 3914 9993 3919 9993 3998 9994 3989 9994 3914 9994 3998 9995 2439 9996 2441 9997 3999 9998 4000 9998 3995 9998 3999 9999 3994 10000 3921 10000 3999 10001 3995 10002 3994 10003 4001 10004 3997 10005 3996 10006 4001 10007 3996 10008 3923 10009 4002 10010 3999 10011 3921 10012 4002 10013 4000 10013 3999 10013 4003 10014 3923 10015 3929 10016 4003 10017 3997 10018 4001 10019 4003 10020 4001 10021 3923 10022 4004 10023 3998 10024 3919 10025 4004 10026 2439 10027 3998 10028 4005 10029 4006 10030 4000 10031 4005 10032 3921 10032 3933 10032 4005 10033 4002 10034 3921 10035 4005 10036 4000 10037 4002 10038 4007 10039 3919 10039 3931 10039 4007 10040 4004 10041 3919 10042 4007 10043 2439 10044 4004 10045 4008 10046 4009 10047 3997 10048 4008 10049 4003 10050 3929 10050 4008 10051 3997 10052 4003 10053 4010 10054 3991 10055 3242 10056 4010 10057 3992 10058 3991 10059 4010 10060 4011 10060 3992 10060 4012 10061 4006 10062 4005 10063 4012 10064 4005 10065 3933 10066 4013 10067 4014 10068 4011 10069 4013 10070 4011 10070 4010 10070 4013 10071 4010 10072 3242 10073 4015 10074 2439 10075 4007 10076 4015 10077 3931 10078 3939 10079 4015 10080 4007 10081 3931 10082 4015 10083 2437 10083 2439 10083 4016 10084 4012 10084 3933 10084 4016 10085 4017 10086 4006 10087 4016 10088 4006 10088 4012 10088 4016 10089 3933 10089 3941 10089 4018 10090 4013 10091 3242 10092 4018 10093 4014 10094 4013 10095 4019 10096 3929 10096 3935 10096 4019 10097 4008 10098 3929 10099 4019 10100 4009 10101 4008 10102 4019 10103 4020 10104 4009 10105 4021 10106 4018 10106 3242 10106 4021 10107 4014 10107 4018 10107 4021 10108 4022 10109 4014 10110 4023 10111 4024 10111 4017 10111 4023 10112 4016 10113 3941 10114 4023 10115 4017 10116 4016 10117 4025 10118 4024 10119 4023 10120 4025 10121 4023 10121 3941 10121 4026 10122 4015 10122 3939 10122 4026 10123 2437 10123 4015 10123 4026 10124 3939 10125 3944 10126 4027 10127 3935 10128 3948 10129 4027 10130 4020 10131 4019 10132 4027 10133 4019 10133 3935 10133 4028 10134 4029 10135 4024 10136 4028 10137 4024 10138 4025 10139 4028 10140 4025 10140 3941 10140 4028 10141 3941 10141 3952 10142 4030 10143 4026 10144 3944 10145 4030 10146 2437 10147 4026 10148 4031 10149 4020 10150 4027 10151 4031 10152 4027 10152 3948 10152 4032 10153 3944 10154 3950 10155 4032 10156 4030 10157 3944 10158 4032 10159 2437 10159 4030 10159 4033 10160 4031 10161 3948 10162 4033 10163 4020 10164 4031 10165 4033 10166 4034 10166 4020 10166 4033 10167 3948 10168 3955 10169 4035 10170 4029 10171 4028 10172 4035 10173 4028 10174 3952 10175 4036 10176 2437 10177 4032 10178 4036 10179 3950 10179 3960 10179 4036 10180 4032 10180 3950 10180 4036 10181 2435 10181 2437 10181 4037 10182 4034 10183 4033 10184 4037 10185 4033 10186 3955 10187 4038 10188 4039 10188 4029 10188 4038 10189 4029 10189 4035 10189 4038 10190 4035 10191 3952 10192 4040 10193 4041 10193 4022 10193 4040 10194 4022 10194 4021 10194 4040 10195 4021 10195 3242 10195 4040 10196 3242 10197 3244 10198 4042 10199 4034 10199 4037 10199 4042 10200 4037 10201 3955 10202 4042 10203 3955 10204 3958 10203 4043 10205 3960 10205 3964 10205 4043 10206 2435 10206 4036 10206 4043 10207 4036 10207 3960 10208 4044 10209 4039 10209 4038 10209 4044 10210 3952 10210 3962 10210 4044 10211 4038 10212 3952 10213 4044 10214 4045 10215 4039 10215 4046 10216 4041 10217 4040 10218 4046 10219 4047 10220 4041 10221 4046 10222 4040 10223 3244 10224 4048 10225 4034 10225 4042 10226 4048 10227 4049 10227 4034 10227 4048 10228 4042 10229 3958 10228 4048 10230 3958 10230 3969 10230 4050 10231 2435 10232 4043 10233 4050 10234 4043 10235 3964 10236 4051 10237 4047 10238 4046 10239 4051 10240 4046 10241 3244 10242 4052 10243 4044 10243 3962 10243 4052 10244 4045 10245 4044 10246 4053 10247 4051 10248 3244 10249 4053 10250 4054 10251 4047 10252 4053 10253 4047 10254 4051 10255 4055 10256 4056 10256 4045 10256 4055 10257 4045 10258 4052 10259 4055 10260 4052 10261 3962 10262 4057 10263 2435 10264 4050 10265 4057 10266 3964 10267 3973 10268 4057 10269 2433 10269 2435 10269 4057 10270 4050 10270 3964 10270 4058 10271 4049 10272 4048 10273 4058 10274 4048 10275 3969 10275 4058 10276 4059 10276 4049 10276 4060 10277 3244 10278 3250 10279 4060 10280 4061 10281 4054 10282 4060 10283 4054 10284 4053 10285 4060 10286 4053 10287 3244 10288 4062 10289 3962 10289 3971 10289 4062 10290 4063 10290 4056 10290 4062 10291 4056 10291 4055 10291 4062 10292 4055 10293 3962 10294 4064 10295 4062 10296 3971 10297 4064 10298 4063 10299 4062 10300 4065 10301 4058 10302 3969 10303 4065 10304 4059 10304 4058 10304 4065 10305 3969 10306 3978 10307 4066 10308 4057 10309 3973 10310 4066 10311 2433 10312 4057 10313 4066 10314 3973 10315 3976 10316 4067 10317 4059 10318 4065 10319 4067 10320 4065 10321 3978 10322 4068 10323 4063 10324 4064 10325 4068 10326 4069 10327 4063 10328 4068 10329 4064 10329 3971 10329 4068 10330 3971 10330 3988 10330 4070 10331 4066 10332 3976 10333 4070 10334 2433 10335 4066 10336 4071 10337 4072 10338 4061 10339 4071 10340 4061 10340 4060 10341 4071 10342 4060 10343 3250 10342 4073 10344 3978 10345 3985 10346 4073 10347 4067 10348 3978 10349 4073 10350 4074 10350 4059 10350 4073 10351 4059 10352 4067 10353 4075 10354 4070 10355 3976 10356 4075 10357 3976 10358 3983 10359 4075 10360 2433 10361 4070 10362 4076 10363 4071 10364 3250 10365 4076 10366 4072 10367 4071 10368 4077 10369 4078 10370 4072 10371 4077 10372 4076 10373 3250 10374 4077 10375 4072 10376 4076 10377 4079 10378 4068 10379 3988 10380 4079 10381 4069 10381 4068 10381 4080 10382 4073 10382 3985 10382 4080 10383 4074 10383 4073 10383 4081 10384 4075 10385 3983 10386 4081 10387 2433 10388 4075 10389 4081 10390 3983 10391 3995 10392 4081 10393 2431 10393 2433 10393 4082 10394 4079 10395 3988 10396 4082 10397 3988 10398 3997 10399 4082 10400 4083 10400 4069 10400 4082 10401 4069 10402 4079 10403 4084 10404 4078 10405 4077 10406 4084 10407 3250 10407 3252 10407 4084 10408 4077 10409 3250 10410 4084 10411 4085 10411 4078 10411 4086 10412 3985 10413 3992 10414 4086 10415 4080 10416 3985 10417 4086 10418 4074 10419 4080 10420 4086 10421 4087 10421 4074 10421 4088 10422 4082 10423 3997 10424 4088 10425 4089 10426 4083 10427 4088 10428 4083 10429 4082 10430 4090 10431 3995 10432 4000 10433 4090 10434 4081 10434 3995 10434 4090 10435 2431 10436 4081 10437 4091 10438 4089 10439 4088 10440 4091 10441 4088 10442 3997 10443 4092 10444 4090 10445 4000 10446 4092 10447 2431 10448 4090 10449 4093 10450 3997 10451 4009 10452 4093 10453 4094 10454 4089 10455 4093 10456 4089 10457 4091 10458 4093 10459 4091 10460 3997 10461 4095 10462 4084 10463 3252 10464 4095 10465 4085 10466 4084 10467 4095 10468 4096 10469 4085 10470 4097 10471 4086 10472 3992 10473 4097 10474 4087 10475 4086 10474 4097 10476 3992 10476 4011 10476 4098 10477 4000 10478 4006 10479 4098 10480 4092 10480 4000 10480 4098 10481 2431 10482 4092 10483 4099 10484 4095 10485 3252 10486 4099 10487 4096 10488 4095 10489 4100 10490 4094 10491 4093 10492 4100 10493 4093 10494 4009 10495 4101 10496 4087 10496 4097 10496 4101 10497 4097 10498 4011 10499 4102 10500 4099 10501 3252 10502 4102 10503 4103 10504 4096 10505 4102 10506 4096 10507 4099 10508 4104 10509 4006 10509 4017 10509 4104 10510 4098 10510 4006 10510 4104 10511 2431 10511 4098 10511 4104 10512 2429 10512 2431 10512 4105 10513 4103 10514 4102 10515 4105 10516 4102 10517 3252 10518 4105 10519 4106 10520 4103 10521 4107 10522 4094 10523 4100 10524 4107 10525 4108 10525 4094 10525 4107 10526 4100 10527 4009 10528 4109 10529 4011 10530 4014 10531 4109 10532 4087 10533 4101 10534 4109 10535 4110 10536 4087 10537 4109 10538 4101 10539 4011 10540 4111 10541 4110 10542 4109 10543 4111 10544 4109 10545 4014 10546 4112 10547 2429 10547 4104 10547 4112 10548 4017 10549 4024 10550 4112 10551 4104 10552 4017 10553 4113 10554 4107 10555 4009 10556 4113 10557 4114 10557 4108 10557 4113 10558 4009 10558 4020 10558 4113 10559 4108 10560 4107 10561 4115 10562 4111 10563 4014 10564 4115 10565 4110 10566 4111 10567 4115 10568 4014 10569 4022 10570 4116 10571 4112 10571 4024 10571 4116 10572 2429 10573 4112 10574 4117 10575 4118 10576 4106 10577 4117 10578 3252 10578 3259 10578 4117 10579 4106 10580 4105 10580 4117 10581 4105 10582 3252 10583 4119 10584 4113 10585 4020 10586 4119 10587 4114 10588 4113 10589 4120 10590 2429 10591 4116 10592 4120 10593 4116 10594 4024 10595 4120 10596 4024 10597 4029 10598 4121 10599 4114 10600 4119 10601 4121 10602 4119 10603 4020 10604 4121 10605 4122 10606 4114 10607 4123 10608 4118 10609 4117 10610 4123 10611 4117 10612 3259 10613 4123 10614 4124 10615 4118 10616 4125 10617 4022 10618 4041 10619 4125 10620 4126 10620 4110 10620 4125 10621 4115 10622 4022 10622 4125 10623 4110 10623 4115 10624 4127 10625 4029 10625 4039 10625 4127 10626 4120 10627 4029 10628 4127 10629 2429 10630 4120 10631 4127 10632 2427 10633 2429 10634 4128 10635 4123 10636 3259 10637 4128 10638 4124 10639 4123 10640 4129 10641 4121 10642 4020 10643 4129 10644 4122 10645 4121 10646 4129 10647 4020 10648 4034 10649 4129 10650 4130 10650 4122 10650 4131 10651 4132 10652 4124 10653 4131 10654 4124 10655 4128 10656 4131 10657 4128 10658 3259 10659 4133 10660 4130 10661 4129 10662 4133 10663 4129 10663 4034 10663 4134 10664 4125 10665 4041 10666 4134 10667 4126 10668 4125 10669 4134 10670 4135 10670 4126 10670 4136 10671 4137 10672 4130 10673 4136 10674 4133 10674 4034 10674 4136 10675 4130 10676 4133 10677 4136 10678 4034 10679 4049 10680 4138 10681 4127 10682 4039 10683 4138 10684 2427 10685 4127 10686 4138 10687 4039 10688 4045 10689 4139 10690 4134 10691 4041 10692 4139 10693 4041 10694 4047 10695 4139 10696 4135 10697 4134 10698 4140 10699 4135 10700 4139 10701 4140 10702 4139 10703 4047 10704 4141 10705 4138 10706 4045 10707 4141 10708 2427 10709 4138 10710 4142 10711 4135 10712 4140 10713 4142 10714 4140 10715 4047 10716 4142 10717 4047 10718 4054 10719 4142 10720 4143 10720 4135 10720 4144 10721 4045 10722 4056 10723 4144 10724 2427 10725 4141 10726 4144 10727 4141 10728 4045 10729 4145 10730 4146 10730 4137 10730 4145 10731 4137 10732 4136 10733 4145 10734 4136 10734 4049 10734 4147 10735 4148 10735 4132 10735 4147 10736 3259 10736 3260 10736 4147 10737 4131 10738 3259 10739 4147 10740 4132 10741 4131 10742 4149 10743 4142 10744 4054 10745 4149 10746 4143 10746 4142 10747 4150 10748 4146 10749 4145 10750 4150 10751 4145 10752 4049 10753 4151 10754 4056 10755 4063 10756 4151 10757 4144 10758 4056 10759 4151 10760 2427 10761 4144 10762 4151 10763 2425 10764 2427 10765 4152 10766 4153 10766 4143 10766 4152 10767 4054 10767 4061 10767 4152 10768 4149 10769 4054 10770 4152 10771 4143 10771 4149 10771 4154 10772 3789 10773 4148 10774 4154 10775 4148 10776 4147 10776 4154 10777 4147 10778 3260 10779 4155 10780 4156 10781 4146 10782 4155 10783 4049 10783 4059 10783 4155 10784 4146 10785 4150 10786 4155 10787 4150 10788 4049 10789 4157 10790 4154 10791 3260 10792 4157 10793 3787 10794 3791 10795 4157 10796 3791 10797 3788 10798 4157 10799 3788 10799 3789 10799 4157 10800 3789 10801 4154 10802 4157 10803 3260 10803 3787 10803 4158 10804 4151 10804 4063 10804 4158 10805 2425 10806 4151 10807 4159 10808 4156 10809 4155 10810 4159 10811 4155 10812 4059 10811 4160 10813 4152 10813 4061 10813 4160 10814 4061 10815 4072 10816 4160 10817 4153 10818 4152 10819 4161 10820 4162 10821 4156 10822 4161 10823 4159 10824 4059 10825 4161 10826 4156 10827 4159 10828 4163 10829 4153 10830 4160 10831 4163 10832 4160 10833 4072 10834 4164 10835 2425 10836 4158 10837 4164 10838 4063 10839 4069 10840 4164 10841 4158 10842 4063 10843 4165 10844 4072 10845 4078 10846 4165 10847 4153 10848 4163 10849 4165 10850 4163 10851 4072 10852 4165 10853 4166 10854 4153 10855 4167 10856 4168 10857 4162 10858 4167 10859 4059 10859 4074 10859 4167 10860 4162 10861 4161 10862 4167 10863 4161 10864 4059 10865 4169 10866 2425 10867 4164 10868 4169 10869 4164 10870 4069 10871 4169 10872 4069 10873 4083 10872 4169 10874 2423 10874 2425 10874 4170 10875 4166 10875 4165 10875 4170 10876 4165 10877 4078 10877 4171 10878 4167 10879 4074 10880 4171 10881 4168 10882 4167 10883 4172 10884 4166 10885 4170 10886 4172 10887 4170 10888 4078 10888 4172 10889 4173 10890 4166 10891 4172 10892 4078 10893 4085 10894 4174 10895 4169 10896 4083 10897 4174 10898 2423 10898 4169 10898 4174 10899 4083 10900 4089 10901 4175 10902 4168 10903 4171 10904 4175 10905 4176 10905 4168 10905 4175 10906 4074 10906 4087 10906 4175 10907 4171 10908 4074 10909 4177 10910 2423 10911 4174 10912 4177 10913 4174 10914 4089 10915 4178 10916 4173 10917 4172 10918 4178 10919 4172 10920 4085 10921 4178 10922 4085 10923 4096 10924 4179 10925 4177 10926 4089 10927 4179 10928 2423 10929 4177 10930 4179 10931 4089 10932 4094 10933 4180 10934 4173 10935 4178 10936 4180 10937 4178 10938 4096 10939 4181 10940 4176 10941 4175 10942 4181 10943 4175 10944 4087 10945 4182 10946 4183 10947 4173 10948 4182 10949 4173 10950 4180 10951 4182 10952 4180 10953 4096 10953 4182 10954 4096 10955 4103 10956 4184 10957 4179 10957 4094 10957 4184 10958 4094 10958 4108 10958 4184 10959 2423 10959 4179 10959 4184 10960 2421 10960 2423 10960 4185 10961 4181 10961 4087 10961 4185 10962 4186 10963 4176 10964 4185 10965 4087 10966 4110 10967 4185 10968 4176 10969 4181 10970 4187 10971 4183 10972 4182 10973 4187 10974 4182 10975 4103 10975 4188 10976 4183 10977 4187 10978 4188 10979 4187 10980 4103 10981 4188 10982 4103 10983 4106 10984 4189 10985 4190 10985 4186 10985 4189 10986 4185 10986 4110 10987 4189 10988 4186 10988 4185 10988 4191 10989 4184 10990 4108 10991 4191 10992 2421 10992 4184 10992 4191 10993 4108 10994 4114 10995 4192 10996 4189 10997 4110 10998 4192 10999 4190 11000 4189 11001 4193 11002 4106 11003 4118 11003 4193 11004 4188 11005 4106 11006 4193 11007 4183 11007 4188 11008 4193 11009 4194 11010 4183 11011 4195 11012 2421 11013 4191 11014 4195 11015 4191 11016 4114 11017 4196 11018 4197 11019 4190 11020 4196 11021 4190 11021 4192 11021 4196 11022 4110 11022 4126 11022 4196 11023 4192 11024 4110 11025 4198 11026 2421 11027 4195 11028 4198 11029 4195 11030 4114 11031 4198 11032 4114 11032 4122 11032 4199 11033 4194 11034 4193 11035 4199 11036 4193 11037 4118 11038 4200 11039 4199 11040 4118 11041 4200 11042 4194 11043 4199 11044 4200 11045 4201 11046 4194 11047 4200 11048 4118 11049 4124 11048 4202 11050 4196 11051 4126 11052 4202 11053 4197 11053 4196 11053 4202 11054 4203 11055 4197 11056 4204 11057 4201 11058 4200 11059 4204 11060 4200 11061 4124 11062 4205 11063 4198 11063 4122 11063 4205 11064 4122 11065 4130 11066 4205 11067 2421 11067 4198 11067 4205 11068 2419 11069 2421 11070 4206 11071 4203 11072 4202 11073 4206 11074 4202 11075 4126 11076 4207 11077 4204 11078 4124 11079 4207 11080 4201 11081 4204 11082 4207 11083 4124 11084 4132 11085 4208 11086 2419 11087 4205 11088 4208 11089 4205 11090 4130 11091 4209 11092 4206 11093 4126 11094 4209 11095 4210 11096 4203 11097 4209 11098 4203 11099 4206 11100 4209 11101 4126 11101 4135 11101 4211 11102 4209 11103 4135 11104 4211 11105 4210 11106 4209 11107 4212 11108 4208 11109 4130 11110 4212 11111 4130 11112 4137 11113 4212 11114 2419 11115 4208 11116 4213 11117 4214 11117 4201 11117 4213 11118 4132 11119 4148 11120 4213 11121 4201 11121 4207 11121 4213 11122 4207 11122 4132 11123 4215 11124 4210 11125 4211 11126 4215 11127 4216 11128 4210 11127 4215 11129 4211 11130 4135 11131 4217 11132 4216 11133 4215 11134 4217 11135 4215 11135 4135 11135 4217 11136 4218 11136 4216 11136 4217 11137 4135 11137 4143 11137 4219 11138 4213 11139 4148 11140 4219 11141 4214 11141 4213 11141 4219 11142 4220 11143 4214 11144 4221 11145 4137 11146 4146 11146 4221 11147 4212 11147 4137 11147 4221 11148 2419 11148 4212 11148 4221 11149 2417 11150 2419 11151 4222 11152 4218 11153 4217 11154 4222 11155 4217 11156 4143 11157 4223 11158 4148 11159 3789 11160 4223 11161 4219 11162 4148 11163 4223 11164 4220 11165 4219 11166 4223 11167 3789 11167 3794 11167 4224 11168 4221 11168 4146 11168 4224 11169 2417 11170 4221 11171 4224 11172 4146 11173 4156 11174 4225 11175 4143 11176 4153 11177 4225 11178 4218 11179 4222 11180 4225 11181 4222 11182 4143 11183 4225 11184 4226 11185 4218 11186 4227 11187 4224 11188 4156 11189 4227 11190 2417 11191 4224 11192 4228 11193 4226 11194 4225 11195 4228 11196 4225 11197 4153 11198 4229 11199 4156 11200 4162 11201 4229 11202 4227 11203 4156 11204 4229 11205 2417 11206 4227 11207 4230 11208 4228 11208 4153 11208 4230 11209 4226 11209 4228 11209 4230 11210 4231 11211 4226 11212 4232 11213 4231 11214 4230 11215 4232 11216 4233 11217 4231 11218 4232 11219 4153 11220 4166 11221 4232 11222 4230 11222 4153 11222 4234 11223 4162 11223 4168 11223 4234 11224 4229 11225 4162 11226 4234 11227 2417 11228 4229 11229 4234 11230 2415 11230 2417 11230 4235 11231 4232 11232 4166 11231 4235 11233 4233 11234 4232 11235 4236 11236 4234 11237 4168 11238 4236 11239 4168 11240 4176 11241 4236 11242 2415 11243 4234 11244 4237 11245 4233 11246 4235 11245 4237 11247 4166 11248 4173 11249 4237 11250 4235 11250 4166 11250 4237 11251 4238 11252 4233 11253 4239 11254 2415 11255 4236 11256 4239 11257 4236 11258 4176 11259 4240 11260 4237 11261 4173 11262 4240 11263 4238 11263 4237 11263 4241 11264 4240 11265 4173 11266 4241 11267 4242 11268 4238 11269 4241 11270 4238 11271 4240 11272 4243 11273 2414 11273 2415 11273 4243 11274 4176 11275 4186 11276 4243 11277 4239 11278 4176 11279 4243 11280 2415 11281 4239 11282 4244 11283 4173 11283 4183 11283 4244 11284 4241 11285 4173 11286 4244 11287 4245 11288 4242 11288 4244 11289 4242 11290 4241 11291 4246 11292 4244 11293 4183 11294 4246 11295 4245 11296 4244 11297 4247 11298 4246 11299 4183 11299 4247 11300 4183 11300 4194 11300 4247 11301 4245 11302 4246 11303 4247 11304 4248 11305 4245 11306 4249 11307 4186 11307 4190 11307 4249 11308 4243 11309 4186 11310 4249 11311 2414 11311 4243 11311 4250 11312 2414 11312 4249 11312 4250 11313 4249 11314 4190 11315 4251 11316 4247 11317 4194 11318 4251 11319 4248 11320 4247 11321 4252 11322 4250 11323 4190 11324 4252 11325 2414 11326 4250 11327 4252 11328 4190 11328 4197 11328 4253 11329 4254 11329 4248 11329 4253 11330 4251 11331 4194 11332 4253 11333 4194 11333 4201 11333 4253 11334 4248 11335 4251 11336 4255 11337 4254 11338 4253 11339 4255 11340 4256 11340 4254 11340 4255 11341 4253 11342 4201 11342 4257 11343 2412 11343 2414 11343 4257 11344 2414 11345 4252 11346 4257 11347 4252 11348 4197 11349 4257 11350 4197 11351 4203 11352 4258 11353 4256 11354 4255 11355 4258 11356 4255 11357 4201 11358 4259 11359 2412 11360 4257 11361 4259 11362 4257 11363 4203 11364 4259 11365 4203 11366 4210 11367 4260 11368 4201 11368 4214 11368 4260 11369 4256 11370 4258 11371 4260 11372 4261 11372 4256 11372 4260 11373 4258 11374 4201 11374 4262 11375 2412 11376 4259 11377 4262 11378 4259 11379 4210 11380 4263 11381 4262 11381 4210 11381 4263 11382 2412 11383 4262 11384 4263 11385 4210 11386 4216 11387 4264 11388 4265 11389 4261 11390 4264 11391 4261 11392 4260 11393 4264 11394 4260 11394 4214 11395 4266 11396 3811 11396 4265 11396 4266 11397 4265 11398 4264 11399 4266 11400 4264 11401 4214 11402 4267 11403 4214 11404 4220 11405 4267 11406 3812 11407 3811 11408 4267 11409 3811 11409 4266 11410 4267 11411 4266 11412 4214 11413 4268 11414 2410 11414 2412 11414 4268 11415 2412 11416 4263 11417 4268 11418 4263 11419 4216 11420 4268 11421 4216 11421 4218 11421 4269 11422 2410 11422 4268 11422 4269 11423 4218 11423 4226 11423 4269 11424 4268 11425 4218 11426 4270 11427 4269 11428 4226 11428 4270 11429 2410 11430 4269 11431 4271 11432 4270 11433 4226 11434 4271 11435 2410 11436 4270 11437 4271 11438 4226 11439 4231 11440 4272 11441 2408 11441 2410 11441 4272 11442 4271 11442 4231 11442 4272 11443 2410 11444 4271 11445 4272 11446 4231 11447 4233 11448 4273 11449 2408 11450 4272 11451 4273 11452 4233 11453 4238 11454 4273 11455 4272 11455 4233 11455 4274 11456 2408 11457 4273 11458 4274 11459 4273 11460 4238 11461 4275 11462 2408 11463 4274 11464 4275 11465 4274 11466 4238 11467 4275 11468 4238 11469 4242 11470 4276 11471 2406 11472 2408 11473 4276 11474 2408 11474 4275 11475 4276 11476 4275 11476 4242 11476 4276 11477 4242 11478 4245 11479 4277 11480 2406 11481 4276 11482 4277 11483 4276 11484 4245 11485 4278 11486 2406 11487 4277 11488 4278 11489 4277 11490 4245 11491 4278 11492 4245 11493 4248 11494 4279 11495 2404 11496 2406 11497 4279 11498 4248 11499 4254 11500 4279 11501 4278 11502 4248 11503 4279 11504 2406 11505 4278 11506 4280 11507 4254 11508 4256 11509 4280 11510 2404 11511 4279 11512 4280 11513 4279 11513 4254 11513 4281 11514 4280 11515 4256 11516 4281 11517 2404 11518 4280 11519 4282 11520 4256 11521 4261 11520 4282 11522 4281 11523 4256 11524 4282 11525 2404 11526 4281 11527 4283 11528 2402 11529 2404 11530 4283 11531 4261 11532 4265 11533 4283 11534 4282 11535 4261 11536 4283 11537 2404 11537 4282 11537 4284 11538 3813 11538 3814 11538 4284 11539 3819 11539 3821 11539 4284 11540 3821 11540 3746 11540 4284 11541 3810 11541 3813 11541 4284 11542 3814 11542 3819 11542 4285 11543 2400 11543 2402 11543 4285 11544 3825 11545 3818 11546 4285 11547 3818 11547 2400 11547 4285 11548 4283 11549 4265 11550 4285 11551 2402 11552 4283 11553 4286 11554 4285 11554 4265 11554 4286 11555 3825 11555 4285 11555 4287 11556 3745 11556 3744 11556 4287 11557 4286 11557 4265 11557 4287 11558 4265 11558 3811 11558 4287 11559 3825 11559 4286 11559 4287 11560 3826 11561 3824 11562 4287 11563 3824 11564 3825 11565 4287 11566 3744 11566 3826 11566 4288 11567 4287 11567 3811 11567 4288 11568 3745 11568 4287 11568 4288 11569 4284 11569 3746 11569 4288 11570 3811 11571 3810 11572 4288 11573 3810 11574 4284 11575 4288 11576 3746 11577 3745 11578 4289 11579 3757 11580 3754 11581 4289 11582 3746 11582 3821 11582 4289 11583 4290 11584 3757 11585 4289 11586 3821 11586 3823 11586 4289 11587 3823 11587 4290 11587 4289 11588 3743 11588 3746 11588 4289 11589 3748 11590 3743 11590 4289 11591 3751 11592 3748 11593 4289 11594 3754 11595 3751 11596 4291 11597 3794 11597 3808 11597 4291 11598 4267 11599 4220 11600 4291 11601 4223 11601 3794 11601 4291 11602 4220 11603 4223 11602 4292 11604 3812 11605 4267 11605 4292 11606 3808 11607 3813 11608 4292 11609 4291 11609 3808 11609 4292 11610 4267 11610 4291 11610 4292 11611 3810 11612 3812 11613 4292 11614 3813 11614 3810 11614 4293 11615 3188 11615 3078 11615 4294 11616 3736 11616 3732 11616 4294 11617 3732 11618 3694 11619 4294 11620 3694 11621 3277 11622 4294 11623 3277 11623 3278 11623 4295 11624 3736 11624 4294 11624 4295 11625 3739 11625 3737 11625 4295 11626 3737 11626 3736 11626 4296 11627 4295 11628 4294 11629 4296 11630 4294 11630 3278 11630 4297 11631 3290 11632 3188 11633 4297 11634 4298 11634 3290 11634 4297 11635 4293 11635 4299 11635 4297 11636 3188 11636 4293 11636 4300 11637 4301 11637 4298 11637 4300 11638 4297 11639 4299 11640 4300 11641 4302 11642 4301 11643 4300 11644 4299 11644 4303 11644 4300 11645 4303 11645 4302 11645 4300 11646 4298 11647 4297 11648 4304 11649 3799 11650 3739 11651 4304 11652 4295 11652 4296 11652 4304 11653 3739 11653 4295 11653 4305 11654 3797 11655 3796 11656 4305 11657 3796 11657 3798 11657 4305 11658 3798 11659 3799 11660 4305 11661 3799 11662 4304 11663 4306 11664 4307 11664 4308 11665 4306 11666 4303 11667 4307 11668 4306 11669 4309 11669 4302 11669 4306 11670 4302 11670 4303 11670 4310 11671 4311 11672 4309 11673 4310 11674 4312 11675 4313 11676 4310 11677 4308 11678 4312 11679 4310 11680 4309 11680 4306 11680 4310 11681 4306 11682 4308 11683 4314 11684 4298 11685 4301 11684 4314 11686 3288 11686 3290 11686 4314 11687 3278 11687 3288 11687 4314 11688 4301 11689 4302 11690 4314 11691 3290 11691 4298 11691 4314 11692 4296 11692 3278 11692 4314 11693 4302 11693 4309 11693 4315 11694 3807 11695 3797 11695 4315 11696 3797 11696 4305 11696 4316 11697 3807 11698 4315 11699 4317 11700 4311 11700 4310 11701 4317 11702 4313 11702 4318 11702 4317 11703 4310 11704 4313 11705 4319 11706 4317 11707 4318 11708 4320 11709 4318 11710 4321 11711 4320 11712 4319 11712 4318 11712 4322 11713 4321 11713 4323 11713 4322 11714 4320 11715 4321 11714 4324 11716 4309 11716 4311 11716 4324 11717 4305 11718 4304 11719 4324 11720 4314 11720 4309 11720 4324 11721 4304 11722 4296 11723 4324 11724 4311 11724 4315 11724 4324 11725 4296 11725 4314 11725 4324 11726 4315 11726 4305 11726 4325 11727 3807 11728 4316 11729 4325 11730 3805 11731 3804 11732 4325 11733 3804 11734 3806 11735 4325 11736 3806 11737 3807 11738 4326 11739 3805 11740 4325 11741 4327 11742 3809 11742 3805 11742 4327 11743 3805 11744 4326 11745 4328 11746 3817 11747 3809 11748 4328 11749 3809 11750 4327 11751 4329 11752 4322 11753 4323 11752 4329 11754 4323 11754 4330 11755 4329 11756 4331 11756 4322 11756 4332 11757 4333 11758 4331 11759 4332 11760 4331 11760 4329 11761 4332 11762 4334 11763 4335 11762 4332 11764 4330 11765 4334 11766 4332 11767 4336 11767 4333 11768 4332 11769 4329 11770 4330 11769 4337 11771 3820 11772 3816 11773 4337 11774 3816 11775 3815 11776 4337 11777 3815 11778 3817 11777 4337 11779 3817 11779 4328 11779 4338 11780 4331 11781 4333 11782 4338 11783 4316 11784 4315 11785 4338 11786 4333 11787 4336 11788 4339 11789 4338 11789 4315 11789 4339 11790 4320 11790 4322 11790 4339 11791 4331 11791 4338 11791 4339 11792 4317 11793 4319 11794 4339 11795 4311 11796 4317 11796 4339 11797 4319 11798 4320 11799 4339 11800 4315 11801 4311 11801 4339 11802 4322 11802 4331 11802 4340 11803 4337 11803 4328 11803 4341 11804 4337 11805 4340 11806 4342 11807 4336 11807 4332 11807 4342 11808 4343 11809 4344 11810 4342 11811 4335 11811 4343 11811 4342 11812 4332 11812 4335 11812 4345 11813 4344 11813 4346 11813 4345 11814 4342 11815 4344 11814 4347 11816 4346 11816 4348 11816 4347 11817 4345 11817 4346 11817 4349 11818 4338 11818 4336 11818 4349 11819 4340 11819 4328 11819 4350 11820 4290 11821 3823 11820 4350 11822 3823 11823 3822 11824 4350 11825 3822 11826 3820 11827 4350 11828 4337 11828 4341 11828 4350 11829 3820 11829 4337 11829 4351 11830 4290 11831 4350 11831 4352 11832 3757 11833 4290 11834 4352 11835 4290 11835 4351 11835 4353 11836 4347 11836 4348 11836 4353 11837 4354 11838 4355 11839 4353 11840 4348 11841 4354 11842 4353 11843 4356 11844 4357 11845 4353 11846 4358 11847 4356 11848 4353 11849 4357 11850 4347 11851 4359 11852 4327 11852 4326 11853 4359 11854 4316 11854 4338 11854 4359 11855 4349 11856 4328 11857 4359 11858 4326 11859 4325 11860 4359 11861 4338 11861 4349 11861 4359 11862 4328 11863 4327 11864 4359 11865 4325 11865 4316 11865 4360 11866 3695 11867 3761 11866 4360 11868 3761 11869 3759 11870 4360 11871 3759 11872 3758 11873 4360 11874 3758 11875 3757 11876 4360 11877 3757 11877 4352 11877 4361 11878 4349 11878 4336 11879 4361 11880 4340 11881 4349 11882 4361 11883 4341 11883 4340 11883 4362 11884 4342 11885 4345 11884 4362 11886 4345 11887 4347 11888 4362 11889 4336 11889 4342 11889 4362 11890 4357 11891 4361 11890 4362 11892 4361 11892 4336 11892 4362 11893 4347 11893 4357 11893 4363 11894 4360 11894 4352 11894 4364 11895 2387 11896 3695 11897 4364 11898 4363 11899 4358 11900 4364 11901 2386 11901 2387 11901 4364 11902 3695 11903 4360 11904 4364 11905 4360 11906 4363 11907 4365 11908 4366 11908 4367 11908 4365 11909 4355 11910 4366 11911 4365 11912 4358 11912 4353 11912 4365 11913 4353 11914 4355 11915 4368 11916 4364 11917 4358 11917 4368 11918 4369 11919 2386 11920 4368 11921 4370 11921 4369 11921 4368 11922 4367 11923 4370 11924 4368 11925 4358 11926 4365 11927 4368 11928 4365 11929 4367 11930 4368 11931 2386 11932 4364 11933 4371 11934 4352 11934 4351 11934 4371 11935 4351 11936 4350 11937 4371 11938 4357 11939 4356 11940 4371 11941 4358 11941 4363 11941 4371 11942 4356 11943 4358 11944 4371 11945 4363 11946 4352 11946 4371 11947 4361 11947 4357 11947 4371 11948 4341 11948 4361 11948 4371 11949 4350 11949 4341 11949 4372 11950 3099 11950 365 11950 4373 11951 365 11951 2383 11951 4373 11952 2383 11952 4374 11952 4373 11953 4372 11953 365 11953 4375 11954 3098 11954 3099 11954 4375 11955 3099 11956 4372 11956 4375 11957 4376 11957 3098 11957 4375 11958 4377 11958 4376 11958 4378 11959 4374 11959 2383 11959 4379 11960 2383 11960 2385 11960 4379 11961 4380 11961 4378 11961 4379 11962 4378 11963 2383 11962 4381 11964 3119 11965 3098 11966 4381 11967 3098 11968 4382 11969 4383 11970 4354 11971 4348 11972 4384 11973 4383 11974 4348 11975 4385 11976 4386 11977 4387 11978 4388 11979 4348 11979 4346 11979 4388 11980 4384 11981 4348 11980 4389 11982 4385 11983 4387 11984 4389 11985 4387 11985 4390 11986 4391 11987 4389 11987 4390 11987 4392 11988 4388 11988 4346 11988 4393 11989 4391 11990 4390 11991 4393 11992 4390 11993 4394 11993 4395 11994 4393 11995 4394 11996 4396 11997 4392 11998 4346 11997 4396 11999 4346 11999 4344 11999 4397 12000 4395 12001 4394 12002 4397 12003 4394 12004 4398 12005 4399 12006 4397 12007 4398 12008 4400 12009 4396 12010 4344 12011 4401 12012 4399 12013 4398 12014 4401 12015 4398 12016 4402 12017 4403 12018 4401 12019 4402 12020 4404 12021 4403 12022 4402 12023 4405 12024 4404 12025 4402 12026 4406 12027 3078 12027 3079 12027 4406 12028 4299 12029 4293 12030 4406 12031 4293 12032 3078 12033 4406 12034 4405 12035 4402 12036 4406 12037 3079 12038 4405 12039 4407 12040 4372 12041 4373 12041 4407 12042 4377 12042 4375 12042 4407 12043 4375 12043 4372 12043 4407 12044 4373 12045 4374 12046 4407 12047 4374 12047 4377 12047 4408 12048 4377 12048 4374 12048 4408 12049 4374 12049 4378 12049 4409 12050 4377 12050 4408 12050 4409 12051 4408 12051 4378 12051 4409 12052 3098 12052 4376 12052 4409 12053 4376 12053 4377 12053 4409 12054 4382 12054 3098 12054 4410 12055 4380 12055 4382 12055 4410 12056 4409 12056 4378 12056 4410 12057 4382 12057 4409 12057 4410 12058 4378 12058 4380 12058 4411 12059 4382 12059 4380 12059 4411 12060 4412 12061 4381 12061 4411 12062 4381 12062 4382 12062 4413 12063 4380 12063 4379 12063 4413 12064 4412 12064 4411 12064 4413 12065 4411 12065 4380 12065 4414 12066 4381 12066 4412 12067 4414 12068 3119 12068 4381 12068 4415 12069 4416 12069 4417 12069 4418 12070 4379 12070 2385 12070 4418 12071 4416 12071 4415 12071 4418 12072 4415 12072 4379 12072 4419 12073 4418 12073 2385 12073 4420 12074 4419 12075 2385 12076 4420 12077 4421 12077 4422 12077 4420 12078 4422 12078 4419 12078 4423 12079 4424 12080 4425 12081 4423 12082 4422 12082 4421 12082 4426 12083 4423 12083 4421 12083 4426 12084 4424 12084 4423 12084 4427 12085 4425 12085 4424 12085 4428 12086 2385 12086 2386 12086 4428 12087 4420 12087 2385 12087 4428 12088 4421 12088 4420 12088 4429 12089 4426 12089 4421 12089 4430 12090 4427 12090 4424 12090 4431 12091 3115 12091 3119 12091 4432 12092 4433 12093 4430 12092 4432 12094 4434 12094 4433 12094 4435 12095 4434 12095 4432 12095 4435 12096 4432 12096 4436 12096 4437 12097 4431 12097 4433 12097 4437 12098 3115 12099 4431 12099 4437 12100 4433 12100 4434 12100 4438 12101 3115 12101 4437 12101 4438 12102 4437 12102 4434 12102 4439 12103 4428 12104 2386 12105 4439 12106 4440 12106 4428 12106 4441 12107 3079 12107 3115 12107 4441 12108 3115 12108 4442 12108 4443 12109 2386 12110 4369 12111 4443 12112 4369 12112 4370 12112 4443 12113 4370 12114 4367 12115 4443 12116 4439 12116 2386 12116 4443 12117 4444 12117 4439 12117 4445 12118 4388 12119 4392 12120 4445 12121 4392 12122 4396 12123 4445 12124 4396 12125 4400 12126 4445 12127 4384 12128 4388 12129 4446 12130 4367 12131 4366 12132 4446 12133 4366 12134 4355 12135 4446 12136 4355 12137 4354 12138 4446 12139 4443 12140 4367 12141 4446 12142 4444 12143 4443 12144 4446 12145 4354 12145 4383 12145 4446 12146 4383 12147 4444 12148 4447 12149 4400 12150 4448 12151 4447 12152 4445 12153 4400 12154 4449 12155 4450 12156 4451 12157 4449 12158 4451 12158 4452 12158 4449 12159 4453 12160 4450 12161 4449 12162 4452 12162 4454 12163 4455 12164 4447 12165 4448 12166 4456 12167 4454 12168 4457 12168 4456 12169 4449 12170 4454 12171 4458 12172 4389 12173 4391 12173 4458 12174 4391 12175 4393 12176 4458 12177 4393 12178 4395 12179 4458 12180 4395 12181 4397 12182 4458 12183 4397 12183 4399 12183 4458 12184 4399 12184 4401 12184 4458 12185 4401 12186 4403 12187 4458 12188 4403 12189 4404 12190 4458 12191 4404 12192 4405 12193 4459 12194 4457 12195 4460 12195 4459 12196 4460 12197 4461 12198 4459 12199 4461 12200 4462 12201 4459 12202 4462 12203 4463 12204 4459 12205 4387 12205 4386 12205 4459 12206 4463 12207 4464 12208 4459 12209 4386 12210 4465 12211 4459 12212 4464 12213 4387 12214 4459 12215 4456 12216 4457 12217 4466 12218 4458 12219 4405 12220 4467 12221 4466 12222 4405 12223 4468 12224 4405 12224 3079 12224 4468 12225 4467 12226 4405 12227 4469 12228 4455 12228 4448 12228 4469 12229 4470 12230 4455 12231 4471 12232 4451 12233 4450 12232 4471 12234 4450 12235 4453 12236 4471 12237 4472 12238 4470 12238 4471 12239 4469 12240 4448 12241 4471 12242 4470 12242 4469 12243 4471 12244 4453 12244 4472 12245 4473 12246 4344 12246 4343 12246 4473 12247 4343 12247 4335 12247 4473 12248 4335 12249 4334 12250 4473 12251 4448 12252 4400 12253 4473 12254 4400 12254 4344 12254 4474 12255 4334 12255 4330 12255 4474 12256 4330 12256 4323 12256 4474 12257 4473 12258 4334 12257 4474 12259 4471 12259 4448 12259 4474 12260 4448 12261 4473 12262 4475 12263 4464 12264 4463 12265 4475 12266 4387 12267 4464 12268 4475 12269 4394 12270 4390 12271 4475 12272 4390 12272 4387 12272 4476 12273 4475 12274 4406 12275 4476 12276 4398 12277 4394 12278 4476 12279 4394 12280 4475 12281 4477 12282 4476 12283 4406 12284 4477 12285 4398 12286 4476 12287 4478 12288 4477 12289 4406 12290 4478 12291 4398 12292 4477 12293 4478 12294 4402 12295 4398 12296 4478 12297 4406 12298 4402 12298 4479 12299 4406 12299 4475 12299 4479 12300 4299 12300 4406 12300 4479 12301 4312 12301 4308 12302 4479 12303 4308 12303 4307 12303 4479 12304 4307 12305 4303 12306 4479 12307 4303 12308 4299 12309 4480 12310 4412 12311 4413 12312 4480 12313 4414 12313 4412 12313 4480 12314 4413 12314 4481 12314 4482 12315 4413 12315 4379 12315 4482 12316 4481 12316 4413 12316 4482 12317 4483 12317 4481 12317 4482 12318 4379 12318 4415 12318 4482 12319 4415 12319 4483 12319 4484 12320 3119 12321 4414 12322 4484 12323 4414 12323 4480 12324 4484 12325 4485 12325 3119 12325 4484 12326 4480 12326 4481 12326 4486 12327 4484 12327 4481 12327 4486 12328 4485 12328 4484 12328 4486 12329 4481 12329 4483 12329 4487 12330 4486 12331 4483 12332 4487 12333 4485 12334 4486 12335 4487 12336 4483 12337 4415 12338 4487 12339 4415 12339 4417 12339 4488 12340 4489 12340 4431 12340 4488 12341 3119 12341 4485 12341 4488 12342 4490 12342 4489 12342 4488 12343 4431 12343 3119 12343 4491 12344 4417 12344 4416 12344 4491 12345 4492 12345 4490 12345 4491 12346 4490 12346 4417 12346 4493 12347 4492 12347 4491 12347 4493 12348 4491 12349 4416 12350 4494 12351 4492 12352 4493 12352 4494 12353 4493 12353 4416 12353 4494 12354 4416 12354 4418 12354 4495 12355 4492 12355 4494 12355 4495 12356 4494 12357 4418 12358 4495 12359 4418 12359 4419 12359 4495 12360 4419 12360 4422 12360 4496 12361 4425 12361 4492 12361 4496 12362 4492 12363 4495 12363 4496 12364 4495 12365 4422 12366 4497 12367 4423 12368 4425 12369 4497 12370 4422 12370 4423 12370 4497 12371 4425 12371 4496 12371 4497 12372 4496 12373 4422 12374 4498 12375 4492 12375 4425 12375 4498 12376 4489 12376 4490 12376 4498 12377 4490 12377 4492 12377 4499 12378 4498 12379 4425 12380 4499 12381 4427 12381 4489 12381 4499 12382 4489 12382 4498 12382 4499 12383 4425 12383 4427 12383 4500 12384 4421 12384 4428 12384 4500 12385 4429 12385 4421 12385 4501 12386 4424 12386 4426 12386 4501 12387 4430 12387 4424 12388 4501 12389 4432 12390 4430 12391 4501 12392 4426 12392 4429 12392 4502 12393 4489 12393 4427 12393 4502 12394 4431 12394 4489 12394 4502 12395 4427 12395 4430 12395 4503 12396 4429 12396 4500 12396 4503 12397 4500 12397 4428 12397 4504 12398 4429 12398 4503 12398 4504 12399 4436 12399 4432 12399 4504 12400 4503 12401 4436 12402 4504 12403 4432 12403 4501 12403 4504 12404 4501 12404 4429 12404 4505 12405 4430 12406 4433 12406 4505 12407 4433 12407 4431 12408 4505 12409 4431 12410 4502 12411 4505 12412 4502 12413 4430 12414 4506 12415 4440 12415 4507 12415 4506 12416 4503 12417 4428 12418 4506 12419 4428 12420 4440 12421 4508 12422 4509 12422 4442 12422 4508 12423 4434 12423 4435 12423 4508 12424 4435 12424 4509 12424 4510 12425 4511 12425 4507 12425 4510 12426 4442 12426 4509 12426 4510 12427 4507 12427 4512 12427 4510 12428 4509 12428 4511 12428 4513 12429 4507 12429 4440 12429 4513 12430 4512 12430 4507 12430 4514 12431 4442 12431 4510 12432 4514 12433 4510 12433 4512 12433 4515 12434 4516 12434 4517 12434 4515 12435 4440 12435 4516 12436 4515 12437 4513 12437 4440 12437 4518 12438 4441 12438 4442 12438 4518 12439 4442 12439 4514 12439 4518 12440 4514 12440 4512 12440 4519 12441 4440 12441 4439 12441 4519 12442 4516 12442 4440 12442 4520 12443 4441 12443 4518 12443 4521 12444 4384 12444 4445 12444 4521 12445 4444 12446 4383 12447 4521 12448 4439 12448 4444 12448 4521 12449 4519 12449 4439 12449 4521 12450 4383 12450 4384 12450 4522 12451 4517 12451 4516 12451 4522 12452 4453 12453 4449 12453 4522 12454 4470 12454 4472 12454 4522 12455 4472 12456 4453 12457 4523 12458 4517 12459 4522 12459 4523 12460 4522 12460 4449 12460 4523 12461 4449 12462 4456 12463 4523 12464 4459 12464 4465 12465 4523 12466 4456 12467 4459 12468 4524 12469 4386 12470 4385 12471 4524 12472 4385 12473 4389 12474 4524 12475 4465 12476 4386 12477 4524 12478 4389 12479 4458 12479 4524 12480 4523 12480 4465 12480 4525 12481 4475 12481 4463 12481 4525 12482 4452 12482 4451 12482 4525 12483 4457 12484 4454 12485 4525 12486 4460 12487 4457 12488 4525 12489 4451 12489 4471 12489 4525 12490 4461 12490 4460 12491 4525 12492 4462 12493 4461 12494 4525 12495 4463 12496 4462 12497 4525 12498 4454 12499 4452 12500 4526 12501 4525 12501 4471 12501 4526 12502 4471 12502 4474 12502 4526 12503 4479 12504 4475 12505 4526 12506 4475 12506 4525 12506 4527 12507 4479 12508 4526 12508 4527 12509 4323 12509 4321 12509 4527 12510 4321 12510 4318 12511 4527 12512 4318 12512 4313 12513 4527 12514 4312 12514 4479 12514 4527 12515 4313 12515 4312 12515 4527 12516 4526 12516 4474 12516 4527 12517 4474 12518 4323 12519 4528 12520 4487 12520 4417 12520 4528 12521 4485 12521 4487 12521 4528 12522 4488 12523 4485 12524 4528 12525 4490 12525 4488 12525 4528 12526 4417 12527 4490 12528 4529 12529 4436 12530 4503 12531 4529 12532 4503 12532 4506 12532 4530 12533 4507 12533 4511 12533 4530 12534 4506 12535 4507 12536 4530 12537 4529 12537 4506 12537 4531 12538 4438 12539 4434 12540 4531 12541 4508 12542 4442 12543 4531 12544 4442 12544 3115 12544 4531 12545 3115 12545 4438 12545 4531 12546 4434 12546 4508 12546 4532 12547 4512 12547 4513 12547 4532 12548 4515 12549 4517 12548 4532 12550 4513 12551 4515 12550 4533 12552 4518 12552 4512 12552 4533 12553 4532 12553 4520 12553 4533 12554 4512 12554 4532 12554 4533 12555 4520 12555 4518 12555 4534 12556 4516 12556 4519 12556 4534 12557 4522 12557 4516 12557 4535 12558 4523 12559 4524 12560 4535 12561 4517 12561 4523 12562 4535 12563 4520 12564 4532 12565 4535 12566 4524 12566 4520 12566 4535 12567 4532 12567 4517 12567 4536 12568 4534 12568 4519 12568 4536 12569 4522 12570 4534 12571 4536 12572 4470 12572 4522 12572 4536 12573 4519 12573 4521 12573 4537 12574 4524 12574 4458 12574 4537 12575 4520 12575 4524 12575 4538 12576 4441 12576 4520 12576 4538 12577 4520 12577 4537 12577 4538 12578 3079 12579 4441 12580 4538 12581 4537 12581 4458 12581 4538 12582 4458 12583 4466 12584 4538 12585 4466 12586 4467 12587 4538 12588 4468 12589 3079 12590 4538 12591 4467 12592 4468 12593 4539 12594 4521 12594 4445 12594 4539 12595 4447 12596 4455 12597 4539 12598 4536 12598 4521 12598 4539 12599 4470 12599 4536 12599 4539 12600 4445 12601 4447 12602 4539 12603 4455 12604 4470 12605 4540 12606 4435 12606 4436 12606 4540 12607 4436 12607 4529 12607 4540 12608 4529 12608 4530 12608 4540 12609 4509 12609 4435 12609 4541 12610 4530 12611 4511 12610 4541 12612 4540 12612 4530 12612 4541 12613 4509 12614 4540 12615 4541 12616 4511 12616 4509 12616 1595 4326 1443 4326 1447 4326 1449 12617 1595 12617 1447 12617 1451 4326 1595 4326 1449 4326 511 4326 513 4326 1595 4326 516 4326 1595 4326 513 4326 517 4326 1595 4326 516 4326 509 4326 511 4326 1595 4326 519 4326 1595 4326 517 4326 507 4326 509 4326 1595 4326 521 4326 1601 4326 1595 4326 521 12618 1595 12618 519 12618 505 12619 507 12619 1595 12619 523 4326 1601 4326 521 4326 504 4326 505 4326 1595 4326 525 12620 1601 12621 523 12622 501 4326 1451 4326 1453 4326 501 4326 1595 4326 1451 4326 501 12623 504 12624 1595 12625 527 12626 1601 12627 525 12628 499 4326 501 4326 1453 4326 529 4326 1601 4326 527 4326 497 4326 1453 4326 1455 4326 497 4326 499 4326 1453 4326 531 4326 1601 4326 529 4326 495 12629 497 12629 1455 12629 533 12630 1601 12631 531 12632 493 4326 1455 4326 1457 4326 493 12633 495 12633 1455 12633 535 12634 1601 12635 533 12636 492 12637 493 12637 1457 12637 537 12638 1601 12639 535 12640 489 4326 1457 4326 1459 4326 489 12641 492 12641 1457 12641 2281 12642 1601 12643 537 12644 487 4326 489 4326 1459 4326 2283 12645 1601 12646 2281 12647 485 12648 1459 12648 1461 12648 485 12649 487 12649 1459 12649 2285 12650 1601 12651 2283 12652 483 4326 485 4326 1461 4326 483 4326 1461 4326 1463 4326 2287 4326 1601 4326 2285 4326 482 4326 483 4326 1463 4326 2290 4326 1601 4326 2287 4326 480 4326 1463 4326 1465 4326 480 12653 482 12653 1463 12653 2291 12654 1601 12655 2290 12656 478 4326 480 4326 1465 4326 2293 12657 1601 12658 2291 12659 476 4326 478 4326 1465 4326 476 12660 1465 12660 1467 12660 2295 4326 1601 4326 2293 4326 474 12661 476 12661 1467 12661 472 12662 1467 12662 1469 12662 472 12663 474 12663 1467 12663 470 12664 472 12664 1469 12664 468 12665 470 12665 1469 12665 466 12666 468 12667 1469 12668 464 4326 466 4326 1469 4326 462 4326 464 4326 1469 4326 460 12669 462 12669 1469 12669 1603 4326 1601 4326 2295 4326 1603 12670 2295 12670 2297 12670 1603 12671 2297 12671 2300 12671 1603 12672 2300 12672 2301 12672 1603 12673 2301 12673 2303 12673 1603 12674 2303 12674 2305 12674 1603 12675 2305 12675 2307 12675 1603 12676 2307 12676 2310 12676 1603 12677 2310 12677 2312 12677 1603 12678 2312 12678 2313 12678 1603 12679 2313 12679 2316 12679 1603 12680 2316 12680 2318 12680 1603 12681 2318 12681 2320 12681 1603 12682 2320 12682 2321 12682 2324 12683 1603 12683 2321 12683 2326 4326 1603 4326 2324 4326 2328 12684 1603 12685 2326 12686 1598 12687 460 12687 1469 12687 1598 12688 2360 12689 2362 12690 1598 12691 2362 12692 2364 12693 1598 12694 2364 12694 2366 12694 1598 12695 2366 12696 2368 12697 1598 12698 2368 12699 2370 12700 1598 12701 2370 12701 2372 12701 1598 12702 2372 12702 2374 12702 1598 12703 2374 12703 443 12703 1598 12704 443 12704 444 12704 1598 12705 444 12705 446 12705 1598 12706 446 12706 448 12706 1598 12707 448 12708 450 12709 1598 12710 450 12711 452 12712 1598 12713 452 12713 454 12713 1598 12714 454 12715 456 12716 1598 12717 456 12718 458 12719 1598 12720 458 12720 460 12720 1606 4326 2360 4326 1598 4326 1606 12721 2328 12721 2330 12721 1606 12722 2330 12723 2332 12724 1606 12725 2332 12725 2334 12725 1606 12726 2334 12726 2336 12726 1606 12727 2336 12728 2338 12729 1606 12730 2338 12730 2340 12730 1606 12731 2340 12731 2342 12731 1606 12732 2342 12732 2344 12732 1606 12733 2344 12733 2346 12733 1606 12734 2346 12734 2348 12734 1606 12735 2348 12735 2350 12735 1606 12736 2350 12736 2352 12736 1606 12737 2352 12738 2354 12739 1606 4326 2354 4326 2356 4326 1606 12740 2356 12740 2358 12740 1606 12741 2358 12741 2360 12741 1606 12742 1603 12742 2328 12742 1599 12743 1598 12743 1469 12743 1583 12744 1237 12744 1238 12744 1235 12745 1237 12745 1583 12745 1233 12746 1235 12746 1583 12746 1231 4326 1233 4326 1583 4326 805 12747 807 12748 1583 12749 810 4326 1583 4326 807 4326 811 4326 1583 4326 810 4326 803 12750 805 12751 1583 12752 813 12753 1583 12754 811 12755 801 12756 803 12757 1583 12758 815 4326 1583 4326 813 4326 799 4326 1583 4326 1589 4326 799 12759 801 12760 1583 12761 817 4326 1583 4326 815 4326 798 12762 799 12762 1589 12762 819 4326 1231 4326 1583 4326 819 12763 1583 12763 817 12763 795 4326 798 4326 1589 4326 821 12764 1229 12764 1231 12764 821 12765 1231 12766 819 12767 793 4326 795 4326 1589 4326 823 4326 1229 4326 821 4326 791 4326 793 4326 1589 4326 825 12768 1227 12769 1229 12770 825 4326 1229 4326 823 4326 789 4326 791 4326 1589 4326 827 12771 1227 12771 825 12771 787 4326 789 4326 1589 4326 829 12772 1225 12772 1227 12772 829 4326 1227 4326 827 4326 786 4326 787 4326 1589 4326 831 4326 1225 4326 829 4326 783 4326 786 4326 1589 4326 1999 12773 1558 12773 1225 12773 1999 4326 1225 4326 831 4326 781 4326 783 4326 1589 4326 2001 4326 1558 4326 1999 4326 779 12774 781 12774 1589 12774 2003 4326 1556 4326 1558 4326 2003 4326 1558 4326 2001 4326 777 12775 779 12776 1589 12777 2005 12778 1554 12778 1556 12778 2005 4326 1556 4326 2003 4326 776 12779 777 12779 1589 12779 2008 4326 1554 4326 2005 4326 774 12780 776 12780 1589 12780 2009 12781 1552 12781 1554 12781 2009 4326 1554 4326 2008 4326 772 12782 774 12782 1589 12782 2011 12783 1552 12784 2009 12785 770 12786 772 12786 1589 12786 2013 12787 1545 12787 1552 12787 2013 4326 1552 4326 2011 4326 768 12788 770 12788 1589 12788 2015 12789 1546 12789 1545 12789 2015 4326 1545 4326 2013 4326 2018 12790 1546 12791 2015 12792 2019 12793 1546 12794 2018 12795 2021 12796 1546 12797 2019 12798 2023 12799 1546 12800 2021 12801 2025 4326 1546 4326 2023 4326 2028 12802 1546 12802 2025 12802 1594 12803 768 12803 1589 12803 1594 12804 742 12804 744 12804 1594 12805 744 12805 746 12805 1594 12806 746 12806 748 12806 1594 12807 748 12807 750 12807 1594 12808 750 12809 752 12810 1594 12811 752 12811 754 12811 1594 12812 754 12813 756 12814 1594 12815 756 12816 758 12817 1594 12818 758 12818 760 12818 1594 12819 760 12820 762 12821 1594 12822 762 12823 764 12824 1594 12825 764 12825 766 12825 1594 12826 766 12826 768 12826 740 4326 742 4326 1594 4326 738 4326 740 4326 1594 4326 737 4326 738 4326 1594 4326 1587 12827 2028 12827 2030 12827 1587 12828 2030 12828 2031 12828 1587 12829 2031 12829 2034 12829 1587 12830 2034 12830 2036 12830 1587 12831 2036 12831 2038 12831 1587 4326 2038 4326 2039 4326 1587 12832 2039 12832 2042 12832 1587 4326 2042 4326 2044 4326 1587 4326 2044 4326 2046 4326 1587 4326 2046 4326 2048 4326 1587 12833 2048 12833 2050 12833 1587 4326 2050 4326 2052 4326 1587 12834 2052 12835 2054 12836 1587 12837 2054 12837 2056 12837 1587 12838 2056 12838 2058 12838 1587 12839 2058 12839 2060 12839 1587 12840 2060 12840 2062 12840 1587 4326 1546 4326 2028 4326 1591 12841 2062 12841 2064 12841 1591 12842 2064 12842 2066 12842 1591 12843 2066 12844 2068 12845 1591 12846 2068 12847 2070 12848 1591 12849 2070 12850 2072 12851 1591 12852 2072 12852 2074 12852 1591 12853 2074 12854 2076 12855 1591 12856 2076 12856 2078 12856 1591 12857 2078 12858 2080 12859 1591 12860 2080 12860 2082 12860 1591 12861 2082 12861 2084 12861 1591 12862 2084 12862 2086 12862 1591 12863 2086 12863 2088 12863 1591 12864 2088 12864 2090 12864 1591 12865 2090 12865 2092 12865 1591 12866 2092 12866 737 12866 1591 12867 1587 12867 2062 12867 1591 4326 737 4326 1594 4326 1586 4326 1546 4326 1587 4326 707 4326 709 4326 1577 4326 712 4326 1577 4326 709 4326 713 4326 1577 4326 712 4326 705 4326 707 4326 1577 4326 715 4326 1577 4326 713 4326 703 4326 705 4326 1577 4326 718 4326 1579 4326 1577 4326 718 12618 1577 12618 715 12618 702 12619 703 12619 1577 12619 719 4326 1579 4326 718 4326 699 4326 702 4326 1577 4326 722 12620 1579 12621 719 12622 697 12623 699 12624 1577 12625 723 12868 1579 12869 722 12870 695 12871 697 12871 1577 12871 725 4326 1579 4326 723 4326 693 4326 695 4326 1577 4326 727 4326 1579 4326 725 4326 692 4326 693 4326 1577 4326 729 12872 1579 12873 727 12874 689 12875 692 12875 1577 12875 731 12876 1579 12877 729 12878 687 4326 689 4326 1577 4326 733 12638 1579 12639 731 12640 685 12879 687 12880 1577 12881 2093 12642 1579 12643 733 12644 2095 12645 1579 12646 2093 12647 1575 12882 685 12882 1577 12882 1575 12883 681 12884 683 12885 1575 12886 683 12886 685 12886 2097 12887 1579 12888 2095 12889 680 12890 681 12890 1575 12890 2099 4326 1579 4326 2097 4326 678 12891 680 12891 1575 12891 2102 4326 1579 4326 2099 4326 675 12892 678 12892 1575 12892 2103 12654 1579 12655 2102 12656 674 12893 675 12894 1575 12895 2105 12896 1579 12897 2103 12898 672 12899 674 12899 1575 12899 2107 12900 1581 12900 1579 12900 2107 4326 1579 4326 2105 4326 670 12901 672 12901 1575 12901 2109 4326 1581 4326 2107 4326 668 12902 670 12902 1575 12902 666 12903 668 12904 1575 12905 664 12906 666 12906 1575 12906 662 12907 664 12907 1575 12907 660 4326 662 4326 1575 4326 658 4326 660 4326 1575 4326 656 4326 658 4326 1575 4326 654 4326 656 4326 1575 4326 1302 4326 1581 4326 2109 4326 1302 4326 2109 4326 2112 4326 1302 12908 2112 12908 2113 12908 1302 4326 2113 4326 2115 4326 1302 12909 2115 12909 2117 12909 1302 12910 2117 12911 2119 12912 1302 12913 2119 12913 2122 12913 1300 12914 2122 12914 2124 12914 1300 12915 2124 12915 2125 12915 1300 4326 1302 4326 2122 4326 1298 4326 2125 4326 2128 4326 1298 4326 2128 4326 2130 4326 1298 4326 1300 4326 2125 4326 1296 4326 1298 4326 2130 4326 1296 4326 2130 4326 2132 4326 1296 12916 2132 12916 2133 12916 1294 4326 1296 4326 2133 4326 1294 4326 2133 4326 2136 4326 1292 4326 1294 4326 2136 4326 1292 4326 2136 4326 2138 4326 1292 12917 2138 12917 2140 12917 1290 4326 1292 4326 2140 4326 1290 12918 2140 12918 2142 12918 1290 4326 2142 4326 2144 4326 1573 4326 654 4326 1575 4326 1573 12919 2172 12920 2174 12921 1573 12922 2174 12923 2176 12924 1573 12694 2176 12694 2178 12694 1573 12695 2178 12696 2180 12697 1573 12925 2180 12926 2182 12927 1573 12928 2182 12928 2184 12928 1573 12702 2184 12702 2186 12702 1573 12703 2186 12703 639 12703 1573 12704 639 12704 640 12704 1573 12929 640 12929 642 12929 1573 12930 642 12930 644 12930 1573 12707 644 12708 646 12709 1573 12931 646 12932 648 12933 1573 12934 648 12934 650 12934 1573 12714 650 12715 652 12716 1573 12717 652 12718 654 12719 1288 4326 1290 4326 2144 4326 1288 12935 2144 12935 2146 12935 1288 12936 2146 12936 2148 12936 1286 4326 1288 4326 2148 4326 1286 12937 2148 12937 2150 12937 1286 4326 2150 4326 2152 4326 1284 4326 1286 4326 2152 4326 1571 12938 1282 12939 1284 12940 1571 12941 1284 12941 2152 12941 1571 12942 2152 12942 2154 12942 1571 12943 2154 12943 2156 12943 1571 12944 2156 12944 2158 12944 1571 12945 2158 12946 2160 12947 1571 12948 2160 12948 2162 12948 1571 12949 2162 12949 2164 12949 1571 12950 2164 12950 2166 12950 1571 4326 2166 4326 2168 4326 1571 12951 2168 12951 2170 12951 1571 12952 2170 12952 2172 12952 1571 4326 2172 4326 1573 4326 1280 4326 1282 4326 1571 4326 1276 4326 1280 4326 1571 4326 614 12953 1567 12954 611 12955 609 12956 611 12956 1567 12956 615 12957 1567 12957 614 12957 607 12958 609 12958 1567 12958 605 12959 607 12959 1567 12959 617 12960 1567 12961 615 12962 603 12963 1567 12963 1561 12963 603 12964 605 12964 1567 12964 619 12965 1567 12966 617 12967 602 12968 603 12968 1561 12968 621 12969 1567 12969 619 12969 599 12970 602 12970 1561 12970 623 12971 1567 12971 621 12971 597 4326 599 4326 1561 4326 625 12972 1567 12972 623 12972 627 12973 1567 12974 625 12975 595 12976 597 12976 1561 12976 629 12977 1567 12978 627 12979 593 4326 595 4326 1561 4326 631 12980 1567 12981 629 12982 591 12983 593 12984 1561 12985 590 4326 591 4326 1561 4326 633 12986 1567 12987 631 12988 587 4326 590 4326 1561 4326 635 12989 1567 12989 633 12989 585 4326 587 4326 1561 4326 583 12774 585 12774 1561 12774 1569 12990 635 12990 2187 12990 1569 12991 2187 12992 2189 12993 1569 12994 1567 12994 635 12994 581 4326 583 4326 1561 4326 2191 12995 1569 12996 2189 12997 580 12998 581 12998 1561 12998 2193 12999 1569 13000 2191 13001 578 13002 580 13002 1561 13002 2196 13003 1569 13004 2193 13005 576 4326 578 4326 1561 4326 2197 13006 1569 13006 2196 13006 574 13007 576 13007 1561 13007 2199 13008 1569 13008 2197 13008 572 4326 574 4326 1561 4326 2201 13009 1569 13009 2199 13009 570 4326 572 4326 1561 4326 2203 13010 1569 13011 2201 13012 2206 13013 1569 13014 2203 13015 2207 13016 1569 13016 2206 13016 2209 13017 1569 13018 2207 13019 2211 13020 1569 13020 2209 13020 2213 13021 1569 13021 2211 13021 2216 13022 1569 13022 2213 13022 2218 13023 1569 13023 2216 13023 1379 4326 1561 4326 1563 4326 1379 13024 558 13024 560 13024 1379 13025 560 13026 562 13027 1379 13028 562 13028 564 13028 1379 13029 564 13030 566 13031 1379 13032 566 13033 568 13034 1379 13035 568 13036 570 13037 1379 13038 570 13038 1561 13038 1378 13039 558 13040 1379 13041 1378 13042 556 13043 558 13044 1385 4326 556 4326 1378 4326 1385 13045 552 13045 554 13045 1385 13046 554 13046 556 13046 1387 4326 552 4326 1385 4326 1387 13047 548 13047 550 13047 1387 13048 550 13048 552 13048 1389 4326 548 4326 1387 4326 1389 13049 546 13049 548 13049 1391 4326 546 4326 1389 4326 1391 13050 542 13050 544 13050 1391 4326 544 4326 546 4326 1393 13051 542 13052 1391 13053 1393 13054 2280 13055 541 13056 1393 13057 541 13057 542 13057 1565 13058 1569 13058 2218 13058 1565 13059 2218 13059 2219 13059 1565 13060 2219 13060 2222 13060 1565 13061 2222 13061 2224 13061 1565 13062 2224 13062 2226 13062 1565 13063 2226 13063 2227 13063 1565 4326 2227 4326 2230 4326 1565 13064 2230 13065 2232 13066 1565 4326 2232 4326 2234 4326 1565 4326 2234 4326 2236 4326 1565 13067 2236 13067 2238 13067 1565 4326 2238 4326 2240 4326 1565 13068 2240 13068 2242 13068 1565 13069 2242 13069 2244 13069 1565 13070 2244 13070 2246 13070 1565 13071 2246 13071 2248 13071 1565 13072 2248 13072 2250 13072 1394 4326 2280 4326 1393 4326 1394 4326 2276 4326 2278 4326 1394 13073 2278 13073 2280 13073 1396 4326 2276 4326 1394 4326 1396 13074 2272 13074 2274 13074 1396 13075 2274 13075 2276 13075 1398 4326 2272 4326 1396 4326 1398 13076 2270 13076 2272 13076 1559 13077 1398 13078 1400 13079 1559 13080 1400 13080 1402 13080 1559 13081 1565 13081 2250 13081 1559 4326 2270 4326 1398 4326 1559 13082 2250 13082 2252 13082 1559 13083 2252 13084 2254 13085 1559 13086 2254 13086 2256 13086 1559 13087 2256 13087 2258 13087 1559 13088 2258 13088 2260 13088 1559 13089 2260 13089 2262 13089 1559 13090 2262 13090 2264 13090 1559 13091 2264 13092 2266 13093 1559 13094 2266 13095 2268 13096 1559 13097 2268 13097 2270 13097 1404 13098 1559 13099 1402 13100 1405 4326 1559 4326 1404 4326 1197 13101 1199 13101 1620 13101 1201 4326 1620 4326 1199 4326 1204 4326 1620 4326 1201 4326 1195 13102 1197 13102 1620 13102 1193 13103 1195 13103 1620 13103 1205 4326 1620 4326 1204 4326 1207 13104 3067 13104 1620 13104 1207 13105 1620 13105 1205 13105 1192 4326 1193 4326 1620 4326 1209 13106 3067 13107 1207 13108 1189 4326 1192 4326 1620 4326 1211 13109 3067 13110 1209 13111 1187 4326 1189 4326 1620 4326 1213 13112 3067 13112 1211 13112 1186 4326 1187 4326 1620 4326 1215 13113 3067 13113 1213 13113 1183 4326 1186 4326 1620 4326 1217 4326 3067 4326 1215 4326 1181 13114 1183 13115 1620 13116 1219 4326 3067 4326 1217 4326 1179 12875 1181 12875 1620 12875 1221 13117 3067 13117 1219 13117 1177 13118 1179 13118 1620 13118 1175 13119 1177 13119 1620 13119 1224 4326 3067 4326 1221 4326 1623 4326 3067 4326 1224 4326 1625 13120 3067 13120 1623 13120 1619 13121 1175 13121 1620 13121 1619 13122 1171 13122 1174 13122 1619 13123 1174 13123 1175 13123 1169 13124 1171 13124 1619 13124 1627 4326 3067 4326 1625 4326 1168 13125 1169 13126 1619 13127 1629 4326 3067 4326 1627 4326 1166 13128 1168 13128 1619 13128 1631 13129 3067 13129 1629 13129 1163 13130 1166 13130 1619 13130 1633 13131 3067 13131 1631 13131 1162 13132 1163 13133 1619 13134 1635 13135 3067 13136 1633 13137 1160 13138 1162 13138 1619 13138 1637 13139 3067 13140 1635 13141 1158 13142 1160 13142 1619 13142 1156 13143 1158 13144 1619 13145 1154 13146 1156 13146 1619 13146 1152 13147 1154 13147 1619 13147 1150 13148 1152 13148 1619 13148 1148 13149 1150 13150 1619 13151 1146 4326 1148 4326 1619 4326 1144 4326 1146 4326 1619 4326 3069 13152 1637 13152 1639 13152 3069 4326 1639 4326 1641 4326 3069 4326 1641 4326 1643 4326 3069 13153 1643 13153 1646 13153 3069 13154 1646 13154 1647 13154 3069 13155 1647 13155 1649 13155 3069 13156 1649 13156 1651 13156 3069 13157 1651 13157 1653 13157 3069 13158 1653 13158 1655 13158 3069 13159 1655 13159 1657 13159 3069 13160 1657 13160 1660 13160 3069 13161 1660 13161 1662 13161 3069 13162 1662 13162 1664 13162 3069 13163 3067 13163 1637 13163 1666 13164 3069 13164 1664 13164 1668 13165 3069 13165 1666 13165 1670 13166 3069 13166 1668 13166 3065 4326 1144 4326 1619 4326 3065 13167 1702 13167 1704 13167 3065 13168 1704 13169 1706 13170 3065 13171 1706 13171 1708 13171 3065 13172 1708 13173 1710 13174 3065 13175 1710 13175 1712 13175 3065 13176 1712 13176 1714 13176 3065 13177 1714 13177 1716 13177 3065 13178 1716 13178 1127 13178 3065 13179 1127 13179 1129 13179 3065 13180 1129 13180 1131 13180 3065 13181 1131 13181 1134 13181 3065 13182 1134 13182 1136 13182 3065 13183 1136 13184 1138 13185 3065 13186 1138 13186 1140 13186 3065 13187 1140 13188 1142 13189 3065 13190 1142 13190 1144 13190 3070 13191 1670 13192 1672 13193 3070 13194 3069 13194 1670 13194 3070 13195 1672 13195 1674 13195 3070 13196 1674 13196 1676 13196 3070 13197 1676 13197 1678 13197 3070 13198 1678 13198 1680 13198 3070 13199 1680 13199 1682 13199 3070 13200 1682 13200 1684 13200 3070 13201 1684 13201 1686 13201 3070 13202 1686 13202 1688 13202 3070 13203 1688 13203 1690 13203 3070 13204 1690 13204 1692 13204 3070 13205 1692 13205 1694 13205 3070 13206 1694 13206 1696 13206 3070 13207 1696 13208 1698 13209 3070 13210 1698 13210 1700 13210 3070 13211 1700 13211 1702 13211 3070 4326 1702 4326 3065 4326 1103 13212 1615 13212 1101 13212 1099 13213 1101 13213 1615 13213 1105 13214 1615 13214 1103 13214 1098 13215 1099 13215 1615 13215 1108 13216 1615 13217 1105 13218 1096 13219 1098 13219 1615 13219 1109 4326 1615 4326 1108 4326 1093 13220 1615 13220 3059 13220 1093 13221 1096 13221 1615 13221 1111 13222 1615 13223 1109 13224 1091 4326 1093 4326 3059 4326 1113 4326 1615 4326 1111 4326 1089 4326 1091 4326 3059 4326 1116 4326 1615 4326 1113 4326 1087 4326 1089 4326 3059 4326 1117 13225 1615 13226 1116 13227 1086 13228 1087 13228 3059 13228 1119 13229 1615 13229 1117 13229 1083 4326 1086 4326 3059 4326 1121 4326 1615 4326 1119 4326 1082 4326 1083 4326 3059 4326 1123 4326 1615 4326 1121 4326 1079 4326 1082 4326 3059 4326 1077 4326 1079 4326 3059 4326 1125 4326 1615 4326 1123 4326 1075 4326 1077 4326 3059 4326 1073 4326 1075 4326 3059 4326 1616 13230 1125 13230 1717 13230 1616 13231 1717 13231 1719 13231 1616 4326 1615 4326 1125 4326 1721 4326 1616 4326 1719 4326 1071 4326 1073 4326 3059 4326 1070 13232 1071 13232 3059 13232 1723 13233 1616 13233 1721 13233 1067 13228 1070 13228 3059 13228 1725 13234 1616 13235 1723 13236 1065 4326 1067 4326 3059 4326 1728 4326 1616 4326 1725 4326 1064 13237 1065 13238 3059 13239 1729 4326 1616 4326 1728 4326 1062 4326 1064 4326 3059 4326 1732 13240 1616 13241 1729 13242 1733 4326 1616 4326 1732 4326 1735 13243 1616 13244 1733 13245 1738 13246 1616 13246 1735 13246 1739 13247 1616 13247 1738 13247 1741 13248 1616 13248 1739 13248 1743 13249 1616 13249 1741 13249 1746 13250 1616 13250 1743 13250 1747 13251 1616 13251 1746 13251 3064 13252 1036 13252 1038 13252 3064 13253 1038 13253 1040 13253 3064 13254 1040 13254 1042 13254 3064 13255 1042 13255 1044 13255 3064 13256 1044 13256 1045 13256 3064 13257 1045 13257 1048 13257 3064 13258 1048 13258 1050 13258 3064 13259 1050 13259 1052 13259 3064 13260 1052 13260 1054 13260 3064 13261 1054 13261 1056 13261 3064 13262 1056 13263 1058 13264 3064 13265 1058 13266 1060 13267 3064 13268 1060 13268 1062 13268 3064 13269 1062 13269 3059 13269 1034 13270 1036 13270 3064 13270 1032 13271 1034 13271 3064 13271 1031 13272 1032 13273 3064 13274 3061 13275 1747 13275 1750 13275 3061 13276 1750 13276 1752 13276 3061 13277 1752 13277 1754 13277 3061 13278 1754 13278 1756 13278 3061 13279 1756 13279 1758 13279 3061 4326 1758 4326 1760 4326 3061 13280 1760 13280 1762 13280 3061 4326 1762 4326 1764 4326 3061 4326 1764 4326 1766 4326 3061 4326 1766 4326 1768 4326 3061 4326 1768 4326 1770 4326 3061 13281 1770 13281 1772 13281 3061 13282 1772 13282 1773 13282 3061 13283 1773 13283 1776 13283 3061 13284 1776 13285 1778 13286 3061 13287 1778 13287 1780 13287 3061 13288 1616 13288 1747 13288 3063 13289 1780 13289 1782 13289 3063 13290 1782 13291 1784 13292 3063 13293 1784 13294 1786 13295 3063 13296 3061 13296 1780 13296 3063 13297 1786 13297 1788 13297 3063 13298 1788 13298 1790 13298 3063 13299 1790 13299 1792 13299 3063 13300 1792 13300 1794 13300 3063 13301 1794 13301 1796 13301 3063 13302 1796 13302 1798 13302 3063 13303 1798 13303 1800 13303 3063 13304 1800 13304 1802 13304 3063 13305 1802 13305 1804 13305 3063 13306 1804 13306 1806 13306 3063 13307 1806 13307 1808 13307 3063 13308 1808 13308 1810 13308 3063 13309 1810 13310 1031 13311 3063 4326 1031 4326 3064 4326 1001 13312 1003 13313 3058 13314 1005 4326 3058 4326 1003 4326 1008 4326 3058 4326 1005 4326 999 13102 1001 13102 3058 13102 1009 4326 3058 4326 1008 4326 997 13103 999 13103 3058 13103 1011 13315 3053 13315 3058 13315 1011 13316 3058 13316 1009 13316 996 4326 997 4326 3058 4326 1013 13317 3053 13318 1011 13319 993 4326 996 4326 3058 4326 1015 13320 3053 13321 1013 13322 991 4326 993 4326 3058 4326 1017 13323 3053 13323 1015 13323 990 4326 991 4326 3058 4326 1019 13324 3053 13324 1017 13324 987 4326 990 4326 3058 4326 1021 4326 3053 4326 1019 4326 985 13114 987 13115 3058 13116 1023 4326 3053 4326 1021 4326 983 12875 985 12875 3058 12875 1025 13325 3053 13325 1023 13325 981 13118 983 13118 3058 13118 1028 4326 3053 4326 1025 4326 979 13326 981 13326 3058 13326 1811 4326 3053 4326 1028 4326 1813 13327 3053 13327 1811 13327 3057 13328 979 13328 3058 13328 3057 13122 975 13122 978 13122 3057 13329 978 13329 979 13329 1815 4326 3053 4326 1813 4326 973 13124 975 13124 3057 13124 1817 4326 3053 4326 1815 4326 972 13330 973 13126 3057 13127 1819 13331 3053 13331 1817 13331 970 13128 972 13128 3057 13128 1821 13332 3053 13332 1819 13332 967 13130 970 13130 3057 13130 1823 13333 3053 13334 1821 13335 966 13336 967 13337 3057 13338 1825 13339 3053 13340 1823 13341 964 13138 966 13138 3057 13138 962 13342 964 13343 3057 13344 960 4326 962 4326 3057 4326 958 4326 960 4326 3057 4326 956 12907 958 12907 3057 12907 954 13345 956 13345 3057 13345 952 4326 954 4326 3057 4326 950 4326 952 4326 3057 4326 948 4326 950 4326 3057 4326 1611 13346 1825 13346 1827 13346 1611 4326 1827 4326 1829 4326 1611 4326 1829 4326 1831 4326 1611 13153 1831 13153 1834 13153 1611 13347 1834 13348 1835 13349 1611 13155 1835 13155 1837 13155 1611 13156 1837 13156 1839 13156 1611 13157 1839 13157 1841 13157 1611 13350 1841 13350 1843 13350 1611 13351 1843 13351 1845 13351 1611 13160 1845 13160 1848 13160 1611 13161 1848 13161 1850 13161 1611 13162 1850 13162 1852 13162 1611 13352 3053 13352 1825 13352 1854 13164 1611 13164 1852 13164 1856 13165 1611 13165 1854 13165 1858 13353 1611 13353 1856 13353 3055 4326 948 4326 3057 4326 3055 13354 1890 13354 1892 13354 3055 13355 1892 13356 1894 13357 3055 13358 1894 13358 1896 13358 3055 13359 1896 13360 1898 13361 3055 13362 1898 13362 1900 13362 3055 13363 1900 13363 1902 13363 3055 13364 1902 13364 1904 13364 3055 13365 1904 13366 931 13367 3055 13368 931 13368 933 13368 3055 13369 933 13369 935 13369 3055 13370 935 13370 938 13370 3055 13371 938 13371 940 13371 3055 13372 940 13373 942 13374 3055 13375 942 13375 944 13375 3055 13376 944 13377 946 13378 3055 13379 946 13379 948 13379 1612 13380 1858 13380 1860 13380 1612 13195 1860 13195 1862 13195 1612 13196 1862 13196 1864 13196 1612 13197 1864 13197 1866 13197 1612 13198 1866 13198 1868 13198 1612 13199 1868 13199 1870 13199 1612 13381 1870 13382 1872 13383 1612 13384 1872 13384 1874 13384 1612 13385 1874 13386 1876 13387 1612 4326 1876 4326 1878 4326 1612 13388 1878 13388 1880 13388 1612 13389 1880 13389 1882 13389 1612 13390 1882 13390 1884 13390 1612 13391 1884 13391 1886 13391 1612 13210 1886 13210 1888 13210 1612 13392 1888 13392 1890 13392 1612 13393 1611 13393 1858 13393 1612 4326 1890 4326 3055 4326 903 13394 905 13395 3051 13396 907 4326 3051 4326 905 4326 902 4326 903 4326 3051 4326 909 13397 3051 13397 907 13397 912 4326 3051 4326 909 4326 900 13398 902 13398 3051 13398 913 4326 3051 4326 912 4326 897 13399 3051 13399 3049 13399 897 4326 900 4326 3051 4326 915 4326 3051 4326 913 4326 895 13400 897 13400 3049 13400 917 4326 3051 4326 915 4326 893 13401 895 13401 3049 13401 920 13402 3051 13403 917 13404 891 13405 893 13406 3049 13407 921 4326 3051 4326 920 4326 890 13228 891 13228 3049 13228 923 13408 3051 13408 921 13408 887 4326 890 4326 3049 4326 925 13409 3051 13410 923 13411 886 4326 887 4326 3049 4326 927 13412 3051 13413 925 13414 883 13415 886 13415 3049 13415 929 13416 3051 13417 927 13418 881 4326 883 4326 3049 4326 879 4326 881 4326 3049 4326 877 13419 879 13419 3049 13419 3052 13420 929 13420 1905 13420 3052 13421 1905 13422 1907 13423 3052 4326 3051 4326 929 4326 1909 13424 3052 13425 1907 13426 875 4326 877 4326 3049 4326 1911 13229 3052 13229 1909 13229 874 4326 875 4326 3049 4326 1913 4326 3052 4326 1911 4326 871 4326 874 4326 3049 4326 1915 13427 3052 13428 1913 13429 869 4326 871 4326 3049 4326 1917 4326 3052 4326 1915 4326 868 4326 869 4326 3049 4326 1919 4326 3052 4326 1917 4326 866 4326 868 4326 3049 4326 1921 13430 3052 13430 1919 13430 1923 4326 3052 4326 1921 4326 1925 13431 3052 13431 1923 13431 1928 4326 3052 4326 1925 4326 1929 13432 3052 13433 1928 13434 1931 4326 3052 4326 1929 4326 1933 13435 3052 13435 1931 13435 1935 4326 3052 4326 1933 4326 1609 13436 840 13436 842 13436 1609 13437 842 13437 844 13437 1609 4326 844 4326 846 4326 1609 13438 846 13438 848 13438 1609 13439 848 13439 849 13439 1609 13440 849 13440 852 13440 1609 13441 852 13441 854 13441 1609 13442 854 13442 856 13442 1609 13443 856 13443 858 13443 1609 13444 858 13444 860 13444 1609 13445 860 13445 862 13445 1609 13446 862 13446 864 13446 1609 13447 864 13447 866 13447 1609 13448 866 13448 3049 13448 838 13449 840 13449 1609 13449 836 4326 838 4326 1609 4326 835 4326 836 4326 1609 4326 3047 13450 3052 13450 1935 13450 3047 13451 1935 13451 1937 13451 3047 13452 1937 13453 1939 13454 3047 13455 1939 13456 1942 13457 3047 13458 1942 13458 1944 13458 3047 4326 1944 4326 1946 4326 3047 4326 1946 4326 1948 4326 3047 13459 1948 13459 1950 13459 3047 4326 1950 4326 1952 4326 3047 4326 1952 4326 1954 4326 3047 13460 1954 13460 1956 13460 3047 13461 1956 13461 1958 13461 3047 4326 1958 4326 1960 4326 3047 13462 1960 13462 1962 13462 3047 4326 1962 4326 1964 4326 3047 13463 1964 13463 1966 13463 3047 13464 1966 13464 1968 13464 1608 13465 3047 13465 1968 13465 1608 13466 1968 13466 1970 13466 1608 13467 1970 13467 1972 13467 1608 13468 1972 13468 1974 13468 1608 13469 1974 13469 1976 13469 1608 13470 1976 13470 1978 13470 1608 13471 1978 13471 1980 13471 1608 13472 1980 13472 1982 13472 1608 13473 1982 13473 1984 13473 1608 13474 1984 13474 1986 13474 1608 4326 835 4326 1609 4326 1608 13475 1986 13475 1988 13475 1608 4326 1988 4326 1990 4326 1608 13476 1990 13476 1992 13476 1608 13477 1992 13477 1994 13477 1608 13478 1994 13478 1996 13478 1608 13479 1996 13479 1998 13479 1608 13480 1998 13480 835 13480 1607 13481 4542 13481 4543 13481 1607 13482 4543 13482 4544 13482 1607 13483 4544 13483 4545 13483 1607 13484 4545 13484 4546 13484 1607 13485 4546 13485 4547 13485 1607 13486 4547 13486 4548 13486 1607 13487 3050 13487 4549 13487 1607 13488 4549 13488 4550 13488 1607 13489 4550 13489 4551 13489 1607 13490 4551 13490 4552 13490 1607 13491 4552 13491 4542 13491 1564 13492 4553 13492 4554 13492 1564 13493 4554 13493 4555 13493 1564 13494 4555 13494 4556 13494 1564 13495 4556 13495 4557 13495 1564 13496 4557 13496 3037 13496 1568 13497 4548 13497 4553 13497 1568 13498 4553 13498 1564 13498 1568 4326 1607 4326 4548 4326 1562 13499 1568 13499 1564 13499 1610 4326 1607 4326 1568 4326 1610 13500 4558 13500 4559 13500 1610 13501 4559 13501 4560 13501 1610 13502 4560 13502 4561 13502 1610 13503 4561 13503 4562 13503 1610 13504 4562 13504 4563 13504 1610 13505 4563 13505 4564 13505 1610 13506 4564 13506 4565 13506 1610 13507 4565 13507 4566 13507 1610 13508 4566 13508 3048 13508 4567 4326 4558 4326 1610 4326 1570 4326 1610 4326 1568 4326 4568 4326 4567 4326 1610 4326 4568 4326 1610 4326 1570 4326 4569 4326 4568 4326 1570 4326 1566 13509 4570 13509 4571 13509 1566 13510 4571 13510 4569 13510 1566 13511 4569 13511 1570 13511 4572 13512 4570 13512 1566 13512 4573 13513 4572 13513 1566 13513 1406 13514 1560 13514 1407 13514 4574 13515 4573 13515 1566 13515 1411 4326 1560 4326 1406 4326 1413 13516 1560 13517 1411 13518 1415 13519 1566 13519 1560 13519 1415 13520 1560 13520 1413 13520 4575 13521 4574 13521 1566 13521 1417 13522 1566 13522 1415 13522 1419 13523 1566 13524 1417 13525 1421 13526 1566 13526 1419 13526 4576 13527 4575 13527 1566 13527 1423 13528 1566 13529 1421 13530 1425 13531 1566 13531 1423 13531 4577 13532 4576 13532 1566 13532 1596 13533 1437 13533 1439 13533 1596 4326 1439 4326 1440 4326 1596 13534 1440 13534 1442 13534 1596 4326 1442 4326 1444 4326 1602 4326 1425 4326 1427 4326 1602 4326 1427 4326 1429 4326 1602 4326 1429 4326 1431 4326 1602 13535 1431 13535 1433 13535 1602 4326 1433 4326 1435 4326 1602 13536 1435 13536 1437 13536 1602 13537 1566 13537 1425 13537 1602 13538 4577 13538 1566 13538 1602 13539 1437 13539 1596 13539 1602 13540 4578 13540 4579 13540 1602 13541 4579 13541 4580 13541 1602 13542 4580 13542 4581 13542 1602 13543 4581 13543 4577 13543 4582 13544 4578 13544 1602 13544 4583 13545 4582 13545 1602 13545 4584 13546 4583 13546 1602 13546 1604 13547 4584 13547 1602 13547 1604 13548 4585 13548 4584 13548 1622 13549 4586 13549 4585 13549 1622 13550 4585 13550 1604 13550 4587 13551 4586 13551 1622 13551 4588 13552 4587 13553 1622 13554 4589 4326 4588 4326 1622 4326 4590 13555 4589 13555 1622 13555 4591 4326 4590 4326 1622 4326 4592 13556 4591 13556 1622 13556 4593 13557 4592 13557 1622 13557 4594 13558 4593 13558 1622 13558 4595 4326 4594 4326 1622 4326 3068 13559 4595 13559 1622 13559 1605 13560 1622 13560 1604 13560 1597 4326 1605 4326 1600 4326 1621 13560 1622 13560 1605 13560 4596 4326 4597 4326 1621 4326 4598 4326 1621 4326 4597 4326 4599 13561 4596 13562 1621 13563 4600 4326 1621 4326 4598 4326 4601 4326 4599 4326 1621 4326 3066 13564 1621 13564 4600 13564 4602 4326 4601 4326 1621 4326 4603 4326 4602 4326 1621 4326 4604 4326 4603 4326 1621 4326 4605 4326 4604 4326 1621 4326 4606 4326 1621 4326 1605 4326 4606 4326 4605 4326 1621 4326 4607 13565 4606 13565 1605 13565 4607 13566 1605 13566 1597 13566 4608 13567 4607 13567 1597 13567 4609 13568 4608 13568 1597 13568 4610 4326 4609 4326 1597 4326 4611 4326 4610 4326 1597 4326 3033 13569 4611 13569 1597 13569 2817 13570 2821 13570 4587 13570 4587 13571 2821 13571 4586 13571 4586 13572 2824 13572 4585 13572 2821 13573 2824 13573 4586 13573 4585 13574 2842 13574 4584 13574 2824 13575 2842 13575 4585 13575 4584 13576 2834 13576 4583 13576 2842 13576 2834 13576 4584 13576 4583 13577 2835 13577 4582 13577 2834 13578 2835 13578 4583 13578 4582 13579 2836 13579 4578 13579 2835 13580 2836 13580 4582 13580 4578 13581 2837 13581 4579 13581 2836 13582 2837 13582 4578 13582 4579 13583 2838 13583 4580 13583 4580 13584 2838 13584 4581 13584 2837 13585 2838 13585 4579 13585 2838 13586 2839 13586 4581 13586 4581 13587 2840 13587 4577 13587 2839 13588 2840 13588 4581 13588 4577 13589 2841 13589 4576 13589 4576 13590 2841 13590 4575 13590 2840 13591 2841 13591 4577 13591 2841 13592 2833 13592 4575 13592 2833 13593 2832 13593 4575 13593 4575 13593 2832 13593 4574 13593 4574 13594 2832 13594 4573 13594 2832 13595 2831 13595 4573 13595 2831 13596 2830 13596 4573 13596 4573 13597 2830 13597 4572 13597 4572 13598 2830 13598 4570 13598 2830 13599 2829 13599 4570 13599 4570 13600 2829 13600 4571 13600 2829 13601 2828 13601 4571 13601 4571 13602 2827 13602 4569 13602 2828 13603 2827 13603 4571 13603 4569 13604 2826 13604 4568 13604 2827 13605 2826 13605 4569 13605 4568 13606 2822 13606 4567 13606 2826 13607 2822 13607 4568 13607 2822 13608 2819 13609 4567 13610 4567 13611 2819 13611 4558 13611 2764 13612 2763 13612 3033 13612 3033 13613 2763 13613 4611 13613 4611 13614 2767 13614 4610 13614 2763 13614 2767 13614 4611 13614 4610 13615 2769 13615 4609 13615 2767 13616 2769 13616 4610 13616 4609 13617 2770 13617 4608 13617 2769 13618 2770 13618 4609 13618 4608 13619 2772 13619 4607 13619 2770 13620 2772 13620 4608 13620 4607 13621 2774 13621 4606 13621 2772 13621 2774 13621 4607 13621 4606 13622 2795 13622 4605 13622 2774 13623 2795 13624 4606 13625 4605 13626 2783 13626 4604 13626 2795 13627 2783 13627 4605 13627 2779 13628 2798 13628 4546 13628 4546 13629 2798 13629 4547 13629 4547 13630 2776 13630 4548 13630 2798 13631 2776 13631 4547 13631 4548 13632 2775 13632 4553 13632 2776 13633 2775 13633 4548 13633 4553 13634 2773 13634 4554 13634 2775 13634 2773 13634 4553 13634 4554 13635 2771 13635 4555 13635 2773 13636 2771 13636 4554 13636 4555 13637 2768 13637 4556 13637 2771 13638 2768 13638 4555 13638 4556 13639 2766 13639 4557 13639 2768 13640 2766 13640 4556 13640 4557 13641 2765 13641 3037 13641 2766 13641 2765 13641 4557 13641 2744 13642 2747 13642 4612 13642 4612 13643 2747 13643 4613 13643 4613 13644 2749 13644 4614 13644 2747 13645 2749 13645 4613 13645 4614 13646 2751 13646 4615 13646 2749 13647 2751 13647 4614 13647 4615 13648 2753 13648 4616 13648 2751 13648 2753 13648 4615 13648 4616 13649 2755 13649 4617 13649 2753 13650 2755 13650 4616 13650 4617 13651 2757 13651 4618 13651 2755 13652 2757 13652 4617 13652 4618 13653 2759 13653 4619 13653 2757 13654 2759 13654 4618 13654 4619 13655 2761 13655 3035 13655 2759 13656 2761 13656 4619 13656 2762 13657 2760 13657 3036 13657 3036 13658 2760 13658 4620 13658 4620 13659 2758 13659 4621 13659 2760 13660 2758 13660 4620 13660 4621 13661 2756 13661 4622 13661 2758 13662 2756 13662 4621 13662 4622 13663 2754 13663 4623 13663 4623 13664 2754 13664 4624 13664 2756 13665 2754 13665 4622 13665 2754 13666 2752 13666 4624 13666 4624 13667 2750 13667 4625 13667 2752 13668 2750 13668 4624 13668 4625 13669 2748 13669 4626 13669 2750 13670 2748 13670 4625 13670 4626 13671 2746 13671 4627 13671 2748 13672 2746 13672 4626 13672 2711 13673 2704 13673 4628 13673 4628 13674 2704 13674 4629 13674 4629 13675 2702 13675 4630 13675 2704 13676 2702 13677 4629 13678 4630 13679 2698 13679 4631 13679 2702 13680 2698 13680 4630 13680 4631 13681 2696 13681 4632 13681 2698 13682 2696 13682 4631 13682 4632 13683 2694 13683 4633 13683 2696 13684 2694 13684 4632 13684 4633 13685 2692 13685 4634 13685 2694 13686 2692 13686 4633 13686 4634 13687 2690 13687 4635 13687 2692 13688 2690 13688 4634 13688 4635 13689 2688 13689 4636 13689 2690 13690 2688 13690 4635 13690 4636 13691 2686 13691 4637 13691 2688 13692 2686 13692 4636 13692 4637 13693 2684 13693 4638 13693 2686 13694 2684 13694 4637 13694 4638 13695 2683 13695 4639 13695 2684 13696 2683 13696 4638 13696 4639 13697 2685 13697 4640 13697 2683 13698 2685 13698 4639 13698 2685 13699 2687 13699 4640 13699 4640 13700 2687 13700 4641 13700 4641 13701 2687 13701 4642 13701 2687 13702 2689 13702 4642 13702 2689 13703 2691 13703 4642 13703 4642 13704 2691 13704 4643 13704 2691 13705 2693 13705 4643 13705 4643 13706 2693 13706 4644 13706 4644 13707 2693 13707 4645 13707 2693 13708 2695 13708 4645 13708 2695 13709 2697 13709 4645 13709 4645 13710 2697 13710 4646 13710 4646 13711 2697 13711 4647 13711 2697 13712 2701 13712 4647 13712 2701 13713 2703 13713 4647 13713 4647 13714 2703 13714 4648 13714 2703 13715 2705 13715 4648 13715 4648 13716 2705 13716 4649 13716 1613 13717 4625 13718 4626 13719 1613 13720 4626 13720 4627 13720 1613 13721 4627 13721 4650 13721 1613 13722 4650 13722 4651 13722 1613 13723 4651 13723 4652 13723 1613 13724 4652 13724 4653 13724 1613 13725 4653 13725 4654 13725 1613 13726 4654 13726 4655 13726 1613 13727 4655 13727 4656 13727 1613 13728 4656 13728 4657 13728 1613 13729 4657 13729 3054 13729 1578 13730 4623 13730 4624 13730 1578 13731 4624 13731 4625 13731 1578 13732 4625 13732 1613 13732 1582 13733 3036 13733 4620 13733 1582 13734 4620 13734 4621 13734 1582 13735 4621 13735 4622 13735 1582 13736 4622 13736 4623 13736 1580 13737 1582 13737 4623 13737 1580 13738 4623 13738 1578 13738 1614 13739 3056 13739 4658 13739 1614 4326 4658 4326 4659 4326 1614 13740 4659 13740 4660 13740 1614 13741 4660 13741 4661 13741 1614 13742 4661 13743 4662 13744 1614 13745 4662 13745 4663 13745 1614 13746 4663 13746 4664 13746 1614 13747 4664 13747 4665 13747 1614 13748 4665 13748 4628 13748 4629 4326 1614 4326 4628 4326 1576 13560 1613 13560 1614 13560 1576 13560 1578 13560 1613 13560 4630 4326 1576 4326 1614 4326 4630 4326 1614 4326 4629 4326 4631 13749 1576 13749 4630 13749 1574 13750 4631 13750 4632 13750 1574 13751 4632 13751 4633 13751 1574 13752 1576 13752 4631 13752 4634 13753 1574 13753 4633 13753 4635 13754 1574 13754 4634 13754 1275 4326 1277 4326 1572 4326 4636 13755 1574 13755 4635 13755 1273 13756 1275 13757 1572 13758 1272 4326 1273 4326 1572 4326 1270 4326 1572 4326 1574 4326 1270 13759 1272 13760 1572 13761 4637 13762 1574 13762 4636 13762 1268 4326 1270 4326 1574 4326 1266 13763 1268 13764 1574 13765 1264 13766 1266 13766 1574 13766 4638 13767 1574 13767 4637 13767 1262 13768 1264 13768 1574 13768 1260 13769 1262 13769 1574 13769 1258 13770 1260 13770 1574 13770 1584 13771 1240 13772 1239 13773 1584 13774 1239 13775 1244 13776 1584 13777 1244 13777 1246 13777 1584 13778 1246 13778 1248 13778 1590 13779 1574 13779 4638 13779 1590 13780 1258 13780 1574 13780 1590 13781 4638 13781 4639 13781 1590 13782 4639 13782 4640 13782 1590 13783 4640 13783 4641 13783 1590 13784 4641 13784 4642 13784 1590 13785 4642 13785 4643 13785 1590 13786 1584 13786 1248 13786 1590 13787 1248 13787 1250 13787 1590 13788 1250 13788 1252 13788 1590 13789 1252 13789 1254 13789 1590 13790 1254 13791 1256 13792 1590 13793 1256 13793 1258 13793 4644 13794 1590 13794 4643 13794 4645 13795 1590 13795 4644 13795 4646 13796 1590 13796 4645 13796 1593 13797 4646 13797 4647 13797 1593 13798 1590 13798 4646 13798 1617 13799 1593 13799 4647 13799 1617 13800 4647 13800 4648 13800 4649 13801 1617 13801 4648 13801 4666 13802 1617 13803 4649 13804 4667 13805 1617 13806 4666 13807 4668 13808 1617 13808 4667 13808 4669 13809 1617 13809 4668 13809 4670 13810 1617 13810 4669 13810 4671 13811 1617 13811 4670 13811 4672 13812 1617 13812 4671 13812 4673 13813 1617 13813 4672 13813 3060 13814 1617 13814 4673 13814 1588 13499 1585 13499 1592 13499 1618 4326 1593 4326 1617 4326 1618 4326 1592 4326 1593 4326 4674 13815 1618 13815 4675 13815 4676 13816 4675 13816 1618 13816 4677 13817 1618 13817 4674 13817 4678 13818 4676 13818 1618 13818 4679 13819 1618 13819 4677 13819 3062 13820 4678 13820 1618 13820 4680 13821 1618 13821 4679 13821 4681 13822 1618 13823 4680 13824 4612 13825 1618 13826 4681 13827 4613 13828 1618 13828 4612 13828 4614 13829 1592 13829 1618 13829 4614 13830 1618 13830 4613 13830 4615 13831 1592 13831 4614 13831 4615 13832 1588 13832 1592 13832 4616 13833 1588 13833 4615 13833 4617 13834 1588 13834 4616 13834 4618 13835 1588 13835 4617 13835 4619 13836 1588 13836 4618 13836 3035 13837 1588 13837 4619 13837 3050 13838 2797 13839 2794 13840 4549 13841 2794 13841 2792 13841 4549 13842 3050 13842 2794 13842 4550 13843 2792 13844 2791 13845 4550 13846 4549 13846 2792 13846 4551 13847 2791 13847 2787 13847 4551 13848 4550 13848 2791 13848 4552 13849 2787 13849 2788 13849 4552 13850 4551 13851 2787 13852 4542 13853 2788 13854 2786 13855 4542 13856 4552 13857 2788 13858 4543 13859 2786 13860 2778 13861 4543 13862 4542 13863 2786 13864 4544 13865 2778 13866 2777 13867 4544 13868 4543 13869 2778 13870 4545 13871 4544 13872 2777 13873 4546 13874 2777 13874 2779 13874 4546 13875 4545 13875 2777 13875 2805 13876 3048 13877 4566 13878 2805 13879 2812 13880 3048 13881 2806 13882 4566 13883 4565 13884 2806 13885 2805 13886 4566 13887 2804 13888 4565 13889 4564 13890 2804 13891 2806 13891 4565 13891 2811 13892 4564 13893 4563 13894 2811 13895 2804 13895 4564 13895 2813 13896 4563 13897 4562 13898 2813 13899 2811 13899 4563 13899 2814 13900 4561 13901 4560 13902 2814 13903 4562 13904 4561 13905 2814 13906 2813 13906 4562 13906 2818 13907 4560 13908 4559 13909 2818 13910 2814 13911 4560 13912 2820 13913 4559 13913 4558 13913 2820 13914 2818 13915 4559 13916 2819 13917 2820 13917 4558 13917 2729 13918 3054 13918 4657 13918 2729 13919 2728 13920 3054 13921 2730 13922 4657 13922 4656 13922 2730 13923 2729 13924 4657 13925 2731 13926 4656 13927 4655 13928 2731 13929 2730 13929 4656 13929 2739 13930 4655 13931 4654 13932 2739 13933 2731 13933 4655 13933 2740 13934 4654 13934 4653 13934 2740 13934 2739 13934 4654 13934 2738 13935 4653 13936 4652 13937 2738 13938 2740 13939 4653 13940 2743 13941 4652 13942 4651 13943 2743 13944 2738 13945 4652 13946 2742 13947 4651 13947 4650 13947 2742 13948 2743 13948 4651 13948 2746 13949 4650 13949 4627 13949 2746 13949 2742 13949 4650 13949 3056 13950 2709 13950 2717 13950 4658 13951 2717 13951 2716 13951 4658 13952 3056 13952 2717 13952 4659 13953 2716 13953 2724 13953 4659 13954 4658 13955 2716 13956 4660 13957 2724 13957 2720 13957 4660 13958 4659 13958 2724 13958 4661 13959 2720 13959 2715 13959 4661 13960 4660 13961 2720 13962 4662 13963 2715 13963 2714 13963 4662 13964 4661 13965 2715 13966 4663 13967 2714 13968 2712 13969 4663 13970 4662 13971 2714 13972 4664 13973 2712 13974 2710 13975 4664 13976 4663 13976 2712 13976 4665 13977 2710 13977 2711 13977 4665 13978 4664 13978 2710 13978 4628 13979 4665 13979 2711 13979 2722 13980 3060 13980 4673 13980 2722 13981 2708 13982 3060 13983 2723 13984 4673 13984 4672 13984 2723 13985 2722 13985 4673 13985 2721 13986 4672 13986 4671 13986 2721 13987 2723 13988 4672 13989 2718 13990 4671 13991 4670 13992 2718 13993 2721 13993 4671 13993 2719 13994 4670 13994 4669 13994 2719 13995 2718 13996 4670 13997 2713 13998 4669 13998 4668 13998 2713 13999 2719 14000 4669 14001 2706 14002 4667 14003 4666 14004 2706 14005 4668 14005 4667 14005 2706 14006 2713 14007 4668 14008 2707 14009 2706 14009 4666 14009 2705 14010 4666 14011 4649 14012 2705 14013 2707 14013 4666 14013 4678 14014 2727 14015 2736 14016 4678 14017 3062 14018 2727 14019 4676 14020 2736 14021 2732 14022 4676 14023 4678 14024 2736 14025 4675 14026 2734 14026 2733 14026 4675 14027 2732 14028 2734 14029 4675 14030 4676 14030 2732 14030 4674 14031 2733 14032 2735 14033 4674 14034 4675 14035 2733 14036 4677 14037 2735 14038 2737 14039 4677 14040 4674 14040 2735 14040 4679 14041 2737 14042 2741 14043 4679 14044 4677 14044 2737 14044 4680 14045 2741 14046 2745 14046 4680 14047 4679 14048 2741 14049 4681 14050 4680 14051 2745 14052 4612 14053 2745 14053 2744 14053 4612 14054 4681 14055 2745 14056 2796 14057 3066 14057 4600 14057 2793 14058 4600 14059 4598 14060 2793 14061 2796 14062 4600 14063 2789 14064 4598 14064 4597 14064 2789 14065 2793 14066 4598 14067 2790 14068 4597 14068 4596 14068 2790 14069 2789 14069 4597 14069 2785 14070 4596 14071 4599 14072 2785 14073 2790 14074 4596 14075 2784 14076 4599 14077 4601 14078 2784 14079 2785 14079 4599 14079 2781 14080 4601 14081 4602 14082 2781 14083 2784 14084 4601 14085 2782 14086 4602 14087 4603 14088 2782 14089 2781 14090 4602 14091 2780 14092 4603 14093 4604 14094 2780 14095 2782 14096 4603 14097 2783 14098 2780 14099 4604 14100 3068 14101 2809 14101 2810 14101 4595 14102 2810 14102 2808 14102 4595 14103 3068 14103 2810 14103 4594 14104 2808 14104 2801 14104 4594 14105 4595 14106 2808 14107 4593 14108 2801 14108 2803 14108 4593 14109 4594 14109 2801 14109 4592 14110 2803 14110 2802 14110 4592 14111 4593 14112 2803 14113 4591 14114 4592 14115 2802 14116 4590 14117 2807 14118 2816 14119 4590 14120 2802 14121 2807 14122 4590 14123 4591 14124 2802 14125 4589 14126 4590 14127 2816 14128 4588 14129 2815 14130 2817 14131 4588 14132 2816 14132 2815 14132 4588 14133 4589 14134 2816 14135 4587 14136 4588 14137 2817 14138</p>
        </triangles>
      </mesh>
    </geometry>
  </library_geometries>
  <library_visual_scenes>
    <visual_scene id="Scene" name="Scene">
      <node id="node0_005" name="node0.005" type="NODE">
        <matrix sid="transform">-4.37128e-8 0 -1 0 0 1 0 -2.98023e-8 1.000032 0 -4.37114e-8 -1.49012e-8 0 0 0 1</matrix>
        <instance_geometry url="#Part__Feature469_001-mesh" name="node0.005">
          <bind_material>
            <technique_common>
              <instance_material symbol="Part__Feature469_001-material" target="#Part__Feature469_001-material"/>
            </technique_common>
          </bind_material>
        </instance_geometry>
      </node>
    </visual_scene>
  </library_visual_scenes>
  <scene>
    <instance_visual_scene url="#Scene"/>
  </scene>
</COLLADA>